<?xml version="1.0" encoding="utf-8"?>
<COLLADA xmlns="http://www.collada.org/2005/11/COLLADASchema" version="1.4.1">
  <asset>
    <created>2025-01-01</created>
    <modified>2025-01-01</modified>
    <unit name="meter" meter="1"/>
    <up_axis>Z_UP</up_axis>
  </asset>

  <library_effects>
    <effect id="hull_effect">
      <profile_COMMON>
        <technique sid="common">
          <phong>
            <emission><color>0 0 0 1</color></emission>
            <ambient><color>0.1 0.1 0.1 1</color></ambient>
            <diffuse><color>0.25 0.27 0.3 1.0</color></diffuse>
            <specular><color>0.4 0.4 0.4 1</color></specular>
            <shininess><float>40</float></shininess>
          </phong>
        </technique>
      </profile_COMMON>
    </effect>
  </library_effects>

  <library_materials>
    <material id="hull_mat" name="hull_mat">
      <instance_effect url="#hull_effect"/>
    </material>
  </library_materials>

  <library_geometries>
    <geometry id="hull" name="hull">
      <mesh>
        <source id="hull-positions">
          <float_array id="hull-positions-array" count="3006">
            -3.112500 0.013750 -0.000000 -3.112500 0.013632 -0.001827 -3.112500 0.013281 -0.003623 -3.112500 0.012703 -0.005358 -3.112500 0.011908 -0.007000 -3.112500 0.010909 -0.008523 -3.112500 0.009723 -0.009899 -3.112500 0.008370 -0.011107 -3.112500 0.006875 -0.012124 -3.112500 0.005262 -0.012934 -3.112500 0.003559 -0.013523 -3.112500 0.001795 -0.013880 -3.112500 0.000000 -0.014000 -3.112500 -0.001795 -0.013880 -3.112500 -0.003559 -0.013523 -3.112500 -0.005262 -0.012934 -3.112500 -0.006875 -0.012124 -3.112500 -0.008370 -0.011107 -3.112500 -0.009723 -0.009899 -3.112500 -0.010909 -0.008523 -3.112500 -0.011908 -0.007000 -3.112500 -0.012703 -0.005358 -3.112500 -0.013281 -0.003623 -3.112500 -0.013632 -0.001827 -3.112500 -0.013750 -0.000000 -2.952885 0.013750 -0.000000 -2.952885 0.013632 -0.001827 -2.952885 0.013281 -0.003623 -2.952885 0.012703 -0.005358 -2.952885 0.011908 -0.007000 -2.952885 0.010909 -0.008523 -2.952885 0.009723 -0.009899 -2.952885 0.008370 -0.011107 -2.952885 0.006875 -0.012124 -2.952885 0.005262 -0.012934 -2.952885 0.003559 -0.013523 -2.952885 0.001795 -0.013880 -2.952885 0.000000 -0.014000 -2.952885 -0.001795 -0.013880 -2.952885 -0.003559 -0.013523 -2.952885 -0.005262 -0.012934 -2.952885 -0.006875 -0.012124 -2.952885 -0.008370 -0.011107 -2.952885 -0.009723 -0.009899 -2.952885 -0.010909 -0.008523 -2.952885 -0.011908 -0.007000 -2.952885 -0.012703 -0.005358 -2.952885 -0.013281 -0.003623 -2.952885 -0.013632 -0.001827 -2.952885 -0.013750 -0.000000 -2.793269 0.013750 -0.000000 -2.793269 0.013632 -0.001827 -2.793269 0.013281 -0.003623 -2.793269 0.012703 -0.005358 -2.793269 0.011908 -0.007000 -2.793269 0.010909 -0.008523 -2.793269 0.009723 -0.009899 -2.793269 0.008370 -0.011107 -2.793269 0.006875 -0.012124 -2.793269 0.005262 -0.012934 -2.793269 0.003559 -0.013523 -2.793269 0.001795 -0.013880 -2.793269 0.000000 -0.014000 -2.793269 -0.001795 -0.013880 -2.793269 -0.003559 -0.013523 -2.793269 -0.005262 -0.012934 -2.793269 -0.006875 -0.012124 -2.793269 -0.008370 -0.011107 -2.793269 -0.009723 -0.009899 -2.793269 -0.010909 -0.008523 -2.793269 -0.011908 -0.007000 -2.793269 -0.012703 -0.005358 -2.793269 -0.013281 -0.003623 -2.793269 -0.013632 -0.001827 -2.793269 -0.013750 -0.000000 -2.633654 0.013750 -0.000000 -2.633654 0.013632 -0.001827 -2.633654 0.013281 -0.003623 -2.633654 0.012703 -0.005358 -2.633654 0.011908 -0.007000 -2.633654 0.010909 -0.008523 -2.633654 0.009723 -0.009899 -2.633654 0.008370 -0.011107 -2.633654 0.006875 -0.012124 -2.633654 0.005262 -0.012934 -2.633654 0.003559 -0.013523 -2.633654 0.001795 -0.013880 -2.633654 0.000000 -0.014000 -2.633654 -0.001795 -0.013880 -2.633654 -0.003559 -0.013523 -2.633654 -0.005262 -0.012934 -2.633654 -0.006875 -0.012124 -2.633654 -0.008370 -0.011107 -2.633654 -0.009723 -0.009899 -2.633654 -0.010909 -0.008523 -2.633654 -0.011908 -0.007000 -2.633654 -0.012703 -0.005358 -2.633654 -0.013281 -0.003623 -2.633654 -0.013632 -0.001827 -2.633654 -0.013750 -0.000000 -2.474038 0.013750 -0.000000 -2.474038 0.013632 -0.001827 -2.474038 0.013281 -0.003623 -2.474038 0.012703 -0.005358 -2.474038 0.011908 -0.007000 -2.474038 0.010909 -0.008523 -2.474038 0.009723 -0.009899 -2.474038 0.008370 -0.011107 -2.474038 0.006875 -0.012124 -2.474038 0.005262 -0.012934 -2.474038 0.003559 -0.013523 -2.474038 0.001795 -0.013880 -2.474038 0.000000 -0.014000 -2.474038 -0.001795 -0.013880 -2.474038 -0.003559 -0.013523 -2.474038 -0.005262 -0.012934 -2.474038 -0.006875 -0.012124 -2.474038 -0.008370 -0.011107 -2.474038 -0.009723 -0.009899 -2.474038 -0.010909 -0.008523 -2.474038 -0.011908 -0.007000 -2.474038 -0.012703 -0.005358 -2.474038 -0.013281 -0.003623 -2.474038 -0.013632 -0.001827 -2.474038 -0.013750 -0.000000 -2.314423 0.013750 -0.000000 -2.314423 0.013632 -0.001827 -2.314423 0.013281 -0.003623 -2.314423 0.012703 -0.005358 -2.314423 0.011908 -0.007000 -2.314423 0.010909 -0.008523 -2.314423 0.009723 -0.009899 -2.314423 0.008370 -0.011107 -2.314423 0.006875 -0.012124 -2.314423 0.005262 -0.012934 -2.314423 0.003559 -0.013523 -2.314423 0.001795 -0.013880 -2.314423 0.000000 -0.014000 -2.314423 -0.001795 -0.013880 -2.314423 -0.003559 -0.013523 -2.314423 -0.005262 -0.012934 -2.314423 -0.006875 -0.012124 -2.314423 -0.008370 -0.011107 -2.314423 -0.009723 -0.009899 -2.314423 -0.010909 -0.008523 -2.314423 -0.011908 -0.007000 -2.314423 -0.012703 -0.005358 -2.314423 -0.013281 -0.003623 -2.314423 -0.013632 -0.001827 -2.314423 -0.013750 -0.000000 -2.154808 0.013750 -0.000000 -2.154808 0.013632 -0.001827 -2.154808 0.013281 -0.003623 -2.154808 0.012703 -0.005358 -2.154808 0.011908 -0.007000 -2.154808 0.010909 -0.008523 -2.154808 0.009723 -0.009899 -2.154808 0.008370 -0.011107 -2.154808 0.006875 -0.012124 -2.154808 0.005262 -0.012934 -2.154808 0.003559 -0.013523 -2.154808 0.001795 -0.013880 -2.154808 0.000000 -0.014000 -2.154808 -0.001795 -0.013880 -2.154808 -0.003559 -0.013523 -2.154808 -0.005262 -0.012934 -2.154808 -0.006875 -0.012124 -2.154808 -0.008370 -0.011107 -2.154808 -0.009723 -0.009899 -2.154808 -0.010909 -0.008523 -2.154808 -0.011908 -0.007000 -2.154808 -0.012703 -0.005358 -2.154808 -0.013281 -0.003623 -2.154808 -0.013632 -0.001827 -2.154808 -0.013750 -0.000000 -1.995192 0.013750 -0.000000 -1.995192 0.013632 -0.001827 -1.995192 0.013281 -0.003623 -1.995192 0.012703 -0.005358 -1.995192 0.011908 -0.007000 -1.995192 0.010909 -0.008523 -1.995192 0.009723 -0.009899 -1.995192 0.008370 -0.011107 -1.995192 0.006875 -0.012124 -1.995192 0.005262 -0.012934 -1.995192 0.003559 -0.013523 -1.995192 0.001795 -0.013880 -1.995192 0.000000 -0.014000 -1.995192 -0.001795 -0.013880 -1.995192 -0.003559 -0.013523 -1.995192 -0.005262 -0.012934 -1.995192 -0.006875 -0.012124 -1.995192 -0.008370 -0.011107 -1.995192 -0.009723 -0.009899 -1.995192 -0.010909 -0.008523 -1.995192 -0.011908 -0.007000 -1.995192 -0.012703 -0.005358 -1.995192 -0.013281 -0.003623 -1.995192 -0.013632 -0.001827 -1.995192 -0.013750 -0.000000 -1.835577 0.013750 -0.000000 -1.835577 0.013632 -0.001827 -1.835577 0.013281 -0.003623 -1.835577 0.012703 -0.005358 -1.835577 0.011908 -0.007000 -1.835577 0.010909 -0.008523 -1.835577 0.009723 -0.009899 -1.835577 0.008370 -0.011107 -1.835577 0.006875 -0.012124 -1.835577 0.005262 -0.012934 -1.835577 0.003559 -0.013523 -1.835577 0.001795 -0.013880 -1.835577 0.000000 -0.014000 -1.835577 -0.001795 -0.013880 -1.835577 -0.003559 -0.013523 -1.835577 -0.005262 -0.012934 -1.835577 -0.006875 -0.012124 -1.835577 -0.008370 -0.011107 -1.835577 -0.009723 -0.009899 -1.835577 -0.010909 -0.008523 -1.835577 -0.011908 -0.007000 -1.835577 -0.012703 -0.005358 -1.835577 -0.013281 -0.003623 -1.835577 -0.013632 -0.001827 -1.835577 -0.013750 -0.000000 -1.675962 0.013750 -0.000000 -1.675962 0.013632 -0.001827 -1.675962 0.013281 -0.003623 -1.675962 0.012703 -0.005358 -1.675962 0.011908 -0.007000 -1.675962 0.010909 -0.008523 -1.675962 0.009723 -0.009899 -1.675962 0.008370 -0.011107 -1.675962 0.006875 -0.012124 -1.675962 0.005262 -0.012934 -1.675962 0.003559 -0.013523 -1.675962 0.001795 -0.013880 -1.675962 0.000000 -0.014000 -1.675962 -0.001795 -0.013880 -1.675962 -0.003559 -0.013523 -1.675962 -0.005262 -0.012934 -1.675962 -0.006875 -0.012124 -1.675962 -0.008370 -0.011107 -1.675962 -0.009723 -0.009899 -1.675962 -0.010909 -0.008523 -1.675962 -0.011908 -0.007000 -1.675962 -0.012703 -0.005358 -1.675962 -0.013281 -0.003623 -1.675962 -0.013632 -0.001827 -1.675962 -0.013750 -0.000000 -1.516346 0.017291 -0.000000 -1.516346 0.017143 -0.002298 -1.516346 0.016701 -0.004557 -1.516346 0.015974 -0.006737 -1.516346 0.014974 -0.008803 -1.516346 0.013718 -0.010717 -1.516346 0.012226 -0.012449 -1.516346 0.010526 -0.013967 -1.516346 0.008645 -0.015246 -1.516346 0.006617 -0.016265 -1.516346 0.004475 -0.017005 -1.516346 0.002257 -0.017454 -1.516346 0.000000 -0.017605 -1.516346 -0.002257 -0.017454 -1.516346 -0.004475 -0.017005 -1.516346 -0.006617 -0.016265 -1.516346 -0.008645 -0.015246 -1.516346 -0.010526 -0.013967 -1.516346 -0.012226 -0.012449 -1.516346 -0.013718 -0.010717 -1.516346 -0.014974 -0.008803 -1.516346 -0.015974 -0.006737 -1.516346 -0.016701 -0.004557 -1.516346 -0.017143 -0.002298 -1.516346 -0.017291 -0.000000 -1.356731 0.079850 -0.000000 -1.356731 0.079167 -0.010612 -1.356731 0.077129 -0.021042 -1.356731 0.073772 -0.031113 -1.356731 0.069152 -0.040651 -1.356731 0.063349 -0.049493 -1.356731 0.056463 -0.057489 -1.356731 0.048610 -0.064501 -1.356731 0.039925 -0.070409 -1.356731 0.030557 -0.075113 -1.356731 0.020667 -0.078532 -1.356731 0.010423 -0.080606 -1.356731 0.000000 -0.081302 -1.356731 -0.010423 -0.080606 -1.356731 -0.020667 -0.078532 -1.356731 -0.030557 -0.075113 -1.356731 -0.039925 -0.070409 -1.356731 -0.048610 -0.064501 -1.356731 -0.056463 -0.057489 -1.356731 -0.063349 -0.049493 -1.356731 -0.069152 -0.040651 -1.356731 -0.073772 -0.031113 -1.356731 -0.077129 -0.021042 -1.356731 -0.079167 -0.010612 -1.356731 -0.079850 -0.000000 -1.197115 0.132283 -0.000000 -1.197115 0.131152 -0.017580 -1.197115 0.127776 -0.034860 -1.197115 0.122214 -0.051543 -1.197115 0.114561 -0.067344 -1.197115 0.104948 -0.081993 -1.197115 0.093539 -0.095239 -1.197115 0.080529 -0.106856 -1.197115 0.066142 -0.116644 -1.197115 0.050623 -0.124436 -1.197115 0.034237 -0.130099 -1.197115 0.017266 -0.133536 -1.197115 0.000000 -0.134689 -1.197115 -0.017266 -0.133536 -1.197115 -0.034237 -0.130099 -1.197115 -0.050623 -0.124436 -1.197115 -0.066142 -0.116644 -1.197115 -0.080529 -0.106856 -1.197115 -0.093539 -0.095239 -1.197115 -0.104948 -0.081993 -1.197115 -0.114561 -0.067344 -1.197115 -0.122214 -0.051543 -1.197115 -0.127776 -0.034860 -1.197115 -0.131152 -0.017580 -1.197115 -0.132283 -0.000000 -1.037500 0.175206 -0.000000 -1.037500 0.173707 -0.023285 -1.037500 0.169236 -0.046171 -1.037500 0.161869 -0.068267 -1.037500 0.151733 -0.089196 -1.037500 0.139000 -0.108598 -1.037500 0.123889 -0.126142 -1.037500 0.106659 -0.141528 -1.037500 0.087603 -0.154492 -1.037500 0.067048 -0.164812 -1.037500 0.045347 -0.172313 -1.037500 0.022869 -0.176865 -1.037500 0.000000 -0.178392 -1.037500 -0.022869 -0.176865 -1.037500 -0.045347 -0.172313 -1.037500 -0.067048 -0.164812 -1.037500 -0.087603 -0.154492 -1.037500 -0.106659 -0.141528 -1.037500 -0.123889 -0.126142 -1.037500 -0.139000 -0.108598 -1.037500 -0.151733 -0.089196 -1.037500 -0.161869 -0.068267 -1.037500 -0.169236 -0.046171 -1.037500 -0.173707 -0.023285 -1.037500 -0.175206 -0.000000 -0.877885 0.209275 -0.000000 -0.877885 0.207485 -0.027813 -0.877885 0.202145 -0.055149 -0.877885 0.193345 -0.081542 -0.877885 0.181238 -0.106540 -0.877885 0.166029 -0.129715 -0.877885 0.147980 -0.150671 -0.877885 0.127399 -0.169048 -0.877885 0.104638 -0.184533 -0.877885 0.080086 -0.196861 -0.877885 0.054164 -0.205820 -0.877885 0.027316 -0.211257 -0.877885 0.000000 -0.213080 -0.877885 -0.027316 -0.211257 -0.877885 -0.054164 -0.205820 -0.877885 -0.080086 -0.196861 -0.877885 -0.104638 -0.184533 -0.877885 -0.127399 -0.169048 -0.877885 -0.147980 -0.150671 -0.877885 -0.166029 -0.129715 -0.877885 -0.181238 -0.106540 -0.877885 -0.193345 -0.081542 -0.877885 -0.202145 -0.055149 -0.877885 -0.207485 -0.027813 -0.877885 -0.209275 -0.000000 -0.718269 0.235203 -0.000000 -0.718269 0.233191 -0.031258 -0.718269 0.227188 -0.061982 -0.718269 0.217299 -0.091645 -0.718269 0.203692 -0.119740 -0.718269 0.186599 -0.145786 -0.718269 0.166313 -0.169337 -0.718269 0.143182 -0.189992 -0.718269 0.117601 -0.207395 -0.718269 0.090008 -0.221250 -0.718269 0.060875 -0.231319 -0.718269 0.030700 -0.237430 -0.718269 0.000000 -0.239479 -0.718269 -0.030700 -0.237430 -0.718269 -0.060875 -0.231319 -0.718269 -0.090008 -0.221250 -0.718269 -0.117601 -0.207395 -0.718269 -0.143182 -0.189992 -0.718269 -0.166313 -0.169337 -0.718269 -0.186599 -0.145786 -0.718269 -0.203692 -0.119740 -0.718269 -0.217299 -0.091645 -0.718269 -0.227188 -0.061982 -0.718269 -0.233191 -0.031258 -0.718269 -0.235203 -0.000000 -0.558654 0.253768 -0.000000 -0.558654 0.251597 -0.033726 -0.558654 0.245121 -0.066874 -0.558654 0.234451 -0.098878 -0.558654 0.219770 -0.129191 -0.558654 0.201328 -0.157293 -0.558654 0.179441 -0.182704 -0.558654 0.154484 -0.204988 -0.558654 0.126884 -0.223765 -0.558654 0.097113 -0.238714 -0.558654 0.065680 -0.249578 -0.558654 0.033123 -0.256171 -0.558654 0.000000 -0.258382 -0.558654 -0.033123 -0.256171 -0.558654 -0.065680 -0.249578 -0.558654 -0.097113 -0.238714 -0.558654 -0.126884 -0.223765 -0.558654 -0.154484 -0.204988 -0.558654 -0.179441 -0.182704 -0.558654 -0.201328 -0.157293 -0.558654 -0.219770 -0.129191 -0.558654 -0.234451 -0.098878 -0.558654 -0.245121 -0.066874 -0.558654 -0.251597 -0.033726 -0.558654 -0.253768 -0.000000 -0.399038 0.265845 -0.000000 -0.399038 0.263570 -0.035331 -0.399038 0.256786 -0.070057 -0.399038 0.245609 -0.103584 -0.399038 0.230228 -0.135339 -0.399038 0.210909 -0.164778 -0.399038 0.187981 -0.191398 -0.399038 0.161836 -0.214744 -0.399038 0.132922 -0.234414 -0.399038 0.101734 -0.250074 -0.399038 0.068806 -0.261455 -0.399038 0.034700 -0.268363 -0.399038 0.000000 -0.270678 -0.399038 -0.034700 -0.268363 -0.399038 -0.068806 -0.261455 -0.399038 -0.101734 -0.250074 -0.399038 -0.132922 -0.234414 -0.399038 -0.161836 -0.214744 -0.399038 -0.187981 -0.191398 -0.399038 -0.210909 -0.164778 -0.399038 -0.230228 -0.135339 -0.399038 -0.245609 -0.103584 -0.399038 -0.256786 -0.070057 -0.399038 -0.263570 -0.035331 -0.399038 -0.265845 -0.000000 -0.239423 0.272447 -0.000000 -0.239423 0.270116 -0.036208 -0.239423 0.263164 -0.071797 -0.239423 0.251708 -0.106157 -0.239423 0.235946 -0.138700 -0.239423 0.216147 -0.168871 -0.239423 0.192649 -0.196152 -0.239423 0.165855 -0.220077 -0.239423 0.136224 -0.240236 -0.239423 0.104261 -0.256285 -0.239423 0.070514 -0.267948 -0.239423 0.035561 -0.275027 -0.239423 0.000000 -0.277401 -0.239423 -0.035561 -0.275027 -0.239423 -0.070514 -0.267948 -0.239423 -0.104261 -0.256285 -0.239423 -0.136224 -0.240236 -0.239423 -0.165855 -0.220077 -0.239423 -0.192649 -0.196152 -0.239423 -0.216147 -0.168871 -0.239423 -0.235946 -0.138700 -0.239423 -0.251708 -0.106157 -0.239423 -0.263164 -0.071797 -0.239423 -0.270116 -0.036208 -0.239423 -0.272447 -0.000000 -0.079808 0.274836 -0.000000 -0.079808 0.272485 -0.036526 -0.079808 0.265471 -0.072426 -0.079808 0.253916 -0.107088 -0.079808 0.238015 -0.139917 -0.079808 0.218042 -0.170352 -0.079808 0.194339 -0.197872 -0.079808 0.167310 -0.222007 -0.079808 0.137418 -0.242343 -0.079808 0.105175 -0.258532 -0.079808 0.071133 -0.270298 -0.079808 0.035873 -0.277439 -0.079808 0.000000 -0.279833 -0.079808 -0.035873 -0.277439 -0.079808 -0.071133 -0.270298 -0.079808 -0.105175 -0.258532 -0.079808 -0.137418 -0.242343 -0.079808 -0.167310 -0.222007 -0.079808 -0.194339 -0.197872 -0.079808 -0.218042 -0.170352 -0.079808 -0.238015 -0.139917 -0.079808 -0.253916 -0.107088 -0.079808 -0.265471 -0.072426 -0.079808 -0.272485 -0.036526 -0.079808 -0.274836 -0.000000 0.079808 0.274836 -0.000000 0.079808 0.272485 -0.036526 0.079808 0.265471 -0.072426 0.079808 0.253916 -0.107088 0.079808 0.238015 -0.139917 0.079808 0.218042 -0.170352 0.079808 0.194339 -0.197872 0.079808 0.167310 -0.222007 0.079808 0.137418 -0.242343 0.079808 0.105175 -0.258532 0.079808 0.071133 -0.270298 0.079808 0.035873 -0.277439 0.079808 0.000000 -0.279833 0.079808 -0.035873 -0.277439 0.079808 -0.071133 -0.270298 0.079808 -0.105175 -0.258532 0.079808 -0.137418 -0.242343 0.079808 -0.167310 -0.222007 0.079808 -0.194339 -0.197872 0.079808 -0.218042 -0.170352 0.079808 -0.238015 -0.139917 0.079808 -0.253916 -0.107088 0.079808 -0.265471 -0.072426 0.079808 -0.272485 -0.036526 0.079808 -0.274836 -0.000000 0.239423 0.272447 -0.000000 0.239423 0.270116 -0.036208 0.239423 0.263164 -0.071797 0.239423 0.251708 -0.106157 0.239423 0.235946 -0.138700 0.239423 0.216147 -0.168871 0.239423 0.192649 -0.196152 0.239423 0.165855 -0.220077 0.239423 0.136224 -0.240236 0.239423 0.104261 -0.256285 0.239423 0.070514 -0.267948 0.239423 0.035561 -0.275027 0.239423 0.000000 -0.277401 0.239423 -0.035561 -0.275027 0.239423 -0.070514 -0.267948 0.239423 -0.104261 -0.256285 0.239423 -0.136224 -0.240236 0.239423 -0.165855 -0.220077 0.239423 -0.192649 -0.196152 0.239423 -0.216147 -0.168871 0.239423 -0.235946 -0.138700 0.239423 -0.251708 -0.106157 0.239423 -0.263164 -0.071797 0.239423 -0.270116 -0.036208 0.239423 -0.272447 -0.000000 0.399038 0.265845 -0.000000 0.399038 0.263570 -0.035331 0.399038 0.256786 -0.070057 0.399038 0.245609 -0.103584 0.399038 0.230228 -0.135339 0.399038 0.210909 -0.164778 0.399038 0.187981 -0.191398 0.399038 0.161836 -0.214744 0.399038 0.132922 -0.234414 0.399038 0.101734 -0.250074 0.399038 0.068806 -0.261455 0.399038 0.034700 -0.268363 0.399038 0.000000 -0.270678 0.399038 -0.034700 -0.268363 0.399038 -0.068806 -0.261455 0.399038 -0.101734 -0.250074 0.399038 -0.132922 -0.234414 0.399038 -0.161836 -0.214744 0.399038 -0.187981 -0.191398 0.399038 -0.210909 -0.164778 0.399038 -0.230228 -0.135339 0.399038 -0.245609 -0.103584 0.399038 -0.256786 -0.070057 0.399038 -0.263570 -0.035331 0.399038 -0.265845 -0.000000 0.558654 0.253768 -0.000000 0.558654 0.251597 -0.033726 0.558654 0.245121 -0.066874 0.558654 0.234451 -0.098878 0.558654 0.219770 -0.129191 0.558654 0.201328 -0.157293 0.558654 0.179441 -0.182704 0.558654 0.154484 -0.204988 0.558654 0.126884 -0.223765 0.558654 0.097113 -0.238714 0.558654 0.065680 -0.249578 0.558654 0.033123 -0.256171 0.558654 0.000000 -0.258382 0.558654 -0.033123 -0.256171 0.558654 -0.065680 -0.249578 0.558654 -0.097113 -0.238714 0.558654 -0.126884 -0.223765 0.558654 -0.154484 -0.204988 0.558654 -0.179441 -0.182704 0.558654 -0.201328 -0.157293 0.558654 -0.219770 -0.129191 0.558654 -0.234451 -0.098878 0.558654 -0.245121 -0.066874 0.558654 -0.251597 -0.033726 0.558654 -0.253768 -0.000000 0.718269 0.235203 -0.000000 0.718269 0.233191 -0.031258 0.718269 0.227188 -0.061982 0.718269 0.217299 -0.091645 0.718269 0.203692 -0.119740 0.718269 0.186599 -0.145786 0.718269 0.166313 -0.169337 0.718269 0.143182 -0.189992 0.718269 0.117601 -0.207395 0.718269 0.090008 -0.221250 0.718269 0.060875 -0.231319 0.718269 0.030700 -0.237430 0.718269 0.000000 -0.239479 0.718269 -0.030700 -0.237430 0.718269 -0.060875 -0.231319 0.718269 -0.090008 -0.221250 0.718269 -0.117601 -0.207395 0.718269 -0.143182 -0.189992 0.718269 -0.166313 -0.169337 0.718269 -0.186599 -0.145786 0.718269 -0.203692 -0.119740 0.718269 -0.217299 -0.091645 0.718269 -0.227188 -0.061982 0.718269 -0.233191 -0.031258 0.718269 -0.235203 -0.000000 0.877885 0.209275 -0.000000 0.877885 0.207485 -0.027813 0.877885 0.202145 -0.055149 0.877885 0.193345 -0.081542 0.877885 0.181238 -0.106540 0.877885 0.166029 -0.129715 0.877885 0.147980 -0.150671 0.877885 0.127399 -0.169048 0.877885 0.104638 -0.184533 0.877885 0.080086 -0.196861 0.877885 0.054164 -0.205820 0.877885 0.027316 -0.211257 0.877885 0.000000 -0.213080 0.877885 -0.027316 -0.211257 0.877885 -0.054164 -0.205820 0.877885 -0.080086 -0.196861 0.877885 -0.104638 -0.184533 0.877885 -0.127399 -0.169048 0.877885 -0.147980 -0.150671 0.877885 -0.166029 -0.129715 0.877885 -0.181238 -0.106540 0.877885 -0.193345 -0.081542 0.877885 -0.202145 -0.055149 0.877885 -0.207485 -0.027813 0.877885 -0.209275 -0.000000 1.037500 0.175206 -0.000000 1.037500 0.173707 -0.023285 1.037500 0.169236 -0.046171 1.037500 0.161869 -0.068267 1.037500 0.151733 -0.089196 1.037500 0.139000 -0.108598 1.037500 0.123889 -0.126142 1.037500 0.106659 -0.141528 1.037500 0.087603 -0.154492 1.037500 0.067048 -0.164812 1.037500 0.045347 -0.172313 1.037500 0.022869 -0.176865 1.037500 0.000000 -0.178392 1.037500 -0.022869 -0.176865 1.037500 -0.045347 -0.172313 1.037500 -0.067048 -0.164812 1.037500 -0.087603 -0.154492 1.037500 -0.106659 -0.141528 1.037500 -0.123889 -0.126142 1.037500 -0.139000 -0.108598 1.037500 -0.151733 -0.089196 1.037500 -0.161869 -0.068267 1.037500 -0.169236 -0.046171 1.037500 -0.173707 -0.023285 1.037500 -0.175206 -0.000000 1.197115 0.132283 -0.000000 1.197115 0.131152 -0.017580 1.197115 0.127776 -0.034860 1.197115 0.122214 -0.051543 1.197115 0.114561 -0.067344 1.197115 0.104948 -0.081993 1.197115 0.093539 -0.095239 1.197115 0.080529 -0.106856 1.197115 0.066142 -0.116644 1.197115 0.050623 -0.124436 1.197115 0.034237 -0.130099 1.197115 0.017266 -0.133536 1.197115 0.000000 -0.134689 1.197115 -0.017266 -0.133536 1.197115 -0.034237 -0.130099 1.197115 -0.050623 -0.124436 1.197115 -0.066142 -0.116644 1.197115 -0.080529 -0.106856 1.197115 -0.093539 -0.095239 1.197115 -0.104948 -0.081993 1.197115 -0.114561 -0.067344 1.197115 -0.122214 -0.051543 1.197115 -0.127776 -0.034860 1.197115 -0.131152 -0.017580 1.197115 -0.132283 -0.000000 1.356731 0.079850 -0.000000 1.356731 0.079167 -0.010612 1.356731 0.077129 -0.021042 1.356731 0.073772 -0.031113 1.356731 0.069152 -0.040651 1.356731 0.063349 -0.049493 1.356731 0.056463 -0.057489 1.356731 0.048610 -0.064501 1.356731 0.039925 -0.070409 1.356731 0.030557 -0.075113 1.356731 0.020667 -0.078532 1.356731 0.010423 -0.080606 1.356731 0.000000 -0.081302 1.356731 -0.010423 -0.080606 1.356731 -0.020667 -0.078532 1.356731 -0.030557 -0.075113 1.356731 -0.039925 -0.070409 1.356731 -0.048610 -0.064501 1.356731 -0.056463 -0.057489 1.356731 -0.063349 -0.049493 1.356731 -0.069152 -0.040651 1.356731 -0.073772 -0.031113 1.356731 -0.077129 -0.021042 1.356731 -0.079167 -0.010612 1.356731 -0.079850 -0.000000 1.516346 0.017291 -0.000000 1.516346 0.017143 -0.002298 1.516346 0.016701 -0.004557 1.516346 0.015974 -0.006737 1.516346 0.014974 -0.008803 1.516346 0.013718 -0.010717 1.516346 0.012226 -0.012449 1.516346 0.010526 -0.013967 1.516346 0.008645 -0.015246 1.516346 0.006617 -0.016265 1.516346 0.004475 -0.017005 1.516346 0.002257 -0.017454 1.516346 0.000000 -0.017605 1.516346 -0.002257 -0.017454 1.516346 -0.004475 -0.017005 1.516346 -0.006617 -0.016265 1.516346 -0.008645 -0.015246 1.516346 -0.010526 -0.013967 1.516346 -0.012226 -0.012449 1.516346 -0.013718 -0.010717 1.516346 -0.014974 -0.008803 1.516346 -0.015974 -0.006737 1.516346 -0.016701 -0.004557 1.516346 -0.017143 -0.002298 1.516346 -0.017291 -0.000000 1.675962 0.013750 -0.000000 1.675962 0.013632 -0.001827 1.675962 0.013281 -0.003623 1.675962 0.012703 -0.005358 1.675962 0.011908 -0.007000 1.675962 0.010909 -0.008523 1.675962 0.009723 -0.009899 1.675962 0.008370 -0.011107 1.675962 0.006875 -0.012124 1.675962 0.005262 -0.012934 1.675962 0.003559 -0.013523 1.675962 0.001795 -0.013880 1.675962 0.000000 -0.014000 1.675962 -0.001795 -0.013880 1.675962 -0.003559 -0.013523 1.675962 -0.005262 -0.012934 1.675962 -0.006875 -0.012124 1.675962 -0.008370 -0.011107 1.675962 -0.009723 -0.009899 1.675962 -0.010909 -0.008523 1.675962 -0.011908 -0.007000 1.675962 -0.012703 -0.005358 1.675962 -0.013281 -0.003623 1.675962 -0.013632 -0.001827 1.675962 -0.013750 -0.000000 1.835577 0.013750 -0.000000 1.835577 0.013632 -0.001827 1.835577 0.013281 -0.003623 1.835577 0.012703 -0.005358 1.835577 0.011908 -0.007000 1.835577 0.010909 -0.008523 1.835577 0.009723 -0.009899 1.835577 0.008370 -0.011107 1.835577 0.006875 -0.012124 1.835577 0.005262 -0.012934 1.835577 0.003559 -0.013523 1.835577 0.001795 -0.013880 1.835577 0.000000 -0.014000 1.835577 -0.001795 -0.013880 1.835577 -0.003559 -0.013523 1.835577 -0.005262 -0.012934 1.835577 -0.006875 -0.012124 1.835577 -0.008370 -0.011107 1.835577 -0.009723 -0.009899 1.835577 -0.010909 -0.008523 1.835577 -0.011908 -0.007000 1.835577 -0.012703 -0.005358 1.835577 -0.013281 -0.003623 1.835577 -0.013632 -0.001827 1.835577 -0.013750 -0.000000 1.995192 0.013750 -0.000000 1.995192 0.013632 -0.001827 1.995192 0.013281 -0.003623 1.995192 0.012703 -0.005358 1.995192 0.011908 -0.007000 1.995192 0.010909 -0.008523 1.995192 0.009723 -0.009899 1.995192 0.008370 -0.011107 1.995192 0.006875 -0.012124 1.995192 0.005262 -0.012934 1.995192 0.003559 -0.013523 1.995192 0.001795 -0.013880 1.995192 0.000000 -0.014000 1.995192 -0.001795 -0.013880 1.995192 -0.003559 -0.013523 1.995192 -0.005262 -0.012934 1.995192 -0.006875 -0.012124 1.995192 -0.008370 -0.011107 1.995192 -0.009723 -0.009899 1.995192 -0.010909 -0.008523 1.995192 -0.011908 -0.007000 1.995192 -0.012703 -0.005358 1.995192 -0.013281 -0.003623 1.995192 -0.013632 -0.001827 1.995192 -0.013750 -0.000000 2.154808 0.013750 -0.000000 2.154808 0.013632 -0.001827 2.154808 0.013281 -0.003623 2.154808 0.012703 -0.005358 2.154808 0.011908 -0.007000 2.154808 0.010909 -0.008523 2.154808 0.009723 -0.009899 2.154808 0.008370 -0.011107 2.154808 0.006875 -0.012124 2.154808 0.005262 -0.012934 2.154808 0.003559 -0.013523 2.154808 0.001795 -0.013880 2.154808 0.000000 -0.014000 2.154808 -0.001795 -0.013880 2.154808 -0.003559 -0.013523 2.154808 -0.005262 -0.012934 2.154808 -0.006875 -0.012124 2.154808 -0.008370 -0.011107 2.154808 -0.009723 -0.009899 2.154808 -0.010909 -0.008523 2.154808 -0.011908 -0.007000 2.154808 -0.012703 -0.005358 2.154808 -0.013281 -0.003623 2.154808 -0.013632 -0.001827 2.154808 -0.013750 -0.000000 2.314423 0.013750 -0.000000 2.314423 0.013632 -0.001827 2.314423 0.013281 -0.003623 2.314423 0.012703 -0.005358 2.314423 0.011908 -0.007000 2.314423 0.010909 -0.008523 2.314423 0.009723 -0.009899 2.314423 0.008370 -0.011107 2.314423 0.006875 -0.012124 2.314423 0.005262 -0.012934 2.314423 0.003559 -0.013523 2.314423 0.001795 -0.013880 2.314423 0.000000 -0.014000 2.314423 -0.001795 -0.013880 2.314423 -0.003559 -0.013523 2.314423 -0.005262 -0.012934 2.314423 -0.006875 -0.012124 2.314423 -0.008370 -0.011107 2.314423 -0.009723 -0.009899 2.314423 -0.010909 -0.008523 2.314423 -0.011908 -0.007000 2.314423 -0.012703 -0.005358 2.314423 -0.013281 -0.003623 2.314423 -0.013632 -0.001827 2.314423 -0.013750 -0.000000 2.474038 0.013750 -0.000000 2.474038 0.013632 -0.001827 2.474038 0.013281 -0.003623 2.474038 0.012703 -0.005358 2.474038 0.011908 -0.007000 2.474038 0.010909 -0.008523 2.474038 0.009723 -0.009899 2.474038 0.008370 -0.011107 2.474038 0.006875 -0.012124 2.474038 0.005262 -0.012934 2.474038 0.003559 -0.013523 2.474038 0.001795 -0.013880 2.474038 0.000000 -0.014000 2.474038 -0.001795 -0.013880 2.474038 -0.003559 -0.013523 2.474038 -0.005262 -0.012934 2.474038 -0.006875 -0.012124 2.474038 -0.008370 -0.011107 2.474038 -0.009723 -0.009899 2.474038 -0.010909 -0.008523 2.474038 -0.011908 -0.007000 2.474038 -0.012703 -0.005358 2.474038 -0.013281 -0.003623 2.474038 -0.013632 -0.001827 2.474038 -0.013750 -0.000000 2.633654 0.013750 -0.000000 2.633654 0.013632 -0.001827 2.633654 0.013281 -0.003623 2.633654 0.012703 -0.005358 2.633654 0.011908 -0.007000 2.633654 0.010909 -0.008523 2.633654 0.009723 -0.009899 2.633654 0.008370 -0.011107 2.633654 0.006875 -0.012124 2.633654 0.005262 -0.012934 2.633654 0.003559 -0.013523 2.633654 0.001795 -0.013880 2.633654 0.000000 -0.014000 2.633654 -0.001795 -0.013880 2.633654 -0.003559 -0.013523 2.633654 -0.005262 -0.012934 2.633654 -0.006875 -0.012124 2.633654 -0.008370 -0.011107 2.633654 -0.009723 -0.009899 2.633654 -0.010909 -0.008523 2.633654 -0.011908 -0.007000 2.633654 -0.012703 -0.005358 2.633654 -0.013281 -0.003623 2.633654 -0.013632 -0.001827 2.633654 -0.013750 -0.000000 2.793269 0.013750 -0.000000 2.793269 0.013632 -0.001827 2.793269 0.013281 -0.003623 2.793269 0.012703 -0.005358 2.793269 0.011908 -0.007000 2.793269 0.010909 -0.008523 2.793269 0.009723 -0.009899 2.793269 0.008370 -0.011107 2.793269 0.006875 -0.012124 2.793269 0.005262 -0.012934 2.793269 0.003559 -0.013523 2.793269 0.001795 -0.013880 2.793269 0.000000 -0.014000 2.793269 -0.001795 -0.013880 2.793269 -0.003559 -0.013523 2.793269 -0.005262 -0.012934 2.793269 -0.006875 -0.012124 2.793269 -0.008370 -0.011107 2.793269 -0.009723 -0.009899 2.793269 -0.010909 -0.008523 2.793269 -0.011908 -0.007000 2.793269 -0.012703 -0.005358 2.793269 -0.013281 -0.003623 2.793269 -0.013632 -0.001827 2.793269 -0.013750 -0.000000 2.952885 0.013750 -0.000000 2.952885 0.013632 -0.001827 2.952885 0.013281 -0.003623 2.952885 0.012703 -0.005358 2.952885 0.011908 -0.007000 2.952885 0.010909 -0.008523 2.952885 0.009723 -0.009899 2.952885 0.008370 -0.011107 2.952885 0.006875 -0.012124 2.952885 0.005262 -0.012934 2.952885 0.003559 -0.013523 2.952885 0.001795 -0.013880 2.952885 0.000000 -0.014000 2.952885 -0.001795 -0.013880 2.952885 -0.003559 -0.013523 2.952885 -0.005262 -0.012934 2.952885 -0.006875 -0.012124 2.952885 -0.008370 -0.011107 2.952885 -0.009723 -0.009899 2.952885 -0.010909 -0.008523 2.952885 -0.011908 -0.007000 2.952885 -0.012703 -0.005358 2.952885 -0.013281 -0.003623 2.952885 -0.013632 -0.001827 2.952885 -0.013750 -0.000000 3.112500 0.013750 -0.000000 3.112500 0.013632 -0.001827 3.112500 0.013281 -0.003623 3.112500 0.012703 -0.005358 3.112500 0.011908 -0.007000 3.112500 0.010909 -0.008523 3.112500 0.009723 -0.009899 3.112500 0.008370 -0.011107 3.112500 0.006875 -0.012124 3.112500 0.005262 -0.012934 3.112500 0.003559 -0.013523 3.112500 0.001795 -0.013880 3.112500 0.000000 -0.014000 3.112500 -0.001795 -0.013880 3.112500 -0.003559 -0.013523 3.112500 -0.005262 -0.012934 3.112500 -0.006875 -0.012124 3.112500 -0.008370 -0.011107 3.112500 -0.009723 -0.009899 3.112500 -0.010909 -0.008523 3.112500 -0.011908 -0.007000 3.112500 -0.012703 -0.005358 3.112500 -0.013281 -0.003623 3.112500 -0.013632 -0.001827 3.112500 -0.013750 -0.000000 -3.112500 0.000000 -3.112500 3.112500 0.000000 3.112500
          </float_array>
          <technique_common>
            <accessor source="#hull-positions-array" count="1002" stride="3">
              <param name="X" type="float"/>
              <param name="Y" type="float"/>
              <param name="Z" type="float"/>
            </accessor>
          </technique_common>
        </source>

        <source id="hull-normals">
          <float_array id="hull-normals-array" count="17298">
            0.000000 0.997934 -0.064240 0.000000 0.997934 -0.064240 0.000000 0.997934 -0.064240 0.000000 0.997934 -0.064240 0.000000 0.997934 -0.064240 0.000000 0.997934 -0.064240 0.000000 0.981447 -0.191736 0.000000 0.981447 -0.191736 0.000000 0.981447 -0.191736 0.000000 0.981447 -0.191736 0.000000 0.981447 -0.191736 0.000000 0.981447 -0.191736 0.000000 0.948666 -0.316278 0.000000 0.948666 -0.316278 0.000000 0.948666 -0.316278 0.000000 0.948666 -0.316278 0.000000 0.948666 -0.316278 0.000000 0.948666 -0.316278 0.000000 0.899994 -0.435902 0.000000 0.899994 -0.435902 0.000000 0.899994 -0.435902 0.000000 0.899994 -0.435902 0.000000 0.899994 -0.435902 0.000000 0.899994 -0.435902 0.000000 0.836049 -0.548655 0.000000 0.836049 -0.548655 0.000000 0.836049 -0.548655 0.000000 0.836049 -0.548655 0.000000 0.836049 -0.548655 0.000000 0.836049 -0.548655 0.000000 0.757692 -0.652612 0.000000 0.757692 -0.652612 0.000000 0.757692 -0.652612 0.000000 0.757692 -0.652612 0.000000 0.757692 -0.652612 0.000000 0.757692 -0.652612 0.000000 0.666042 -0.745914 0.000000 0.666042 -0.745914 0.000000 0.666042 -0.745914 0.000000 0.666042 -0.745914 0.000000 0.666042 -0.745914 0.000000 0.666042 -0.745914 0.000000 0.562495 -0.826801 0.000000 0.562495 -0.826801 0.000000 0.562495 -0.826801 0.000000 0.562495 -0.826801 0.000000 0.562495 -0.826801 0.000000 0.562495 -0.826801 0.000000 0.448723 -0.893671 0.000000 0.448723 -0.893671 0.000000 0.448723 -0.893671 0.000000 0.448723 -0.893671 0.000000 0.448723 -0.893671 0.000000 0.448723 -0.893671 0.000000 0.326665 -0.945140 0.000000 0.326665 -0.945140 0.000000 0.326665 -0.945140 0.000000 0.326665 -0.945140 0.000000 0.326665 -0.945140 0.000000 0.326665 -0.945140 0.000000 0.198499 -0.980101 0.000000 0.198499 -0.980101 0.000000 0.198499 -0.980101 0.000000 0.198499 -0.980101 0.000000 0.198499 -0.980101 0.000000 0.198499 -0.980101 0.000000 0.066587 -0.997781 0.000000 0.066587 -0.997781 0.000000 0.066587 -0.997781 0.000000 0.066587 -0.997781 0.000000 0.066587 -0.997781 0.000000 0.066587 -0.997781 0.000000 -0.066587 -0.997781 0.000000 -0.066587 -0.997781 0.000000 -0.066587 -0.997781 0.000000 -0.066587 -0.997781 0.000000 -0.066587 -0.997781 0.000000 -0.066587 -0.997781 0.000000 -0.198499 -0.980101 0.000000 -0.198499 -0.980101 0.000000 -0.198499 -0.980101 0.000000 -0.198499 -0.980101 0.000000 -0.198499 -0.980101 0.000000 -0.198499 -0.980101 0.000000 -0.326665 -0.945140 0.000000 -0.326665 -0.945140 0.000000 -0.326665 -0.945140 0.000000 -0.326665 -0.945140 0.000000 -0.326665 -0.945140 0.000000 -0.326665 -0.945140 0.000000 -0.448723 -0.893671 0.000000 -0.448723 -0.893671 0.000000 -0.448723 -0.893671 0.000000 -0.448723 -0.893671 0.000000 -0.448723 -0.893671 0.000000 -0.448723 -0.893671 0.000000 -0.562495 -0.826801 0.000000 -0.562495 -0.826801 0.000000 -0.562495 -0.826801 0.000000 -0.562495 -0.826801 0.000000 -0.562495 -0.826801 0.000000 -0.562495 -0.826801 0.000000 -0.666042 -0.745914 0.000000 -0.666042 -0.745914 0.000000 -0.666042 -0.745914 0.000000 -0.666042 -0.745914 0.000000 -0.666042 -0.745914 0.000000 -0.666042 -0.745914 0.000000 -0.757692 -0.652612 0.000000 -0.757692 -0.652612 0.000000 -0.757692 -0.652612 0.000000 -0.757692 -0.652612 0.000000 -0.757692 -0.652612 0.000000 -0.757692 -0.652612 0.000000 -0.836049 -0.548655 0.000000 -0.836049 -0.548655 0.000000 -0.836049 -0.548655 0.000000 -0.836049 -0.548655 0.000000 -0.836049 -0.548655 0.000000 -0.836049 -0.548655 0.000000 -0.899994 -0.435902 0.000000 -0.899994 -0.435902 0.000000 -0.899994 -0.435902 0.000000 -0.899994 -0.435902 0.000000 -0.899994 -0.435902 0.000000 -0.899994 -0.435902 0.000000 -0.948666 -0.316278 0.000000 -0.948666 -0.316278 0.000000 -0.948666 -0.316278 0.000000 -0.948666 -0.316278 0.000000 -0.948666 -0.316278 0.000000 -0.948666 -0.316278 0.000000 -0.981447 -0.191736 0.000000 -0.981447 -0.191736 0.000000 -0.981447 -0.191736 0.000000 -0.981447 -0.191736 0.000000 -0.981447 -0.191736 0.000000 -0.981447 -0.191736 0.000000 -0.997934 -0.064240 0.000000 -0.997934 -0.064240 0.000000 -0.997934 -0.064240 0.000000 -0.997934 -0.064240 0.000000 -0.997934 -0.064240 0.000000 -0.997934 -0.064240 0.000000 0.997934 -0.064240 0.000000 0.997934 -0.064240 0.000000 0.997934 -0.064240 0.000000 0.997934 -0.064240 0.000000 0.997934 -0.064240 0.000000 0.997934 -0.064240 0.000000 0.981447 -0.191736 0.000000 0.981447 -0.191736 0.000000 0.981447 -0.191736 0.000000 0.981447 -0.191736 0.000000 0.981447 -0.191736 0.000000 0.981447 -0.191736 0.000000 0.948666 -0.316278 0.000000 0.948666 -0.316278 0.000000 0.948666 -0.316278 0.000000 0.948666 -0.316278 0.000000 0.948666 -0.316278 0.000000 0.948666 -0.316278 0.000000 0.899994 -0.435902 0.000000 0.899994 -0.435902 0.000000 0.899994 -0.435902 0.000000 0.899994 -0.435902 0.000000 0.899994 -0.435902 0.000000 0.899994 -0.435902 0.000000 0.836049 -0.548655 0.000000 0.836049 -0.548655 0.000000 0.836049 -0.548655 0.000000 0.836049 -0.548655 0.000000 0.836049 -0.548655 0.000000 0.836049 -0.548655 0.000000 0.757692 -0.652612 0.000000 0.757692 -0.652612 0.000000 0.757692 -0.652612 0.000000 0.757692 -0.652612 0.000000 0.757692 -0.652612 0.000000 0.757692 -0.652612 0.000000 0.666042 -0.745914 0.000000 0.666042 -0.745914 0.000000 0.666042 -0.745914 0.000000 0.666042 -0.745914 0.000000 0.666042 -0.745914 0.000000 0.666042 -0.745914 0.000000 0.562495 -0.826801 0.000000 0.562495 -0.826801 0.000000 0.562495 -0.826801 0.000000 0.562495 -0.826801 0.000000 0.562495 -0.826801 0.000000 0.562495 -0.826801 0.000000 0.448723 -0.893671 0.000000 0.448723 -0.893671 0.000000 0.448723 -0.893671 0.000000 0.448723 -0.893671 0.000000 0.448723 -0.893671 0.000000 0.448723 -0.893671 0.000000 0.326665 -0.945140 0.000000 0.326665 -0.945140 0.000000 0.326665 -0.945140 0.000000 0.326665 -0.945140 0.000000 0.326665 -0.945140 0.000000 0.326665 -0.945140 0.000000 0.198499 -0.980101 0.000000 0.198499 -0.980101 0.000000 0.198499 -0.980101 0.000000 0.198499 -0.980101 0.000000 0.198499 -0.980101 0.000000 0.198499 -0.980101 0.000000 0.066587 -0.997781 0.000000 0.066587 -0.997781 0.000000 0.066587 -0.997781 0.000000 0.066587 -0.997781 0.000000 0.066587 -0.997781 0.000000 0.066587 -0.997781 0.000000 -0.066587 -0.997781 0.000000 -0.066587 -0.997781 0.000000 -0.066587 -0.997781 0.000000 -0.066587 -0.997781 0.000000 -0.066587 -0.997781 0.000000 -0.066587 -0.997781 0.000000 -0.198499 -0.980101 0.000000 -0.198499 -0.980101 0.000000 -0.198499 -0.980101 0.000000 -0.198499 -0.980101 0.000000 -0.198499 -0.980101 0.000000 -0.198499 -0.980101 0.000000 -0.326665 -0.945140 0.000000 -0.326665 -0.945140 0.000000 -0.326665 -0.945140 0.000000 -0.326665 -0.945140 0.000000 -0.326665 -0.945140 0.000000 -0.326665 -0.945140 0.000000 -0.448723 -0.893671 0.000000 -0.448723 -0.893671 0.000000 -0.448723 -0.893671 0.000000 -0.448723 -0.893671 0.000000 -0.448723 -0.893671 0.000000 -0.448723 -0.893671 0.000000 -0.562495 -0.826801 0.000000 -0.562495 -0.826801 0.000000 -0.562495 -0.826801 0.000000 -0.562495 -0.826801 0.000000 -0.562495 -0.826801 0.000000 -0.562495 -0.826801 0.000000 -0.666042 -0.745914 0.000000 -0.666042 -0.745914 0.000000 -0.666042 -0.745914 0.000000 -0.666042 -0.745914 0.000000 -0.666042 -0.745914 0.000000 -0.666042 -0.745914 0.000000 -0.757692 -0.652612 0.000000 -0.757692 -0.652612 0.000000 -0.757692 -0.652612 0.000000 -0.757692 -0.652612 0.000000 -0.757692 -0.652612 0.000000 -0.757692 -0.652612 0.000000 -0.836049 -0.548655 0.000000 -0.836049 -0.548655 0.000000 -0.836049 -0.548655 0.000000 -0.836049 -0.548655 0.000000 -0.836049 -0.548655 0.000000 -0.836049 -0.548655 0.000000 -0.899994 -0.435902 0.000000 -0.899994 -0.435902 0.000000 -0.899994 -0.435902 0.000000 -0.899994 -0.435902 0.000000 -0.899994 -0.435902 0.000000 -0.899994 -0.435902 0.000000 -0.948666 -0.316278 0.000000 -0.948666 -0.316278 0.000000 -0.948666 -0.316278 0.000000 -0.948666 -0.316278 0.000000 -0.948666 -0.316278 0.000000 -0.948666 -0.316278 0.000000 -0.981447 -0.191736 0.000000 -0.981447 -0.191736 0.000000 -0.981447 -0.191736 0.000000 -0.981447 -0.191736 0.000000 -0.981447 -0.191736 0.000000 -0.981447 -0.191736 0.000000 -0.997934 -0.064240 0.000000 -0.997934 -0.064240 0.000000 -0.997934 -0.064240 0.000000 -0.997934 -0.064240 0.000000 -0.997934 -0.064240 0.000000 -0.997934 -0.064240 0.000000 0.997934 -0.064240 0.000000 0.997934 -0.064240 0.000000 0.997934 -0.064240 0.000000 0.997934 -0.064240 0.000000 0.997934 -0.064240 0.000000 0.997934 -0.064240 0.000000 0.981447 -0.191736 0.000000 0.981447 -0.191736 0.000000 0.981447 -0.191736 0.000000 0.981447 -0.191736 0.000000 0.981447 -0.191736 0.000000 0.981447 -0.191736 0.000000 0.948666 -0.316278 0.000000 0.948666 -0.316278 0.000000 0.948666 -0.316278 0.000000 0.948666 -0.316278 0.000000 0.948666 -0.316278 0.000000 0.948666 -0.316278 0.000000 0.899994 -0.435902 0.000000 0.899994 -0.435902 0.000000 0.899994 -0.435902 0.000000 0.899994 -0.435902 0.000000 0.899994 -0.435902 0.000000 0.899994 -0.435902 0.000000 0.836049 -0.548655 0.000000 0.836049 -0.548655 0.000000 0.836049 -0.548655 0.000000 0.836049 -0.548655 0.000000 0.836049 -0.548655 0.000000 0.836049 -0.548655 0.000000 0.757692 -0.652612 0.000000 0.757692 -0.652612 0.000000 0.757692 -0.652612 0.000000 0.757692 -0.652612 0.000000 0.757692 -0.652612 0.000000 0.757692 -0.652612 0.000000 0.666042 -0.745914 0.000000 0.666042 -0.745914 0.000000 0.666042 -0.745914 0.000000 0.666042 -0.745914 0.000000 0.666042 -0.745914 0.000000 0.666042 -0.745914 0.000000 0.562495 -0.826801 0.000000 0.562495 -0.826801 0.000000 0.562495 -0.826801 0.000000 0.562495 -0.826801 0.000000 0.562495 -0.826801 0.000000 0.562495 -0.826801 0.000000 0.448723 -0.893671 0.000000 0.448723 -0.893671 0.000000 0.448723 -0.893671 0.000000 0.448723 -0.893671 0.000000 0.448723 -0.893671 0.000000 0.448723 -0.893671 0.000000 0.326665 -0.945140 0.000000 0.326665 -0.945140 0.000000 0.326665 -0.945140 0.000000 0.326665 -0.945140 0.000000 0.326665 -0.945140 0.000000 0.326665 -0.945140 0.000000 0.198499 -0.980101 0.000000 0.198499 -0.980101 0.000000 0.198499 -0.980101 0.000000 0.198499 -0.980101 0.000000 0.198499 -0.980101 0.000000 0.198499 -0.980101 0.000000 0.066587 -0.997781 0.000000 0.066587 -0.997781 0.000000 0.066587 -0.997781 0.000000 0.066587 -0.997781 0.000000 0.066587 -0.997781 0.000000 0.066587 -0.997781 0.000000 -0.066587 -0.997781 0.000000 -0.066587 -0.997781 0.000000 -0.066587 -0.997781 0.000000 -0.066587 -0.997781 0.000000 -0.066587 -0.997781 0.000000 -0.066587 -0.997781 0.000000 -0.198499 -0.980101 0.000000 -0.198499 -0.980101 0.000000 -0.198499 -0.980101 0.000000 -0.198499 -0.980101 0.000000 -0.198499 -0.980101 0.000000 -0.198499 -0.980101 0.000000 -0.326665 -0.945140 0.000000 -0.326665 -0.945140 0.000000 -0.326665 -0.945140 0.000000 -0.326665 -0.945140 0.000000 -0.326665 -0.945140 0.000000 -0.326665 -0.945140 0.000000 -0.448723 -0.893671 0.000000 -0.448723 -0.893671 0.000000 -0.448723 -0.893671 0.000000 -0.448723 -0.893671 0.000000 -0.448723 -0.893671 0.000000 -0.448723 -0.893671 0.000000 -0.562495 -0.826801 0.000000 -0.562495 -0.826801 0.000000 -0.562495 -0.826801 0.000000 -0.562495 -0.826801 0.000000 -0.562495 -0.826801 0.000000 -0.562495 -0.826801 0.000000 -0.666042 -0.745914 0.000000 -0.666042 -0.745914 0.000000 -0.666042 -0.745914 0.000000 -0.666042 -0.745914 0.000000 -0.666042 -0.745914 0.000000 -0.666042 -0.745914 0.000000 -0.757692 -0.652612 0.000000 -0.757692 -0.652612 0.000000 -0.757692 -0.652612 0.000000 -0.757692 -0.652612 0.000000 -0.757692 -0.652612 0.000000 -0.757692 -0.652612 0.000000 -0.836049 -0.548655 0.000000 -0.836049 -0.548655 0.000000 -0.836049 -0.548655 0.000000 -0.836049 -0.548655 0.000000 -0.836049 -0.548655 0.000000 -0.836049 -0.548655 0.000000 -0.899994 -0.435902 0.000000 -0.899994 -0.435902 0.000000 -0.899994 -0.435902 0.000000 -0.899994 -0.435902 0.000000 -0.899994 -0.435902 0.000000 -0.899994 -0.435902 0.000000 -0.948666 -0.316278 0.000000 -0.948666 -0.316278 0.000000 -0.948666 -0.316278 0.000000 -0.948666 -0.316278 0.000000 -0.948666 -0.316278 0.000000 -0.948666 -0.316278 0.000000 -0.981447 -0.191736 0.000000 -0.981447 -0.191736 0.000000 -0.981447 -0.191736 0.000000 -0.981447 -0.191736 0.000000 -0.981447 -0.191736 0.000000 -0.981447 -0.191736 0.000000 -0.997934 -0.064240 0.000000 -0.997934 -0.064240 0.000000 -0.997934 -0.064240 0.000000 -0.997934 -0.064240 0.000000 -0.997934 -0.064240 0.000000 -0.997934 -0.064240 0.000000 0.997934 -0.064240 0.000000 0.997934 -0.064240 0.000000 0.997934 -0.064240 0.000000 0.997934 -0.064240 0.000000 0.997934 -0.064240 0.000000 0.997934 -0.064240 0.000000 0.981447 -0.191736 0.000000 0.981447 -0.191736 0.000000 0.981447 -0.191736 0.000000 0.981447 -0.191736 0.000000 0.981447 -0.191736 0.000000 0.981447 -0.191736 0.000000 0.948666 -0.316278 0.000000 0.948666 -0.316278 0.000000 0.948666 -0.316278 0.000000 0.948666 -0.316278 0.000000 0.948666 -0.316278 0.000000 0.948666 -0.316278 0.000000 0.899994 -0.435902 0.000000 0.899994 -0.435902 0.000000 0.899994 -0.435902 0.000000 0.899994 -0.435902 0.000000 0.899994 -0.435902 0.000000 0.899994 -0.435902 0.000000 0.836049 -0.548655 0.000000 0.836049 -0.548655 0.000000 0.836049 -0.548655 0.000000 0.836049 -0.548655 0.000000 0.836049 -0.548655 0.000000 0.836049 -0.548655 0.000000 0.757692 -0.652612 0.000000 0.757692 -0.652612 0.000000 0.757692 -0.652612 0.000000 0.757692 -0.652612 0.000000 0.757692 -0.652612 0.000000 0.757692 -0.652612 0.000000 0.666042 -0.745914 0.000000 0.666042 -0.745914 0.000000 0.666042 -0.745914 0.000000 0.666042 -0.745914 0.000000 0.666042 -0.745914 0.000000 0.666042 -0.745914 0.000000 0.562495 -0.826801 0.000000 0.562495 -0.826801 0.000000 0.562495 -0.826801 0.000000 0.562495 -0.826801 0.000000 0.562495 -0.826801 0.000000 0.562495 -0.826801 0.000000 0.448723 -0.893671 0.000000 0.448723 -0.893671 0.000000 0.448723 -0.893671 0.000000 0.448723 -0.893671 0.000000 0.448723 -0.893671 0.000000 0.448723 -0.893671 0.000000 0.326665 -0.945140 0.000000 0.326665 -0.945140 0.000000 0.326665 -0.945140 0.000000 0.326665 -0.945140 0.000000 0.326665 -0.945140 0.000000 0.326665 -0.945140 0.000000 0.198499 -0.980101 0.000000 0.198499 -0.980101 0.000000 0.198499 -0.980101 0.000000 0.198499 -0.980101 0.000000 0.198499 -0.980101 0.000000 0.198499 -0.980101 0.000000 0.066587 -0.997781 0.000000 0.066587 -0.997781 0.000000 0.066587 -0.997781 0.000000 0.066587 -0.997781 0.000000 0.066587 -0.997781 0.000000 0.066587 -0.997781 0.000000 -0.066587 -0.997781 0.000000 -0.066587 -0.997781 0.000000 -0.066587 -0.997781 0.000000 -0.066587 -0.997781 0.000000 -0.066587 -0.997781 0.000000 -0.066587 -0.997781 0.000000 -0.198499 -0.980101 0.000000 -0.198499 -0.980101 0.000000 -0.198499 -0.980101 0.000000 -0.198499 -0.980101 0.000000 -0.198499 -0.980101 0.000000 -0.198499 -0.980101 0.000000 -0.326665 -0.945140 0.000000 -0.326665 -0.945140 0.000000 -0.326665 -0.945140 0.000000 -0.326665 -0.945140 0.000000 -0.326665 -0.945140 0.000000 -0.326665 -0.945140 0.000000 -0.448723 -0.893671 0.000000 -0.448723 -0.893671 0.000000 -0.448723 -0.893671 0.000000 -0.448723 -0.893671 0.000000 -0.448723 -0.893671 0.000000 -0.448723 -0.893671 0.000000 -0.562495 -0.826801 0.000000 -0.562495 -0.826801 0.000000 -0.562495 -0.826801 0.000000 -0.562495 -0.826801 0.000000 -0.562495 -0.826801 0.000000 -0.562495 -0.826801 0.000000 -0.666042 -0.745914 0.000000 -0.666042 -0.745914 0.000000 -0.666042 -0.745914 0.000000 -0.666042 -0.745914 0.000000 -0.666042 -0.745914 0.000000 -0.666042 -0.745914 0.000000 -0.757692 -0.652612 0.000000 -0.757692 -0.652612 0.000000 -0.757692 -0.652612 0.000000 -0.757692 -0.652612 0.000000 -0.757692 -0.652612 0.000000 -0.757692 -0.652612 0.000000 -0.836049 -0.548655 0.000000 -0.836049 -0.548655 0.000000 -0.836049 -0.548655 0.000000 -0.836049 -0.548655 0.000000 -0.836049 -0.548655 0.000000 -0.836049 -0.548655 0.000000 -0.899994 -0.435902 0.000000 -0.899994 -0.435902 0.000000 -0.899994 -0.435902 0.000000 -0.899994 -0.435902 0.000000 -0.899994 -0.435902 0.000000 -0.899994 -0.435902 0.000000 -0.948666 -0.316278 0.000000 -0.948666 -0.316278 0.000000 -0.948666 -0.316278 0.000000 -0.948666 -0.316278 0.000000 -0.948666 -0.316278 0.000000 -0.948666 -0.316278 0.000000 -0.981447 -0.191736 0.000000 -0.981447 -0.191736 0.000000 -0.981447 -0.191736 0.000000 -0.981447 -0.191736 0.000000 -0.981447 -0.191736 0.000000 -0.981447 -0.191736 0.000000 -0.997934 -0.064240 0.000000 -0.997934 -0.064240 0.000000 -0.997934 -0.064240 0.000000 -0.997934 -0.064240 0.000000 -0.997934 -0.064240 0.000000 -0.997934 -0.064240 0.000000 0.997934 -0.064240 0.000000 0.997934 -0.064240 0.000000 0.997934 -0.064240 0.000000 0.997934 -0.064240 0.000000 0.997934 -0.064240 0.000000 0.997934 -0.064240 0.000000 0.981447 -0.191736 0.000000 0.981447 -0.191736 0.000000 0.981447 -0.191736 0.000000 0.981447 -0.191736 0.000000 0.981447 -0.191736 0.000000 0.981447 -0.191736 0.000000 0.948666 -0.316278 0.000000 0.948666 -0.316278 0.000000 0.948666 -0.316278 0.000000 0.948666 -0.316278 0.000000 0.948666 -0.316278 0.000000 0.948666 -0.316278 0.000000 0.899994 -0.435902 0.000000 0.899994 -0.435902 0.000000 0.899994 -0.435902 0.000000 0.899994 -0.435902 0.000000 0.899994 -0.435902 0.000000 0.899994 -0.435902 0.000000 0.836049 -0.548655 0.000000 0.836049 -0.548655 0.000000 0.836049 -0.548655 0.000000 0.836049 -0.548655 0.000000 0.836049 -0.548655 0.000000 0.836049 -0.548655 0.000000 0.757692 -0.652612 0.000000 0.757692 -0.652612 0.000000 0.757692 -0.652612 0.000000 0.757692 -0.652612 0.000000 0.757692 -0.652612 0.000000 0.757692 -0.652612 0.000000 0.666042 -0.745914 0.000000 0.666042 -0.745914 0.000000 0.666042 -0.745914 0.000000 0.666042 -0.745914 0.000000 0.666042 -0.745914 0.000000 0.666042 -0.745914 0.000000 0.562495 -0.826801 0.000000 0.562495 -0.826801 0.000000 0.562495 -0.826801 0.000000 0.562495 -0.826801 0.000000 0.562495 -0.826801 0.000000 0.562495 -0.826801 0.000000 0.448723 -0.893671 0.000000 0.448723 -0.893671 0.000000 0.448723 -0.893671 0.000000 0.448723 -0.893671 0.000000 0.448723 -0.893671 0.000000 0.448723 -0.893671 0.000000 0.326665 -0.945140 0.000000 0.326665 -0.945140 0.000000 0.326665 -0.945140 0.000000 0.326665 -0.945140 0.000000 0.326665 -0.945140 0.000000 0.326665 -0.945140 0.000000 0.198499 -0.980101 0.000000 0.198499 -0.980101 0.000000 0.198499 -0.980101 0.000000 0.198499 -0.980101 0.000000 0.198499 -0.980101 0.000000 0.198499 -0.980101 0.000000 0.066587 -0.997781 0.000000 0.066587 -0.997781 0.000000 0.066587 -0.997781 0.000000 0.066587 -0.997781 0.000000 0.066587 -0.997781 0.000000 0.066587 -0.997781 0.000000 -0.066587 -0.997781 0.000000 -0.066587 -0.997781 0.000000 -0.066587 -0.997781 0.000000 -0.066587 -0.997781 0.000000 -0.066587 -0.997781 0.000000 -0.066587 -0.997781 0.000000 -0.198499 -0.980101 0.000000 -0.198499 -0.980101 0.000000 -0.198499 -0.980101 0.000000 -0.198499 -0.980101 0.000000 -0.198499 -0.980101 0.000000 -0.198499 -0.980101 0.000000 -0.326665 -0.945140 0.000000 -0.326665 -0.945140 0.000000 -0.326665 -0.945140 0.000000 -0.326665 -0.945140 0.000000 -0.326665 -0.945140 0.000000 -0.326665 -0.945140 0.000000 -0.448723 -0.893671 0.000000 -0.448723 -0.893671 0.000000 -0.448723 -0.893671 0.000000 -0.448723 -0.893671 0.000000 -0.448723 -0.893671 0.000000 -0.448723 -0.893671 0.000000 -0.562495 -0.826801 0.000000 -0.562495 -0.826801 0.000000 -0.562495 -0.826801 0.000000 -0.562495 -0.826801 0.000000 -0.562495 -0.826801 0.000000 -0.562495 -0.826801 0.000000 -0.666042 -0.745914 0.000000 -0.666042 -0.745914 0.000000 -0.666042 -0.745914 0.000000 -0.666042 -0.745914 0.000000 -0.666042 -0.745914 0.000000 -0.666042 -0.745914 0.000000 -0.757692 -0.652612 0.000000 -0.757692 -0.652612 0.000000 -0.757692 -0.652612 0.000000 -0.757692 -0.652612 0.000000 -0.757692 -0.652612 0.000000 -0.757692 -0.652612 0.000000 -0.836049 -0.548655 0.000000 -0.836049 -0.548655 0.000000 -0.836049 -0.548655 0.000000 -0.836049 -0.548655 0.000000 -0.836049 -0.548655 0.000000 -0.836049 -0.548655 0.000000 -0.899994 -0.435902 0.000000 -0.899994 -0.435902 0.000000 -0.899994 -0.435902 0.000000 -0.899994 -0.435902 0.000000 -0.899994 -0.435902 0.000000 -0.899994 -0.435902 0.000000 -0.948666 -0.316278 0.000000 -0.948666 -0.316278 0.000000 -0.948666 -0.316278 0.000000 -0.948666 -0.316278 0.000000 -0.948666 -0.316278 0.000000 -0.948666 -0.316278 0.000000 -0.981447 -0.191736 0.000000 -0.981447 -0.191736 0.000000 -0.981447 -0.191736 0.000000 -0.981447 -0.191736 0.000000 -0.981447 -0.191736 0.000000 -0.981447 -0.191736 0.000000 -0.997934 -0.064240 0.000000 -0.997934 -0.064240 0.000000 -0.997934 -0.064240 0.000000 -0.997934 -0.064240 0.000000 -0.997934 -0.064240 0.000000 -0.997934 -0.064240 0.000000 0.997934 -0.064240 0.000000 0.997934 -0.064240 0.000000 0.997934 -0.064240 0.000000 0.997934 -0.064240 0.000000 0.997934 -0.064240 0.000000 0.997934 -0.064240 0.000000 0.981447 -0.191736 0.000000 0.981447 -0.191736 0.000000 0.981447 -0.191736 0.000000 0.981447 -0.191736 0.000000 0.981447 -0.191736 0.000000 0.981447 -0.191736 0.000000 0.948666 -0.316278 0.000000 0.948666 -0.316278 0.000000 0.948666 -0.316278 0.000000 0.948666 -0.316278 0.000000 0.948666 -0.316278 0.000000 0.948666 -0.316278 0.000000 0.899994 -0.435902 0.000000 0.899994 -0.435902 0.000000 0.899994 -0.435902 0.000000 0.899994 -0.435902 0.000000 0.899994 -0.435902 0.000000 0.899994 -0.435902 0.000000 0.836049 -0.548655 0.000000 0.836049 -0.548655 0.000000 0.836049 -0.548655 0.000000 0.836049 -0.548655 0.000000 0.836049 -0.548655 0.000000 0.836049 -0.548655 0.000000 0.757692 -0.652612 0.000000 0.757692 -0.652612 0.000000 0.757692 -0.652612 0.000000 0.757692 -0.652612 0.000000 0.757692 -0.652612 0.000000 0.757692 -0.652612 0.000000 0.666042 -0.745914 0.000000 0.666042 -0.745914 0.000000 0.666042 -0.745914 0.000000 0.666042 -0.745914 0.000000 0.666042 -0.745914 0.000000 0.666042 -0.745914 0.000000 0.562495 -0.826801 0.000000 0.562495 -0.826801 0.000000 0.562495 -0.826801 0.000000 0.562495 -0.826801 0.000000 0.562495 -0.826801 0.000000 0.562495 -0.826801 0.000000 0.448723 -0.893671 0.000000 0.448723 -0.893671 0.000000 0.448723 -0.893671 0.000000 0.448723 -0.893671 0.000000 0.448723 -0.893671 0.000000 0.448723 -0.893671 0.000000 0.326665 -0.945140 0.000000 0.326665 -0.945140 0.000000 0.326665 -0.945140 0.000000 0.326665 -0.945140 0.000000 0.326665 -0.945140 0.000000 0.326665 -0.945140 0.000000 0.198499 -0.980101 0.000000 0.198499 -0.980101 0.000000 0.198499 -0.980101 0.000000 0.198499 -0.980101 0.000000 0.198499 -0.980101 0.000000 0.198499 -0.980101 0.000000 0.066587 -0.997781 0.000000 0.066587 -0.997781 0.000000 0.066587 -0.997781 0.000000 0.066587 -0.997781 0.000000 0.066587 -0.997781 0.000000 0.066587 -0.997781 0.000000 -0.066587 -0.997781 0.000000 -0.066587 -0.997781 0.000000 -0.066587 -0.997781 0.000000 -0.066587 -0.997781 0.000000 -0.066587 -0.997781 0.000000 -0.066587 -0.997781 0.000000 -0.198499 -0.980101 0.000000 -0.198499 -0.980101 0.000000 -0.198499 -0.980101 0.000000 -0.198499 -0.980101 0.000000 -0.198499 -0.980101 0.000000 -0.198499 -0.980101 0.000000 -0.326665 -0.945140 0.000000 -0.326665 -0.945140 0.000000 -0.326665 -0.945140 0.000000 -0.326665 -0.945140 0.000000 -0.326665 -0.945140 0.000000 -0.326665 -0.945140 0.000000 -0.448723 -0.893671 0.000000 -0.448723 -0.893671 0.000000 -0.448723 -0.893671 0.000000 -0.448723 -0.893671 0.000000 -0.448723 -0.893671 0.000000 -0.448723 -0.893671 0.000000 -0.562495 -0.826801 0.000000 -0.562495 -0.826801 0.000000 -0.562495 -0.826801 0.000000 -0.562495 -0.826801 0.000000 -0.562495 -0.826801 0.000000 -0.562495 -0.826801 0.000000 -0.666042 -0.745914 0.000000 -0.666042 -0.745914 0.000000 -0.666042 -0.745914 0.000000 -0.666042 -0.745914 0.000000 -0.666042 -0.745914 0.000000 -0.666042 -0.745914 0.000000 -0.757692 -0.652612 0.000000 -0.757692 -0.652612 0.000000 -0.757692 -0.652612 0.000000 -0.757692 -0.652612 0.000000 -0.757692 -0.652612 0.000000 -0.757692 -0.652612 0.000000 -0.836049 -0.548655 0.000000 -0.836049 -0.548655 0.000000 -0.836049 -0.548655 0.000000 -0.836049 -0.548655 0.000000 -0.836049 -0.548655 0.000000 -0.836049 -0.548655 0.000000 -0.899994 -0.435902 0.000000 -0.899994 -0.435902 0.000000 -0.899994 -0.435902 0.000000 -0.899994 -0.435902 0.000000 -0.899994 -0.435902 0.000000 -0.899994 -0.435902 0.000000 -0.948666 -0.316278 0.000000 -0.948666 -0.316278 0.000000 -0.948666 -0.316278 0.000000 -0.948666 -0.316278 0.000000 -0.948666 -0.316278 0.000000 -0.948666 -0.316278 0.000000 -0.981447 -0.191736 0.000000 -0.981447 -0.191736 0.000000 -0.981447 -0.191736 0.000000 -0.981447 -0.191736 0.000000 -0.981447 -0.191736 0.000000 -0.981447 -0.191736 0.000000 -0.997934 -0.064240 0.000000 -0.997934 -0.064240 0.000000 -0.997934 -0.064240 0.000000 -0.997934 -0.064240 0.000000 -0.997934 -0.064240 0.000000 -0.997934 -0.064240 0.000000 0.997934 -0.064240 0.000000 0.997934 -0.064240 0.000000 0.997934 -0.064240 0.000000 0.997934 -0.064240 0.000000 0.997934 -0.064240 0.000000 0.997934 -0.064240 0.000000 0.981447 -0.191736 0.000000 0.981447 -0.191736 0.000000 0.981447 -0.191736 0.000000 0.981447 -0.191736 0.000000 0.981447 -0.191736 0.000000 0.981447 -0.191736 0.000000 0.948666 -0.316278 0.000000 0.948666 -0.316278 0.000000 0.948666 -0.316278 0.000000 0.948666 -0.316278 0.000000 0.948666 -0.316278 0.000000 0.948666 -0.316278 0.000000 0.899994 -0.435902 0.000000 0.899994 -0.435902 0.000000 0.899994 -0.435902 0.000000 0.899994 -0.435902 0.000000 0.899994 -0.435902 0.000000 0.899994 -0.435902 0.000000 0.836049 -0.548655 0.000000 0.836049 -0.548655 0.000000 0.836049 -0.548655 0.000000 0.836049 -0.548655 0.000000 0.836049 -0.548655 0.000000 0.836049 -0.548655 0.000000 0.757692 -0.652612 0.000000 0.757692 -0.652612 0.000000 0.757692 -0.652612 0.000000 0.757692 -0.652612 0.000000 0.757692 -0.652612 0.000000 0.757692 -0.652612 0.000000 0.666042 -0.745914 0.000000 0.666042 -0.745914 0.000000 0.666042 -0.745914 0.000000 0.666042 -0.745914 0.000000 0.666042 -0.745914 0.000000 0.666042 -0.745914 0.000000 0.562495 -0.826801 0.000000 0.562495 -0.826801 0.000000 0.562495 -0.826801 0.000000 0.562495 -0.826801 0.000000 0.562495 -0.826801 0.000000 0.562495 -0.826801 0.000000 0.448723 -0.893671 0.000000 0.448723 -0.893671 0.000000 0.448723 -0.893671 0.000000 0.448723 -0.893671 0.000000 0.448723 -0.893671 0.000000 0.448723 -0.893671 0.000000 0.326665 -0.945140 0.000000 0.326665 -0.945140 0.000000 0.326665 -0.945140 0.000000 0.326665 -0.945140 0.000000 0.326665 -0.945140 0.000000 0.326665 -0.945140 0.000000 0.198499 -0.980101 0.000000 0.198499 -0.980101 0.000000 0.198499 -0.980101 0.000000 0.198499 -0.980101 0.000000 0.198499 -0.980101 0.000000 0.198499 -0.980101 0.000000 0.066587 -0.997781 0.000000 0.066587 -0.997781 0.000000 0.066587 -0.997781 0.000000 0.066587 -0.997781 0.000000 0.066587 -0.997781 0.000000 0.066587 -0.997781 0.000000 -0.066587 -0.997781 0.000000 -0.066587 -0.997781 0.000000 -0.066587 -0.997781 0.000000 -0.066587 -0.997781 0.000000 -0.066587 -0.997781 0.000000 -0.066587 -0.997781 0.000000 -0.198499 -0.980101 0.000000 -0.198499 -0.980101 0.000000 -0.198499 -0.980101 0.000000 -0.198499 -0.980101 0.000000 -0.198499 -0.980101 0.000000 -0.198499 -0.980101 0.000000 -0.326665 -0.945140 0.000000 -0.326665 -0.945140 0.000000 -0.326665 -0.945140 0.000000 -0.326665 -0.945140 0.000000 -0.326665 -0.945140 0.000000 -0.326665 -0.945140 0.000000 -0.448723 -0.893671 0.000000 -0.448723 -0.893671 0.000000 -0.448723 -0.893671 0.000000 -0.448723 -0.893671 0.000000 -0.448723 -0.893671 0.000000 -0.448723 -0.893671 0.000000 -0.562495 -0.826801 0.000000 -0.562495 -0.826801 0.000000 -0.562495 -0.826801 0.000000 -0.562495 -0.826801 0.000000 -0.562495 -0.826801 0.000000 -0.562495 -0.826801 0.000000 -0.666042 -0.745914 0.000000 -0.666042 -0.745914 0.000000 -0.666042 -0.745914 0.000000 -0.666042 -0.745914 0.000000 -0.666042 -0.745914 0.000000 -0.666042 -0.745914 0.000000 -0.757692 -0.652612 0.000000 -0.757692 -0.652612 0.000000 -0.757692 -0.652612 0.000000 -0.757692 -0.652612 0.000000 -0.757692 -0.652612 0.000000 -0.757692 -0.652612 0.000000 -0.836049 -0.548655 0.000000 -0.836049 -0.548655 0.000000 -0.836049 -0.548655 0.000000 -0.836049 -0.548655 0.000000 -0.836049 -0.548655 0.000000 -0.836049 -0.548655 0.000000 -0.899994 -0.435902 0.000000 -0.899994 -0.435902 0.000000 -0.899994 -0.435902 0.000000 -0.899994 -0.435902 0.000000 -0.899994 -0.435902 0.000000 -0.899994 -0.435902 0.000000 -0.948666 -0.316278 0.000000 -0.948666 -0.316278 0.000000 -0.948666 -0.316278 0.000000 -0.948666 -0.316278 0.000000 -0.948666 -0.316278 0.000000 -0.948666 -0.316278 0.000000 -0.981447 -0.191736 0.000000 -0.981447 -0.191736 0.000000 -0.981447 -0.191736 0.000000 -0.981447 -0.191736 0.000000 -0.981447 -0.191736 0.000000 -0.981447 -0.191736 0.000000 -0.997934 -0.064240 0.000000 -0.997934 -0.064240 0.000000 -0.997934 -0.064240 0.000000 -0.997934 -0.064240 0.000000 -0.997934 -0.064240 0.000000 -0.997934 -0.064240 0.000000 0.997934 -0.064240 0.000000 0.997934 -0.064240 0.000000 0.997934 -0.064240 0.000000 0.997934 -0.064240 0.000000 0.997934 -0.064240 0.000000 0.997934 -0.064240 0.000000 0.981447 -0.191736 0.000000 0.981447 -0.191736 0.000000 0.981447 -0.191736 0.000000 0.981447 -0.191736 0.000000 0.981447 -0.191736 0.000000 0.981447 -0.191736 0.000000 0.948666 -0.316278 0.000000 0.948666 -0.316278 0.000000 0.948666 -0.316278 0.000000 0.948666 -0.316278 0.000000 0.948666 -0.316278 0.000000 0.948666 -0.316278 0.000000 0.899994 -0.435902 0.000000 0.899994 -0.435902 0.000000 0.899994 -0.435902 0.000000 0.899994 -0.435902 0.000000 0.899994 -0.435902 0.000000 0.899994 -0.435902 0.000000 0.836049 -0.548655 0.000000 0.836049 -0.548655 0.000000 0.836049 -0.548655 0.000000 0.836049 -0.548655 0.000000 0.836049 -0.548655 0.000000 0.836049 -0.548655 0.000000 0.757692 -0.652612 0.000000 0.757692 -0.652612 0.000000 0.757692 -0.652612 0.000000 0.757692 -0.652612 0.000000 0.757692 -0.652612 0.000000 0.757692 -0.652612 0.000000 0.666042 -0.745914 0.000000 0.666042 -0.745914 0.000000 0.666042 -0.745914 0.000000 0.666042 -0.745914 0.000000 0.666042 -0.745914 0.000000 0.666042 -0.745914 0.000000 0.562495 -0.826801 0.000000 0.562495 -0.826801 0.000000 0.562495 -0.826801 0.000000 0.562495 -0.826801 0.000000 0.562495 -0.826801 0.000000 0.562495 -0.826801 0.000000 0.448723 -0.893671 0.000000 0.448723 -0.893671 0.000000 0.448723 -0.893671 0.000000 0.448723 -0.893671 0.000000 0.448723 -0.893671 0.000000 0.448723 -0.893671 0.000000 0.326665 -0.945140 0.000000 0.326665 -0.945140 0.000000 0.326665 -0.945140 0.000000 0.326665 -0.945140 0.000000 0.326665 -0.945140 0.000000 0.326665 -0.945140 0.000000 0.198499 -0.980101 0.000000 0.198499 -0.980101 0.000000 0.198499 -0.980101 0.000000 0.198499 -0.980101 0.000000 0.198499 -0.980101 0.000000 0.198499 -0.980101 0.000000 0.066587 -0.997781 0.000000 0.066587 -0.997781 0.000000 0.066587 -0.997781 0.000000 0.066587 -0.997781 0.000000 0.066587 -0.997781 0.000000 0.066587 -0.997781 0.000000 -0.066587 -0.997781 0.000000 -0.066587 -0.997781 0.000000 -0.066587 -0.997781 0.000000 -0.066587 -0.997781 0.000000 -0.066587 -0.997781 0.000000 -0.066587 -0.997781 0.000000 -0.198499 -0.980101 0.000000 -0.198499 -0.980101 0.000000 -0.198499 -0.980101 0.000000 -0.198499 -0.980101 0.000000 -0.198499 -0.980101 0.000000 -0.198499 -0.980101 0.000000 -0.326665 -0.945140 0.000000 -0.326665 -0.945140 0.000000 -0.326665 -0.945140 0.000000 -0.326665 -0.945140 0.000000 -0.326665 -0.945140 0.000000 -0.326665 -0.945140 0.000000 -0.448723 -0.893671 0.000000 -0.448723 -0.893671 0.000000 -0.448723 -0.893671 0.000000 -0.448723 -0.893671 0.000000 -0.448723 -0.893671 0.000000 -0.448723 -0.893671 0.000000 -0.562495 -0.826801 0.000000 -0.562495 -0.826801 0.000000 -0.562495 -0.826801 0.000000 -0.562495 -0.826801 0.000000 -0.562495 -0.826801 0.000000 -0.562495 -0.826801 0.000000 -0.666042 -0.745914 0.000000 -0.666042 -0.745914 0.000000 -0.666042 -0.745914 0.000000 -0.666042 -0.745914 0.000000 -0.666042 -0.745914 0.000000 -0.666042 -0.745914 0.000000 -0.757692 -0.652612 0.000000 -0.757692 -0.652612 0.000000 -0.757692 -0.652612 0.000000 -0.757692 -0.652612 0.000000 -0.757692 -0.652612 0.000000 -0.757692 -0.652612 0.000000 -0.836049 -0.548655 0.000000 -0.836049 -0.548655 0.000000 -0.836049 -0.548655 0.000000 -0.836049 -0.548655 0.000000 -0.836049 -0.548655 0.000000 -0.836049 -0.548655 0.000000 -0.899994 -0.435902 0.000000 -0.899994 -0.435902 0.000000 -0.899994 -0.435902 0.000000 -0.899994 -0.435902 0.000000 -0.899994 -0.435902 0.000000 -0.899994 -0.435902 0.000000 -0.948666 -0.316278 0.000000 -0.948666 -0.316278 0.000000 -0.948666 -0.316278 0.000000 -0.948666 -0.316278 0.000000 -0.948666 -0.316278 0.000000 -0.948666 -0.316278 0.000000 -0.981447 -0.191736 0.000000 -0.981447 -0.191736 0.000000 -0.981447 -0.191736 0.000000 -0.981447 -0.191736 0.000000 -0.981447 -0.191736 0.000000 -0.981447 -0.191736 0.000000 -0.997934 -0.064240 0.000000 -0.997934 -0.064240 0.000000 -0.997934 -0.064240 0.000000 -0.997934 -0.064240 0.000000 -0.997934 -0.064240 0.000000 -0.997934 -0.064240 0.000000 0.997934 -0.064240 0.000000 0.997934 -0.064240 0.000000 0.997934 -0.064240 0.000000 0.997934 -0.064240 0.000000 0.997934 -0.064240 0.000000 0.997934 -0.064240 0.000000 0.981447 -0.191736 0.000000 0.981447 -0.191736 0.000000 0.981447 -0.191736 0.000000 0.981447 -0.191736 0.000000 0.981447 -0.191736 0.000000 0.981447 -0.191736 0.000000 0.948666 -0.316278 0.000000 0.948666 -0.316278 0.000000 0.948666 -0.316278 0.000000 0.948666 -0.316278 0.000000 0.948666 -0.316278 0.000000 0.948666 -0.316278 0.000000 0.899994 -0.435902 0.000000 0.899994 -0.435902 0.000000 0.899994 -0.435902 0.000000 0.899994 -0.435902 0.000000 0.899994 -0.435902 0.000000 0.899994 -0.435902 0.000000 0.836049 -0.548655 0.000000 0.836049 -0.548655 0.000000 0.836049 -0.548655 0.000000 0.836049 -0.548655 0.000000 0.836049 -0.548655 0.000000 0.836049 -0.548655 0.000000 0.757692 -0.652612 0.000000 0.757692 -0.652612 0.000000 0.757692 -0.652612 0.000000 0.757692 -0.652612 0.000000 0.757692 -0.652612 0.000000 0.757692 -0.652612 0.000000 0.666042 -0.745914 0.000000 0.666042 -0.745914 0.000000 0.666042 -0.745914 0.000000 0.666042 -0.745914 0.000000 0.666042 -0.745914 0.000000 0.666042 -0.745914 0.000000 0.562495 -0.826801 0.000000 0.562495 -0.826801 0.000000 0.562495 -0.826801 0.000000 0.562495 -0.826801 0.000000 0.562495 -0.826801 0.000000 0.562495 -0.826801 0.000000 0.448723 -0.893671 0.000000 0.448723 -0.893671 0.000000 0.448723 -0.893671 0.000000 0.448723 -0.893671 0.000000 0.448723 -0.893671 0.000000 0.448723 -0.893671 0.000000 0.326665 -0.945140 0.000000 0.326665 -0.945140 0.000000 0.326665 -0.945140 0.000000 0.326665 -0.945140 0.000000 0.326665 -0.945140 0.000000 0.326665 -0.945140 0.000000 0.198499 -0.980101 0.000000 0.198499 -0.980101 0.000000 0.198499 -0.980101 0.000000 0.198499 -0.980101 0.000000 0.198499 -0.980101 0.000000 0.198499 -0.980101 0.000000 0.066587 -0.997781 0.000000 0.066587 -0.997781 0.000000 0.066587 -0.997781 0.000000 0.066587 -0.997781 0.000000 0.066587 -0.997781 0.000000 0.066587 -0.997781 0.000000 -0.066587 -0.997781 0.000000 -0.066587 -0.997781 0.000000 -0.066587 -0.997781 0.000000 -0.066587 -0.997781 0.000000 -0.066587 -0.997781 0.000000 -0.066587 -0.997781 0.000000 -0.198499 -0.980101 0.000000 -0.198499 -0.980101 0.000000 -0.198499 -0.980101 0.000000 -0.198499 -0.980101 0.000000 -0.198499 -0.980101 0.000000 -0.198499 -0.980101 0.000000 -0.326665 -0.945140 0.000000 -0.326665 -0.945140 0.000000 -0.326665 -0.945140 0.000000 -0.326665 -0.945140 0.000000 -0.326665 -0.945140 0.000000 -0.326665 -0.945140 0.000000 -0.448723 -0.893671 0.000000 -0.448723 -0.893671 0.000000 -0.448723 -0.893671 0.000000 -0.448723 -0.893671 0.000000 -0.448723 -0.893671 0.000000 -0.448723 -0.893671 0.000000 -0.562495 -0.826801 0.000000 -0.562495 -0.826801 0.000000 -0.562495 -0.826801 0.000000 -0.562495 -0.826801 0.000000 -0.562495 -0.826801 0.000000 -0.562495 -0.826801 0.000000 -0.666042 -0.745914 0.000000 -0.666042 -0.745914 0.000000 -0.666042 -0.745914 0.000000 -0.666042 -0.745914 0.000000 -0.666042 -0.745914 0.000000 -0.666042 -0.745914 0.000000 -0.757692 -0.652612 0.000000 -0.757692 -0.652612 0.000000 -0.757692 -0.652612 0.000000 -0.757692 -0.652612 0.000000 -0.757692 -0.652612 0.000000 -0.757692 -0.652612 0.000000 -0.836049 -0.548655 0.000000 -0.836049 -0.548655 0.000000 -0.836049 -0.548655 0.000000 -0.836049 -0.548655 0.000000 -0.836049 -0.548655 0.000000 -0.836049 -0.548655 0.000000 -0.899994 -0.435902 0.000000 -0.899994 -0.435902 0.000000 -0.899994 -0.435902 0.000000 -0.899994 -0.435902 0.000000 -0.899994 -0.435902 0.000000 -0.899994 -0.435902 0.000000 -0.948666 -0.316278 0.000000 -0.948666 -0.316278 0.000000 -0.948666 -0.316278 0.000000 -0.948666 -0.316278 0.000000 -0.948666 -0.316278 0.000000 -0.948666 -0.316278 0.000000 -0.981447 -0.191736 0.000000 -0.981447 -0.191736 0.000000 -0.981447 -0.191736 0.000000 -0.981447 -0.191736 0.000000 -0.981447 -0.191736 0.000000 -0.981447 -0.191736 0.000000 -0.997934 -0.064240 0.000000 -0.997934 -0.064240 0.000000 -0.997934 -0.064240 0.000000 -0.997934 -0.064240 0.000000 -0.997934 -0.064240 0.000000 -0.997934 -0.064240 -0.022131 0.997690 -0.064224 -0.022131 0.997690 -0.064224 -0.022131 0.997690 -0.064224 -0.022131 0.997690 -0.064224 -0.022131 0.997690 -0.064224 -0.022131 0.997690 -0.064224 -0.022144 0.981206 -0.191689 -0.022144 0.981206 -0.191689 -0.022144 0.981206 -0.191689 -0.022144 0.981206 -0.191689 -0.022144 0.981206 -0.191689 -0.022144 0.981206 -0.191689 -0.022170 0.948433 -0.316201 -0.022170 0.948433 -0.316201 -0.022170 0.948433 -0.316201 -0.022170 0.948433 -0.316201 -0.022170 0.948433 -0.316201 -0.022170 0.948433 -0.316201 -0.022206 0.899772 -0.435795 -0.022206 0.899772 -0.435795 -0.022206 0.899772 -0.435795 -0.022206 0.899772 -0.435795 -0.022206 0.899772 -0.435795 -0.022206 0.899772 -0.435795 -0.022251 0.835842 -0.548519 -0.022251 0.835842 -0.548519 -0.022251 0.835842 -0.548519 -0.022251 0.835842 -0.548519 -0.022251 0.835842 -0.548519 -0.022251 0.835842 -0.548519 -0.022302 0.757504 -0.652450 -0.022302 0.757504 -0.652450 -0.022302 0.757504 -0.652450 -0.022302 0.757504 -0.652450 -0.022302 0.757504 -0.652450 -0.022302 0.757504 -0.652450 -0.022354 0.665876 -0.745727 -0.022354 0.665876 -0.745727 -0.022354 0.665876 -0.745727 -0.022354 0.665876 -0.745727 -0.022354 0.665876 -0.745727 -0.022354 0.665876 -0.745727 -0.022405 0.562354 -0.826593 -0.022405 0.562354 -0.826593 -0.022405 0.562354 -0.826593 -0.022405 0.562354 -0.826593 -0.022405 0.562354 -0.826593 -0.022405 0.562354 -0.826593 -0.022451 0.448610 -0.893446 -0.022451 0.448610 -0.893446 -0.022451 0.448610 -0.893446 -0.022451 0.448610 -0.893446 -0.022451 0.448610 -0.893446 -0.022451 0.448610 -0.893446 -0.022489 0.326583 -0.944901 -0.022489 0.326583 -0.944901 -0.022489 0.326583 -0.944901 -0.022489 0.326583 -0.944901 -0.022489 0.326583 -0.944901 -0.022489 0.326583 -0.944901 -0.022516 0.198449 -0.979853 -0.022516 0.198449 -0.979853 -0.022516 0.198449 -0.979853 -0.022516 0.198449 -0.979853 -0.022516 0.198449 -0.979853 -0.022516 0.198449 -0.979853 -0.022530 0.066570 -0.997527 -0.022530 0.066570 -0.997527 -0.022530 0.066570 -0.997527 -0.022530 0.066570 -0.997527 -0.022530 0.066570 -0.997527 -0.022530 0.066570 -0.997527 -0.022530 -0.066570 -0.997527 -0.022530 -0.066570 -0.997527 -0.022530 -0.066570 -0.997527 -0.022530 -0.066570 -0.997527 -0.022530 -0.066570 -0.997527 -0.022530 -0.066570 -0.997527 -0.022516 -0.198449 -0.979853 -0.022516 -0.198449 -0.979853 -0.022516 -0.198449 -0.979853 -0.022516 -0.198449 -0.979853 -0.022516 -0.198449 -0.979853 -0.022516 -0.198449 -0.979853 -0.022489 -0.326583 -0.944901 -0.022489 -0.326583 -0.944901 -0.022489 -0.326583 -0.944901 -0.022489 -0.326583 -0.944901 -0.022489 -0.326583 -0.944901 -0.022489 -0.326583 -0.944901 -0.022451 -0.448610 -0.893446 -0.022451 -0.448610 -0.893446 -0.022451 -0.448610 -0.893446 -0.022451 -0.448610 -0.893446 -0.022451 -0.448610 -0.893446 -0.022451 -0.448610 -0.893446 -0.022405 -0.562354 -0.826593 -0.022405 -0.562354 -0.826593 -0.022405 -0.562354 -0.826593 -0.022405 -0.562354 -0.826593 -0.022405 -0.562354 -0.826593 -0.022405 -0.562354 -0.826593 -0.022354 -0.665876 -0.745727 -0.022354 -0.665876 -0.745727 -0.022354 -0.665876 -0.745727 -0.022354 -0.665876 -0.745727 -0.022354 -0.665876 -0.745727 -0.022354 -0.665876 -0.745727 -0.022302 -0.757504 -0.652450 -0.022302 -0.757504 -0.652450 -0.022302 -0.757504 -0.652450 -0.022302 -0.757504 -0.652450 -0.022302 -0.757504 -0.652450 -0.022302 -0.757504 -0.652450 -0.022251 -0.835842 -0.548519 -0.022251 -0.835842 -0.548519 -0.022251 -0.835842 -0.548519 -0.022251 -0.835842 -0.548519 -0.022251 -0.835842 -0.548519 -0.022251 -0.835842 -0.548519 -0.022206 -0.899772 -0.435795 -0.022206 -0.899772 -0.435795 -0.022206 -0.899772 -0.435795 -0.022206 -0.899772 -0.435795 -0.022206 -0.899772 -0.435795 -0.022206 -0.899772 -0.435795 -0.022170 -0.948433 -0.316201 -0.022170 -0.948433 -0.316201 -0.022170 -0.948433 -0.316201 -0.022170 -0.948433 -0.316201 -0.022170 -0.948433 -0.316201 -0.022170 -0.948433 -0.316201 -0.022144 -0.981206 -0.191689 -0.022144 -0.981206 -0.191689 -0.022144 -0.981206 -0.191689 -0.022144 -0.981206 -0.191689 -0.022144 -0.981206 -0.191689 -0.022144 -0.981206 -0.191689 -0.022131 -0.997690 -0.064224 -0.022131 -0.997690 -0.064224 -0.022131 -0.997690 -0.064224 -0.022131 -0.997690 -0.064224 -0.022131 -0.997690 -0.064224 -0.022131 -0.997690 -0.064224 -0.364258 0.929375 -0.059827 -0.364258 0.929375 -0.059827 -0.364258 0.929375 -0.059827 -0.364258 0.929375 -0.059827 -0.364258 0.929375 -0.059827 -0.364258 0.929375 -0.059827 -0.364447 0.913947 -0.178549 -0.364447 0.913947 -0.178549 -0.364447 0.913947 -0.178549 -0.364447 0.913947 -0.178549 -0.364447 0.913947 -0.178549 -0.364447 0.913947 -0.178549 -0.364813 0.883285 -0.294481 -0.364813 0.883285 -0.294481 -0.364813 0.883285 -0.294481 -0.364813 0.883285 -0.294481 -0.364813 0.883285 -0.294481 -0.364813 0.883285 -0.294481 -0.365332 0.837784 -0.405772 -0.365332 0.837784 -0.405772 -0.365332 0.837784 -0.405772 -0.365332 0.837784 -0.405772 -0.365332 0.837784 -0.405772 -0.365332 0.837784 -0.405772 -0.365972 0.778049 -0.510592 -0.365972 0.778049 -0.510592 -0.365972 0.778049 -0.510592 -0.365972 0.778049 -0.510592 -0.365972 0.778049 -0.510592 -0.365972 0.778049 -0.510592 -0.366689 0.704914 -0.607154 -0.366689 0.704914 -0.607154 -0.366689 0.704914 -0.607154 -0.366689 0.704914 -0.607154 -0.366689 0.704914 -0.607154 -0.366689 0.704914 -0.607154 -0.367436 0.619452 -0.693736 -0.367436 0.619452 -0.693736 -0.367436 0.619452 -0.693736 -0.367436 0.619452 -0.693736 -0.367436 0.619452 -0.693736 -0.367436 0.619452 -0.693736 -0.368161 0.522986 -0.768728 -0.368161 0.522986 -0.768728 -0.368161 0.522986 -0.768728 -0.368161 0.522986 -0.768728 -0.368161 0.522986 -0.768728 -0.368161 0.522986 -0.768728 -0.368816 0.417089 -0.830669 -0.368816 0.417089 -0.830669 -0.368816 0.417089 -0.830669 -0.368816 0.417089 -0.830669 -0.368816 0.417089 -0.830669 -0.368816 0.417089 -0.830669 -0.369353 0.303566 -0.878309 -0.369353 0.303566 -0.878309 -0.369353 0.303566 -0.878309 -0.369353 0.303566 -0.878309 -0.369353 0.303566 -0.878309 -0.369353 0.303566 -0.878309 -0.369734 0.184433 -0.910649 -0.369734 0.184433 -0.910649 -0.369734 0.184433 -0.910649 -0.369734 0.184433 -0.910649 -0.369734 0.184433 -0.910649 -0.369734 0.184433 -0.910649 -0.369932 0.061863 -0.926997 -0.369932 0.061863 -0.926997 -0.369932 0.061863 -0.926997 -0.369932 0.061863 -0.926997 -0.369932 0.061863 -0.926997 -0.369932 0.061863 -0.926997 -0.369932 -0.061863 -0.926997 -0.369932 -0.061863 -0.926997 -0.369932 -0.061863 -0.926997 -0.369932 -0.061863 -0.926997 -0.369932 -0.061863 -0.926997 -0.369932 -0.061863 -0.926997 -0.369734 -0.184433 -0.910649 -0.369734 -0.184433 -0.910649 -0.369734 -0.184433 -0.910649 -0.369734 -0.184433 -0.910649 -0.369734 -0.184433 -0.910649 -0.369734 -0.184433 -0.910649 -0.369353 -0.303566 -0.878309 -0.369353 -0.303566 -0.878309 -0.369353 -0.303566 -0.878309 -0.369353 -0.303566 -0.878309 -0.369353 -0.303566 -0.878309 -0.369353 -0.303566 -0.878309 -0.368816 -0.417089 -0.830669 -0.368816 -0.417089 -0.830669 -0.368816 -0.417089 -0.830669 -0.368816 -0.417089 -0.830669 -0.368816 -0.417089 -0.830669 -0.368816 -0.417089 -0.830669 -0.368161 -0.522986 -0.768728 -0.368161 -0.522986 -0.768728 -0.368161 -0.522986 -0.768728 -0.368161 -0.522986 -0.768728 -0.368161 -0.522986 -0.768728 -0.368161 -0.522986 -0.768728 -0.367436 -0.619452 -0.693736 -0.367436 -0.619452 -0.693736 -0.367436 -0.619452 -0.693736 -0.367436 -0.619452 -0.693736 -0.367436 -0.619452 -0.693736 -0.367436 -0.619452 -0.693736 -0.366689 -0.704914 -0.607154 -0.366689 -0.704914 -0.607154 -0.366689 -0.704914 -0.607154 -0.366689 -0.704914 -0.607154 -0.366689 -0.704914 -0.607154 -0.366689 -0.704914 -0.607154 -0.365972 -0.778049 -0.510592 -0.365972 -0.778049 -0.510592 -0.365972 -0.778049 -0.510592 -0.365972 -0.778049 -0.510592 -0.365972 -0.778049 -0.510592 -0.365972 -0.778049 -0.510592 -0.365332 -0.837784 -0.405772 -0.365332 -0.837784 -0.405772 -0.365332 -0.837784 -0.405772 -0.365332 -0.837784 -0.405772 -0.365332 -0.837784 -0.405772 -0.365332 -0.837784 -0.405772 -0.364813 -0.883285 -0.294481 -0.364813 -0.883285 -0.294481 -0.364813 -0.883285 -0.294481 -0.364813 -0.883285 -0.294481 -0.364813 -0.883285 -0.294481 -0.364813 -0.883285 -0.294481 -0.364447 -0.913947 -0.178549 -0.364447 -0.913947 -0.178549 -0.364447 -0.913947 -0.178549 -0.364447 -0.913947 -0.178549 -0.364447 -0.913947 -0.178549 -0.364447 -0.913947 -0.178549 -0.364258 -0.929375 -0.059827 -0.364258 -0.929375 -0.059827 -0.364258 -0.929375 -0.059827 -0.364258 -0.929375 -0.059827 -0.364258 -0.929375 -0.059827 -0.364258 -0.929375 -0.059827 -0.311509 0.948281 -0.061044 -0.311509 0.948281 -0.061044 -0.311509 0.948281 -0.061044 -0.311509 0.948281 -0.061044 -0.311509 0.948281 -0.061044 -0.311509 0.948281 -0.061044 -0.311677 0.932559 -0.182185 -0.311677 0.932559 -0.182185 -0.311677 0.932559 -0.182185 -0.311677 0.932559 -0.182185 -0.311677 0.932559 -0.182185 -0.311677 0.932559 -0.182185 -0.312003 0.901310 -0.300490 -0.312003 0.901310 -0.300490 -0.312003 0.901310 -0.300490 -0.312003 0.901310 -0.300490 -0.312003 0.901310 -0.300490 -0.312003 0.901310 -0.300490 -0.312466 0.854930 -0.414076 -0.312466 0.854930 -0.414076 -0.312466 0.854930 -0.414076 -0.312466 0.854930 -0.414076 -0.312466 0.854930 -0.414076 -0.312466 0.854930 -0.414076 -0.313035 0.794031 -0.521080 -0.313035 0.794031 -0.521080 -0.313035 0.794031 -0.521080 -0.313035 0.794031 -0.521080 -0.313035 0.794031 -0.521080 -0.313035 0.794031 -0.521080 -0.313674 0.719452 -0.619675 -0.313674 0.719452 -0.619675 -0.313674 0.719452 -0.619675 -0.313674 0.719452 -0.619675 -0.313674 0.719452 -0.619675 -0.313674 0.719452 -0.619675 -0.314340 0.632281 -0.708104 -0.314340 0.632281 -0.708104 -0.314340 0.632281 -0.708104 -0.314340 0.632281 -0.708104 -0.314340 0.632281 -0.708104 -0.314340 0.632281 -0.708104 -0.314987 0.533862 -0.784713 -0.314987 0.533862 -0.784713 -0.314987 0.533862 -0.784713 -0.314987 0.533862 -0.784713 -0.314987 0.533862 -0.784713 -0.314987 0.533862 -0.784713 -0.315570 0.425794 -0.848006 -0.315570 0.425794 -0.848006 -0.315570 0.425794 -0.848006 -0.315570 0.425794 -0.848006 -0.315570 0.425794 -0.848006 -0.315570 0.425794 -0.848006 -0.316049 0.309921 -0.896695 -0.316049 0.309921 -0.896695 -0.316049 0.309921 -0.896695 -0.316049 0.309921 -0.896695 -0.316049 0.309921 -0.896695 -0.316049 0.309921 -0.896695 -0.316389 0.188302 -0.929753 -0.316389 0.188302 -0.929753 -0.316389 0.188302 -0.929753 -0.316389 0.188302 -0.929753 -0.316389 0.188302 -0.929753 -0.316389 0.188302 -0.929753 -0.316565 0.063163 -0.946465 -0.316565 0.063163 -0.946465 -0.316565 0.063163 -0.946465 -0.316565 0.063163 -0.946465 -0.316565 0.063163 -0.946465 -0.316565 0.063163 -0.946465 -0.316565 -0.063163 -0.946465 -0.316565 -0.063163 -0.946465 -0.316565 -0.063163 -0.946465 -0.316565 -0.063163 -0.946465 -0.316565 -0.063163 -0.946465 -0.316565 -0.063163 -0.946465 -0.316389 -0.188302 -0.929753 -0.316389 -0.188302 -0.929753 -0.316389 -0.188302 -0.929753 -0.316389 -0.188302 -0.929753 -0.316389 -0.188302 -0.929753 -0.316389 -0.188302 -0.929753 -0.316049 -0.309921 -0.896695 -0.316049 -0.309921 -0.896695 -0.316049 -0.309921 -0.896695 -0.316049 -0.309921 -0.896695 -0.316049 -0.309921 -0.896695 -0.316049 -0.309921 -0.896695 -0.315570 -0.425794 -0.848006 -0.315570 -0.425794 -0.848006 -0.315570 -0.425794 -0.848006 -0.315570 -0.425794 -0.848006 -0.315570 -0.425794 -0.848006 -0.315570 -0.425794 -0.848006 -0.314987 -0.533862 -0.784713 -0.314987 -0.533862 -0.784713 -0.314987 -0.533862 -0.784713 -0.314987 -0.533862 -0.784713 -0.314987 -0.533862 -0.784713 -0.314987 -0.533862 -0.784713 -0.314340 -0.632281 -0.708104 -0.314340 -0.632281 -0.708104 -0.314340 -0.632281 -0.708104 -0.314340 -0.632281 -0.708104 -0.314340 -0.632281 -0.708104 -0.314340 -0.632281 -0.708104 -0.313674 -0.719452 -0.619675 -0.313674 -0.719452 -0.619675 -0.313674 -0.719452 -0.619675 -0.313674 -0.719452 -0.619675 -0.313674 -0.719452 -0.619675 -0.313674 -0.719452 -0.619675 -0.313035 -0.794031 -0.521080 -0.313035 -0.794031 -0.521080 -0.313035 -0.794031 -0.521080 -0.313035 -0.794031 -0.521080 -0.313035 -0.794031 -0.521080 -0.313035 -0.794031 -0.521080 -0.312466 -0.854930 -0.414076 -0.312466 -0.854930 -0.414076 -0.312466 -0.854930 -0.414076 -0.312466 -0.854930 -0.414076 -0.312466 -0.854930 -0.414076 -0.312466 -0.854930 -0.414076 -0.312003 -0.901310 -0.300490 -0.312003 -0.901310 -0.300490 -0.312003 -0.901310 -0.300490 -0.312003 -0.901310 -0.300490 -0.312003 -0.901310 -0.300490 -0.312003 -0.901310 -0.300490 -0.311677 -0.932559 -0.182185 -0.311677 -0.932559 -0.182185 -0.311677 -0.932559 -0.182185 -0.311677 -0.932559 -0.182185 -0.311677 -0.932559 -0.182185 -0.311677 -0.932559 -0.182185 -0.311509 -0.948281 -0.061044 -0.311509 -0.948281 -0.061044 -0.311509 -0.948281 -0.061044 -0.311509 -0.948281 -0.061044 -0.311509 -0.948281 -0.061044 -0.311509 -0.948281 -0.061044 -0.259186 0.963832 -0.062045 -0.259186 0.963832 -0.062045 -0.259186 0.963832 -0.062045 -0.259186 0.963832 -0.062045 -0.259186 0.963832 -0.062045 -0.259186 0.963832 -0.062045 -0.259331 0.947870 -0.185176 -0.259331 0.947870 -0.185176 -0.259331 0.947870 -0.185176 -0.259331 0.947870 -0.185176 -0.259331 0.947870 -0.185176 -0.259331 0.947870 -0.185176 -0.259611 0.916140 -0.305434 -0.259611 0.916140 -0.305434 -0.259611 0.916140 -0.305434 -0.259611 0.916140 -0.305434 -0.259611 0.916140 -0.305434 -0.259611 0.916140 -0.305434 -0.260009 0.869040 -0.420910 -0.260009 0.869040 -0.420910 -0.260009 0.869040 -0.420910 -0.260009 0.869040 -0.420910 -0.260009 0.869040 -0.420910 -0.260009 0.869040 -0.420910 -0.260499 0.807184 -0.529712 -0.260499 0.807184 -0.529712 -0.260499 0.807184 -0.529712 -0.260499 0.807184 -0.529712 -0.260499 0.807184 -0.529712 -0.260499 0.807184 -0.529712 -0.261048 0.731420 -0.629984 -0.261048 0.731420 -0.629984 -0.261048 0.731420 -0.629984 -0.261048 0.731420 -0.629984 -0.261048 0.731420 -0.629984 -0.261048 0.731420 -0.629984 -0.261621 0.642845 -0.719934 -0.261621 0.642845 -0.719934 -0.261621 0.642845 -0.719934 -0.261621 0.642845 -0.719934 -0.261621 0.642845 -0.719934 -0.261621 0.642845 -0.719934 -0.262178 0.542819 -0.797879 -0.262178 0.542819 -0.797879 -0.262178 0.542819 -0.797879 -0.262178 0.542819 -0.797879 -0.262178 0.542819 -0.797879 -0.262178 0.542819 -0.797879 -0.262680 0.432965 -0.862288 -0.262680 0.432965 -0.862288 -0.262680 0.432965 -0.862288 -0.262680 0.432965 -0.862288 -0.262680 0.432965 -0.862288 -0.262680 0.432965 -0.862288 -0.263092 0.315157 -0.911844 -0.263092 0.315157 -0.911844 -0.263092 0.315157 -0.911844 -0.263092 0.315157 -0.911844 -0.263092 0.315157 -0.911844 -0.263092 0.315157 -0.911844 -0.263384 0.191490 -0.945495 -0.263384 0.191490 -0.945495 -0.263384 0.191490 -0.945495 -0.263384 0.191490 -0.945495 -0.263384 0.191490 -0.945495 -0.263384 0.191490 -0.945495 -0.263536 0.064233 -0.962509 -0.263536 0.064233 -0.962509 -0.263536 0.064233 -0.962509 -0.263536 0.064233 -0.962509 -0.263536 0.064233 -0.962509 -0.263536 0.064233 -0.962509 -0.263536 -0.064233 -0.962509 -0.263536 -0.064233 -0.962509 -0.263536 -0.064233 -0.962509 -0.263536 -0.064233 -0.962509 -0.263536 -0.064233 -0.962509 -0.263536 -0.064233 -0.962509 -0.263384 -0.191490 -0.945495 -0.263384 -0.191490 -0.945495 -0.263384 -0.191490 -0.945495 -0.263384 -0.191490 -0.945495 -0.263384 -0.191490 -0.945495 -0.263384 -0.191490 -0.945495 -0.263092 -0.315157 -0.911844 -0.263092 -0.315157 -0.911844 -0.263092 -0.315157 -0.911844 -0.263092 -0.315157 -0.911844 -0.263092 -0.315157 -0.911844 -0.263092 -0.315157 -0.911844 -0.262680 -0.432965 -0.862288 -0.262680 -0.432965 -0.862288 -0.262680 -0.432965 -0.862288 -0.262680 -0.432965 -0.862288 -0.262680 -0.432965 -0.862288 -0.262680 -0.432965 -0.862288 -0.262178 -0.542819 -0.797879 -0.262178 -0.542819 -0.797879 -0.262178 -0.542819 -0.797879 -0.262178 -0.542819 -0.797879 -0.262178 -0.542819 -0.797879 -0.262178 -0.542819 -0.797879 -0.261621 -0.642845 -0.719934 -0.261621 -0.642845 -0.719934 -0.261621 -0.642845 -0.719934 -0.261621 -0.642845 -0.719934 -0.261621 -0.642845 -0.719934 -0.261621 -0.642845 -0.719934 -0.261048 -0.731420 -0.629984 -0.261048 -0.731420 -0.629984 -0.261048 -0.731420 -0.629984 -0.261048 -0.731420 -0.629984 -0.261048 -0.731420 -0.629984 -0.261048 -0.731420 -0.629984 -0.260499 -0.807184 -0.529712 -0.260499 -0.807184 -0.529712 -0.260499 -0.807184 -0.529712 -0.260499 -0.807184 -0.529712 -0.260499 -0.807184 -0.529712 -0.260499 -0.807184 -0.529712 -0.260009 -0.869040 -0.420910 -0.260009 -0.869040 -0.420910 -0.260009 -0.869040 -0.420910 -0.260009 -0.869040 -0.420910 -0.260009 -0.869040 -0.420910 -0.260009 -0.869040 -0.420910 -0.259611 -0.916140 -0.305434 -0.259611 -0.916140 -0.305434 -0.259611 -0.916140 -0.305434 -0.259611 -0.916140 -0.305434 -0.259611 -0.916140 -0.305434 -0.259611 -0.916140 -0.305434 -0.259331 -0.947870 -0.185176 -0.259331 -0.947870 -0.185176 -0.259331 -0.947870 -0.185176 -0.259331 -0.947870 -0.185176 -0.259331 -0.947870 -0.185176 -0.259331 -0.947870 -0.185176 -0.259186 -0.963832 -0.062045 -0.259186 -0.963832 -0.062045 -0.259186 -0.963832 -0.062045 -0.259186 -0.963832 -0.062045 -0.259186 -0.963832 -0.062045 -0.259186 -0.963832 -0.062045 -0.208332 0.976038 -0.062831 -0.208332 0.976038 -0.062831 -0.208332 0.976038 -0.062831 -0.208332 0.976038 -0.062831 -0.208332 0.976038 -0.062831 -0.208332 0.976038 -0.062831 -0.208452 0.959887 -0.187524 -0.208452 0.959887 -0.187524 -0.208452 0.959887 -0.187524 -0.208452 0.959887 -0.187524 -0.208452 0.959887 -0.187524 -0.208452 0.959887 -0.187524 -0.208683 0.927780 -0.309315 -0.208683 0.927780 -0.309315 -0.208683 0.927780 -0.309315 -0.208683 0.927780 -0.309315 -0.208683 0.927780 -0.309315 -0.208683 0.927780 -0.309315 -0.209011 0.880116 -0.426275 -0.209011 0.880116 -0.426275 -0.209011 0.880116 -0.426275 -0.209011 0.880116 -0.426275 -0.209011 0.880116 -0.426275 -0.209011 0.880116 -0.426275 -0.209415 0.817511 -0.536489 -0.209415 0.817511 -0.536489 -0.209415 0.817511 -0.536489 -0.209415 0.817511 -0.536489 -0.209415 0.817511 -0.536489 -0.209415 0.817511 -0.536489 -0.209868 0.740818 -0.638079 -0.209868 0.740818 -0.638079 -0.209868 0.740818 -0.638079 -0.209868 0.740818 -0.638079 -0.209868 0.740818 -0.638079 -0.209868 0.740818 -0.638079 -0.210340 0.651142 -0.729226 -0.210340 0.651142 -0.729226 -0.210340 0.651142 -0.729226 -0.210340 0.651142 -0.729226 -0.210340 0.651142 -0.729226 -0.210340 0.651142 -0.729226 -0.210799 0.549855 -0.808222 -0.210799 0.549855 -0.808222 -0.210799 0.549855 -0.808222 -0.210799 0.549855 -0.808222 -0.210799 0.549855 -0.808222 -0.210799 0.549855 -0.808222 -0.211213 0.438599 -0.873510 -0.211213 0.438599 -0.873510 -0.211213 0.438599 -0.873510 -0.211213 0.438599 -0.873510 -0.211213 0.438599 -0.873510 -0.211213 0.438599 -0.873510 -0.211554 0.319272 -0.923748 -0.211554 0.319272 -0.923748 -0.211554 0.319272 -0.923748 -0.211554 0.319272 -0.923748 -0.211554 0.319272 -0.923748 -0.211554 0.319272 -0.923748 -0.211795 0.193996 -0.957867 -0.211795 0.193996 -0.957867 -0.211795 0.193996 -0.957867 -0.211795 0.193996 -0.957867 -0.211795 0.193996 -0.957867 -0.211795 0.193996 -0.957867 -0.211920 0.065075 -0.975118 -0.211920 0.065075 -0.975118 -0.211920 0.065075 -0.975118 -0.211920 0.065075 -0.975118 -0.211920 0.065075 -0.975118 -0.211920 0.065075 -0.975118 -0.211920 -0.065075 -0.975118 -0.211920 -0.065075 -0.975118 -0.211920 -0.065075 -0.975118 -0.211920 -0.065075 -0.975118 -0.211920 -0.065075 -0.975118 -0.211920 -0.065075 -0.975118 -0.211795 -0.193996 -0.957867 -0.211795 -0.193996 -0.957867 -0.211795 -0.193996 -0.957867 -0.211795 -0.193996 -0.957867 -0.211795 -0.193996 -0.957867 -0.211795 -0.193996 -0.957867 -0.211554 -0.319272 -0.923748 -0.211554 -0.319272 -0.923748 -0.211554 -0.319272 -0.923748 -0.211554 -0.319272 -0.923748 -0.211554 -0.319272 -0.923748 -0.211554 -0.319272 -0.923748 -0.211213 -0.438599 -0.873510 -0.211213 -0.438599 -0.873510 -0.211213 -0.438599 -0.873510 -0.211213 -0.438599 -0.873510 -0.211213 -0.438599 -0.873510 -0.211213 -0.438599 -0.873510 -0.210799 -0.549855 -0.808222 -0.210799 -0.549855 -0.808222 -0.210799 -0.549855 -0.808222 -0.210799 -0.549855 -0.808222 -0.210799 -0.549855 -0.808222 -0.210799 -0.549855 -0.808222 -0.210340 -0.651142 -0.729226 -0.210340 -0.651142 -0.729226 -0.210340 -0.651142 -0.729226 -0.210340 -0.651142 -0.729226 -0.210340 -0.651142 -0.729226 -0.210340 -0.651142 -0.729226 -0.209868 -0.740818 -0.638079 -0.209868 -0.740818 -0.638079 -0.209868 -0.740818 -0.638079 -0.209868 -0.740818 -0.638079 -0.209868 -0.740818 -0.638079 -0.209868 -0.740818 -0.638079 -0.209415 -0.817511 -0.536489 -0.209415 -0.817511 -0.536489 -0.209415 -0.817511 -0.536489 -0.209415 -0.817511 -0.536489 -0.209415 -0.817511 -0.536489 -0.209415 -0.817511 -0.536489 -0.209011 -0.880116 -0.426275 -0.209011 -0.880116 -0.426275 -0.209011 -0.880116 -0.426275 -0.209011 -0.880116 -0.426275 -0.209011 -0.880116 -0.426275 -0.209011 -0.880116 -0.426275 -0.208683 -0.927780 -0.309315 -0.208683 -0.927780 -0.309315 -0.208683 -0.927780 -0.309315 -0.208683 -0.927780 -0.309315 -0.208683 -0.927780 -0.309315 -0.208683 -0.927780 -0.309315 -0.208452 -0.959887 -0.187524 -0.208452 -0.959887 -0.187524 -0.208452 -0.959887 -0.187524 -0.208452 -0.959887 -0.187524 -0.208452 -0.959887 -0.187524 -0.208452 -0.959887 -0.187524 -0.208332 -0.976038 -0.062831 -0.208332 -0.976038 -0.062831 -0.208332 -0.976038 -0.062831 -0.208332 -0.976038 -0.062831 -0.208332 -0.976038 -0.062831 -0.208332 -0.976038 -0.062831 -0.160013 0.985076 -0.063412 -0.160013 0.985076 -0.063412 -0.160013 0.985076 -0.063412 -0.160013 0.985076 -0.063412 -0.160013 0.985076 -0.063412 -0.160013 0.985076 -0.063412 -0.160106 0.968786 -0.189262 -0.160106 0.968786 -0.189262 -0.160106 0.968786 -0.189262 -0.160106 0.968786 -0.189262 -0.160106 0.968786 -0.189262 -0.160106 0.968786 -0.189262 -0.160287 0.936401 -0.312189 -0.160287 0.936401 -0.312189 -0.160287 0.936401 -0.312189 -0.160287 0.936401 -0.312189 -0.160287 0.936401 -0.312189 -0.160287 0.936401 -0.312189 -0.160543 0.888320 -0.430248 -0.160543 0.888320 -0.430248 -0.160543 0.888320 -0.430248 -0.160543 0.888320 -0.430248 -0.160543 0.888320 -0.430248 -0.160543 0.888320 -0.430248 -0.160859 0.825162 -0.541510 -0.160859 0.825162 -0.541510 -0.160859 0.825162 -0.541510 -0.160859 0.825162 -0.541510 -0.160859 0.825162 -0.541510 -0.160859 0.825162 -0.541510 -0.161214 0.747781 -0.644076 -0.161214 0.747781 -0.644076 -0.161214 0.747781 -0.644076 -0.161214 0.747781 -0.644076 -0.161214 0.747781 -0.644076 -0.161214 0.747781 -0.644076 -0.161584 0.657290 -0.736112 -0.161584 0.657290 -0.736112 -0.161584 0.657290 -0.736112 -0.161584 0.657290 -0.736112 -0.161584 0.657290 -0.736112 -0.161584 0.657290 -0.736112 -0.161943 0.555070 -0.815887 -0.161943 0.555070 -0.815887 -0.161943 0.555070 -0.815887 -0.161943 0.555070 -0.815887 -0.161943 0.555070 -0.815887 -0.161943 0.555070 -0.815887 -0.162267 0.442776 -0.881827 -0.162267 0.442776 -0.881827 -0.162267 0.442776 -0.881827 -0.162267 0.442776 -0.881827 -0.162267 0.442776 -0.881827 -0.162267 0.442776 -0.881827 -0.162534 0.322321 -0.932573 -0.162534 0.322321 -0.932573 -0.162534 0.322321 -0.932573 -0.162534 0.322321 -0.932573 -0.162534 0.322321 -0.932573 -0.162534 0.322321 -0.932573 -0.162723 0.195853 -0.967038 -0.162723 0.195853 -0.967038 -0.162723 0.195853 -0.967038 -0.162723 0.195853 -0.967038 -0.162723 0.195853 -0.967038 -0.162723 0.195853 -0.967038 -0.162821 0.065698 -0.984466 -0.162821 0.065698 -0.984466 -0.162821 0.065698 -0.984466 -0.162821 0.065698 -0.984466 -0.162821 0.065698 -0.984466 -0.162821 0.065698 -0.984466 -0.162821 -0.065698 -0.984466 -0.162821 -0.065698 -0.984466 -0.162821 -0.065698 -0.984466 -0.162821 -0.065698 -0.984466 -0.162821 -0.065698 -0.984466 -0.162821 -0.065698 -0.984466 -0.162723 -0.195853 -0.967038 -0.162723 -0.195853 -0.967038 -0.162723 -0.195853 -0.967038 -0.162723 -0.195853 -0.967038 -0.162723 -0.195853 -0.967038 -0.162723 -0.195853 -0.967038 -0.162534 -0.322321 -0.932573 -0.162534 -0.322321 -0.932573 -0.162534 -0.322321 -0.932573 -0.162534 -0.322321 -0.932573 -0.162534 -0.322321 -0.932573 -0.162534 -0.322321 -0.932573 -0.162267 -0.442776 -0.881827 -0.162267 -0.442776 -0.881827 -0.162267 -0.442776 -0.881827 -0.162267 -0.442776 -0.881827 -0.162267 -0.442776 -0.881827 -0.162267 -0.442776 -0.881827 -0.161943 -0.555070 -0.815887 -0.161943 -0.555070 -0.815887 -0.161943 -0.555070 -0.815887 -0.161943 -0.555070 -0.815887 -0.161943 -0.555070 -0.815887 -0.161943 -0.555070 -0.815887 -0.161584 -0.657290 -0.736112 -0.161584 -0.657290 -0.736112 -0.161584 -0.657290 -0.736112 -0.161584 -0.657290 -0.736112 -0.161584 -0.657290 -0.736112 -0.161584 -0.657290 -0.736112 -0.161214 -0.747781 -0.644076 -0.161214 -0.747781 -0.644076 -0.161214 -0.747781 -0.644076 -0.161214 -0.747781 -0.644076 -0.161214 -0.747781 -0.644076 -0.161214 -0.747781 -0.644076 -0.160859 -0.825162 -0.541510 -0.160859 -0.825162 -0.541510 -0.160859 -0.825162 -0.541510 -0.160859 -0.825162 -0.541510 -0.160859 -0.825162 -0.541510 -0.160859 -0.825162 -0.541510 -0.160543 -0.888320 -0.430248 -0.160543 -0.888320 -0.430248 -0.160543 -0.888320 -0.430248 -0.160543 -0.888320 -0.430248 -0.160543 -0.888320 -0.430248 -0.160543 -0.888320 -0.430248 -0.160287 -0.936401 -0.312189 -0.160287 -0.936401 -0.312189 -0.160287 -0.936401 -0.312189 -0.160287 -0.936401 -0.312189 -0.160287 -0.936401 -0.312189 -0.160287 -0.936401 -0.312189 -0.160106 -0.968786 -0.189262 -0.160106 -0.968786 -0.189262 -0.160106 -0.968786 -0.189262 -0.160106 -0.968786 -0.189262 -0.160106 -0.968786 -0.189262 -0.160106 -0.968786 -0.189262 -0.160013 -0.985076 -0.063412 -0.160013 -0.985076 -0.063412 -0.160013 -0.985076 -0.063412 -0.160013 -0.985076 -0.063412 -0.160013 -0.985076 -0.063412 -0.160013 -0.985076 -0.063412 -0.115298 0.991279 -0.063812 -0.115298 0.991279 -0.063812 -0.115298 0.991279 -0.063812 -0.115298 0.991279 -0.063812 -0.115298 0.991279 -0.063812 -0.115298 0.991279 -0.063812 -0.115366 0.974894 -0.190456 -0.115366 0.974894 -0.190456 -0.115366 0.974894 -0.190456 -0.115366 0.974894 -0.190456 -0.115366 0.974894 -0.190456 -0.115366 0.974894 -0.190456 -0.115498 0.942318 -0.314162 -0.115498 0.942318 -0.314162 -0.115498 0.942318 -0.314162 -0.115498 0.942318 -0.314162 -0.115498 0.942318 -0.314162 -0.115498 0.942318 -0.314162 -0.115685 0.893951 -0.432976 -0.115685 0.893951 -0.432976 -0.115685 0.893951 -0.432976 -0.115685 0.893951 -0.432976 -0.115685 0.893951 -0.432976 -0.115685 0.893951 -0.432976 -0.115915 0.830413 -0.544956 -0.115915 0.830413 -0.544956 -0.115915 0.830413 -0.544956 -0.115915 0.830413 -0.544956 -0.115915 0.830413 -0.544956 -0.115915 0.830413 -0.544956 -0.116174 0.752562 -0.648193 -0.116174 0.752562 -0.648193 -0.116174 0.752562 -0.648193 -0.116174 0.752562 -0.648193 -0.116174 0.752562 -0.648193 -0.116174 0.752562 -0.648193 -0.116444 0.661512 -0.740840 -0.116444 0.661512 -0.740840 -0.116444 0.661512 -0.740840 -0.116444 0.661512 -0.740840 -0.116444 0.661512 -0.740840 -0.116444 0.661512 -0.740840 -0.116707 0.558651 -0.821151 -0.116707 0.558651 -0.821151 -0.116707 0.558651 -0.821151 -0.116707 0.558651 -0.821151 -0.116707 0.558651 -0.821151 -0.116707 0.558651 -0.821151 -0.116943 0.445644 -0.887539 -0.116943 0.445644 -0.887539 -0.116943 0.445644 -0.887539 -0.116943 0.445644 -0.887539 -0.116943 0.445644 -0.887539 -0.116943 0.445644 -0.887539 -0.117138 0.324416 -0.938633 -0.117138 0.324416 -0.938633 -0.117138 0.324416 -0.938633 -0.117138 0.324416 -0.938633 -0.117138 0.324416 -0.938633 -0.117138 0.324416 -0.938633 -0.117276 0.197129 -0.973338 -0.117276 0.197129 -0.973338 -0.117276 0.197129 -0.973338 -0.117276 0.197129 -0.973338 -0.117276 0.197129 -0.973338 -0.117276 0.197129 -0.973338 -0.117347 0.066127 -0.990887 -0.117347 0.066127 -0.990887 -0.117347 0.066127 -0.990887 -0.117347 0.066127 -0.990887 -0.117347 0.066127 -0.990887 -0.117347 0.066127 -0.990887 -0.117347 -0.066127 -0.990887 -0.117347 -0.066127 -0.990887 -0.117347 -0.066127 -0.990887 -0.117347 -0.066127 -0.990887 -0.117347 -0.066127 -0.990887 -0.117347 -0.066127 -0.990887 -0.117276 -0.197129 -0.973338 -0.117276 -0.197129 -0.973338 -0.117276 -0.197129 -0.973338 -0.117276 -0.197129 -0.973338 -0.117276 -0.197129 -0.973338 -0.117276 -0.197129 -0.973338 -0.117138 -0.324416 -0.938633 -0.117138 -0.324416 -0.938633 -0.117138 -0.324416 -0.938633 -0.117138 -0.324416 -0.938633 -0.117138 -0.324416 -0.938633 -0.117138 -0.324416 -0.938633 -0.116943 -0.445644 -0.887539 -0.116943 -0.445644 -0.887539 -0.116943 -0.445644 -0.887539 -0.116943 -0.445644 -0.887539 -0.116943 -0.445644 -0.887539 -0.116943 -0.445644 -0.887539 -0.116707 -0.558651 -0.821151 -0.116707 -0.558651 -0.821151 -0.116707 -0.558651 -0.821151 -0.116707 -0.558651 -0.821151 -0.116707 -0.558651 -0.821151 -0.116707 -0.558651 -0.821151 -0.116444 -0.661512 -0.740840 -0.116444 -0.661512 -0.740840 -0.116444 -0.661512 -0.740840 -0.116444 -0.661512 -0.740840 -0.116444 -0.661512 -0.740840 -0.116444 -0.661512 -0.740840 -0.116174 -0.752562 -0.648193 -0.116174 -0.752562 -0.648193 -0.116174 -0.752562 -0.648193 -0.116174 -0.752562 -0.648193 -0.116174 -0.752562 -0.648193 -0.116174 -0.752562 -0.648193 -0.115915 -0.830413 -0.544956 -0.115915 -0.830413 -0.544956 -0.115915 -0.830413 -0.544956 -0.115915 -0.830413 -0.544956 -0.115915 -0.830413 -0.544956 -0.115915 -0.830413 -0.544956 -0.115685 -0.893951 -0.432976 -0.115685 -0.893951 -0.432976 -0.115685 -0.893951 -0.432976 -0.115685 -0.893951 -0.432976 -0.115685 -0.893951 -0.432976 -0.115685 -0.893951 -0.432976 -0.115498 -0.942318 -0.314162 -0.115498 -0.942318 -0.314162 -0.115498 -0.942318 -0.314162 -0.115498 -0.942318 -0.314162 -0.115498 -0.942318 -0.314162 -0.115498 -0.942318 -0.314162 -0.115366 -0.974894 -0.190456 -0.115366 -0.974894 -0.190456 -0.115366 -0.974894 -0.190456 -0.115366 -0.974894 -0.190456 -0.115366 -0.974894 -0.190456 -0.115366 -0.974894 -0.190456 -0.115298 -0.991279 -0.063812 -0.115298 -0.991279 -0.063812 -0.115298 -0.991279 -0.063812 -0.115298 -0.991279 -0.063812 -0.115298 -0.991279 -0.063812 -0.115298 -0.991279 -0.063812 -0.075291 0.995102 -0.064058 -0.075291 0.995102 -0.064058 -0.075291 0.995102 -0.064058 -0.075291 0.995102 -0.064058 -0.075291 0.995102 -0.064058 -0.075291 0.995102 -0.064058 -0.075336 0.978658 -0.191191 -0.075336 0.978658 -0.191191 -0.075336 0.978658 -0.191191 -0.075336 0.978658 -0.191191 -0.075336 0.978658 -0.191191 -0.075336 0.978658 -0.191191 -0.075423 0.945964 -0.315377 -0.075423 0.945964 -0.315377 -0.075423 0.945964 -0.315377 -0.075423 0.945964 -0.315377 -0.075423 0.945964 -0.315377 -0.075423 0.945964 -0.315377 -0.075546 0.897422 -0.434657 -0.075546 0.897422 -0.434657 -0.075546 0.897422 -0.434657 -0.075546 0.897422 -0.434657 -0.075546 0.897422 -0.434657 -0.075546 0.897422 -0.434657 -0.075698 0.833650 -0.547080 -0.075698 0.833650 -0.547080 -0.075698 0.833650 -0.547080 -0.075698 0.833650 -0.547080 -0.075698 0.833650 -0.547080 -0.075698 0.833650 -0.547080 -0.075868 0.755508 -0.650731 -0.075868 0.755508 -0.650731 -0.075868 0.755508 -0.650731 -0.075868 0.755508 -0.650731 -0.075868 0.755508 -0.650731 -0.075868 0.755508 -0.650731 -0.076046 0.664114 -0.743754 -0.076046 0.664114 -0.743754 -0.076046 0.664114 -0.743754 -0.076046 0.664114 -0.743754 -0.076046 0.664114 -0.743754 -0.076046 0.664114 -0.743754 -0.076218 0.560859 -0.824396 -0.076218 0.560859 -0.824396 -0.076218 0.560859 -0.824396 -0.076218 0.560859 -0.824396 -0.076218 0.560859 -0.824396 -0.076218 0.560859 -0.824396 -0.076374 0.447412 -0.891061 -0.076374 0.447412 -0.891061 -0.076374 0.447412 -0.891061 -0.076374 0.447412 -0.891061 -0.076374 0.447412 -0.891061 -0.076374 0.447412 -0.891061 -0.076502 0.325708 -0.942370 -0.076502 0.325708 -0.942370 -0.076502 0.325708 -0.942370 -0.076502 0.325708 -0.942370 -0.076502 0.325708 -0.942370 -0.076502 0.325708 -0.942370 -0.076593 0.197916 -0.977222 -0.076593 0.197916 -0.977222 -0.076593 0.197916 -0.977222 -0.076593 0.197916 -0.977222 -0.076593 0.197916 -0.977222 -0.076593 0.197916 -0.977222 -0.076640 0.066391 -0.994846 -0.076640 0.066391 -0.994846 -0.076640 0.066391 -0.994846 -0.076640 0.066391 -0.994846 -0.076640 0.066391 -0.994846 -0.076640 0.066391 -0.994846 -0.076640 -0.066391 -0.994846 -0.076640 -0.066391 -0.994846 -0.076640 -0.066391 -0.994846 -0.076640 -0.066391 -0.994846 -0.076640 -0.066391 -0.994846 -0.076640 -0.066391 -0.994846 -0.076593 -0.197916 -0.977222 -0.076593 -0.197916 -0.977222 -0.076593 -0.197916 -0.977222 -0.076593 -0.197916 -0.977222 -0.076593 -0.197916 -0.977222 -0.076593 -0.197916 -0.977222 -0.076502 -0.325708 -0.942370 -0.076502 -0.325708 -0.942370 -0.076502 -0.325708 -0.942370 -0.076502 -0.325708 -0.942370 -0.076502 -0.325708 -0.942370 -0.076502 -0.325708 -0.942370 -0.076374 -0.447412 -0.891061 -0.076374 -0.447412 -0.891061 -0.076374 -0.447412 -0.891061 -0.076374 -0.447412 -0.891061 -0.076374 -0.447412 -0.891061 -0.076374 -0.447412 -0.891061 -0.076218 -0.560859 -0.824396 -0.076218 -0.560859 -0.824396 -0.076218 -0.560859 -0.824396 -0.076218 -0.560859 -0.824396 -0.076218 -0.560859 -0.824396 -0.076218 -0.560859 -0.824396 -0.076046 -0.664114 -0.743754 -0.076046 -0.664114 -0.743754 -0.076046 -0.664114 -0.743754 -0.076046 -0.664114 -0.743754 -0.076046 -0.664114 -0.743754 -0.076046 -0.664114 -0.743754 -0.075868 -0.755508 -0.650731 -0.075868 -0.755508 -0.650731 -0.075868 -0.755508 -0.650731 -0.075868 -0.755508 -0.650731 -0.075868 -0.755508 -0.650731 -0.075868 -0.755508 -0.650731 -0.075698 -0.833650 -0.547080 -0.075698 -0.833650 -0.547080 -0.075698 -0.833650 -0.547080 -0.075698 -0.833650 -0.547080 -0.075698 -0.833650 -0.547080 -0.075698 -0.833650 -0.547080 -0.075546 -0.897422 -0.434657 -0.075546 -0.897422 -0.434657 -0.075546 -0.897422 -0.434657 -0.075546 -0.897422 -0.434657 -0.075546 -0.897422 -0.434657 -0.075546 -0.897422 -0.434657 -0.075423 -0.945964 -0.315377 -0.075423 -0.945964 -0.315377 -0.075423 -0.945964 -0.315377 -0.075423 -0.945964 -0.315377 -0.075423 -0.945964 -0.315377 -0.075423 -0.945964 -0.315377 -0.075336 -0.978658 -0.191191 -0.075336 -0.978658 -0.191191 -0.075336 -0.978658 -0.191191 -0.075336 -0.978658 -0.191191 -0.075336 -0.978658 -0.191191 -0.075336 -0.978658 -0.191191 -0.075291 -0.995102 -0.064058 -0.075291 -0.995102 -0.064058 -0.075291 -0.995102 -0.064058 -0.075291 -0.995102 -0.064058 -0.075291 -0.995102 -0.064058 -0.075291 -0.995102 -0.064058 -0.041243 0.997085 -0.064185 -0.041243 0.997085 -0.064185 -0.041243 0.997085 -0.064185 -0.041243 0.997085 -0.064185 -0.041243 0.997085 -0.064185 -0.041243 0.997085 -0.064185 -0.041268 0.980611 -0.191572 -0.041268 0.980611 -0.191572 -0.041268 0.980611 -0.191572 -0.041268 0.980611 -0.191572 -0.041268 0.980611 -0.191572 -0.041268 0.980611 -0.191572 -0.041315 0.947856 -0.316008 -0.041315 0.947856 -0.316008 -0.041315 0.947856 -0.316008 -0.041315 0.947856 -0.316008 -0.041315 0.947856 -0.316008 -0.041315 0.947856 -0.316008 -0.041383 0.899223 -0.435529 -0.041383 0.899223 -0.435529 -0.041383 0.899223 -0.435529 -0.041383 0.899223 -0.435529 -0.041383 0.899223 -0.435529 -0.041383 0.899223 -0.435529 -0.041467 0.835330 -0.548183 -0.041467 0.835330 -0.548183 -0.041467 0.835330 -0.548183 -0.041467 0.835330 -0.548183 -0.041467 0.835330 -0.548183 -0.041467 0.835330 -0.548183 -0.041560 0.757037 -0.652048 -0.041560 0.757037 -0.652048 -0.041560 0.757037 -0.652048 -0.041560 0.757037 -0.652048 -0.041560 0.757037 -0.652048 -0.041560 0.757037 -0.652048 -0.041658 0.665464 -0.745266 -0.041658 0.665464 -0.745266 -0.041658 0.665464 -0.745266 -0.041658 0.665464 -0.745266 -0.041658 0.665464 -0.745266 -0.041658 0.665464 -0.745266 -0.041753 0.562005 -0.826080 -0.041753 0.562005 -0.826080 -0.041753 0.562005 -0.826080 -0.041753 0.562005 -0.826080 -0.041753 0.562005 -0.826080 -0.041753 0.562005 -0.826080 -0.041839 0.448330 -0.892889 -0.041839 0.448330 -0.892889 -0.041839 0.448330 -0.892889 -0.041839 0.448330 -0.892889 -0.041839 0.448330 -0.892889 -0.041839 0.448330 -0.892889 -0.041909 0.326378 -0.944310 -0.041909 0.326378 -0.944310 -0.041909 0.326378 -0.944310 -0.041909 0.326378 -0.944310 -0.041909 0.326378 -0.944310 -0.041909 0.326378 -0.944310 -0.041959 0.198324 -0.979238 -0.041959 0.198324 -0.979238 -0.041959 0.198324 -0.979238 -0.041959 0.198324 -0.979238 -0.041959 0.198324 -0.979238 -0.041959 0.198324 -0.979238 -0.041985 0.066528 -0.996901 -0.041985 0.066528 -0.996901 -0.041985 0.066528 -0.996901 -0.041985 0.066528 -0.996901 -0.041985 0.066528 -0.996901 -0.041985 0.066528 -0.996901 -0.041985 -0.066528 -0.996901 -0.041985 -0.066528 -0.996901 -0.041985 -0.066528 -0.996901 -0.041985 -0.066528 -0.996901 -0.041985 -0.066528 -0.996901 -0.041985 -0.066528 -0.996901 -0.041959 -0.198324 -0.979238 -0.041959 -0.198324 -0.979238 -0.041959 -0.198324 -0.979238 -0.041959 -0.198324 -0.979238 -0.041959 -0.198324 -0.979238 -0.041959 -0.198324 -0.979238 -0.041909 -0.326378 -0.944310 -0.041909 -0.326378 -0.944310 -0.041909 -0.326378 -0.944310 -0.041909 -0.326378 -0.944310 -0.041909 -0.326378 -0.944310 -0.041909 -0.326378 -0.944310 -0.041839 -0.448330 -0.892889 -0.041839 -0.448330 -0.892889 -0.041839 -0.448330 -0.892889 -0.041839 -0.448330 -0.892889 -0.041839 -0.448330 -0.892889 -0.041839 -0.448330 -0.892889 -0.041753 -0.562005 -0.826080 -0.041753 -0.562005 -0.826080 -0.041753 -0.562005 -0.826080 -0.041753 -0.562005 -0.826080 -0.041753 -0.562005 -0.826080 -0.041753 -0.562005 -0.826080 -0.041658 -0.665464 -0.745266 -0.041658 -0.665464 -0.745266 -0.041658 -0.665464 -0.745266 -0.041658 -0.665464 -0.745266 -0.041658 -0.665464 -0.745266 -0.041658 -0.665464 -0.745266 -0.041560 -0.757037 -0.652048 -0.041560 -0.757037 -0.652048 -0.041560 -0.757037 -0.652048 -0.041560 -0.757037 -0.652048 -0.041560 -0.757037 -0.652048 -0.041560 -0.757037 -0.652048 -0.041467 -0.835330 -0.548183 -0.041467 -0.835330 -0.548183 -0.041467 -0.835330 -0.548183 -0.041467 -0.835330 -0.548183 -0.041467 -0.835330 -0.548183 -0.041467 -0.835330 -0.548183 -0.041383 -0.899223 -0.435529 -0.041383 -0.899223 -0.435529 -0.041383 -0.899223 -0.435529 -0.041383 -0.899223 -0.435529 -0.041383 -0.899223 -0.435529 -0.041383 -0.899223 -0.435529 -0.041315 -0.947856 -0.316008 -0.041315 -0.947856 -0.316008 -0.041315 -0.947856 -0.316008 -0.041315 -0.947856 -0.316008 -0.041315 -0.947856 -0.316008 -0.041315 -0.947856 -0.316008 -0.041268 -0.980611 -0.191572 -0.041268 -0.980611 -0.191572 -0.041268 -0.980611 -0.191572 -0.041268 -0.980611 -0.191572 -0.041268 -0.980611 -0.191572 -0.041268 -0.980611 -0.191572 -0.041243 -0.997085 -0.064185 -0.041243 -0.997085 -0.064185 -0.041243 -0.997085 -0.064185 -0.041243 -0.997085 -0.064185 -0.041243 -0.997085 -0.064185 -0.041243 -0.997085 -0.064185 -0.014936 0.997823 -0.064233 -0.014936 0.997823 -0.064233 -0.014936 0.997823 -0.064233 -0.014936 0.997823 -0.064233 -0.014936 0.997823 -0.064233 -0.014936 0.997823 -0.064233 -0.014945 0.981337 -0.191714 -0.014945 0.981337 -0.191714 -0.014945 0.981337 -0.191714 -0.014945 0.981337 -0.191714 -0.014945 0.981337 -0.191714 -0.014945 0.981337 -0.191714 -0.014962 0.948560 -0.316243 -0.014962 0.948560 -0.316243 -0.014962 0.948560 -0.316243 -0.014962 0.948560 -0.316243 -0.014962 0.948560 -0.316243 -0.014962 0.948560 -0.316243 -0.014987 0.899893 -0.435853 -0.014987 0.899893 -0.435853 -0.014987 0.899893 -0.435853 -0.014987 0.899893 -0.435853 -0.014987 0.899893 -0.435853 -0.014987 0.899893 -0.435853 -0.015017 0.835955 -0.548593 -0.015017 0.835955 -0.548593 -0.015017 0.835955 -0.548593 -0.015017 0.835955 -0.548593 -0.015017 0.835955 -0.548593 -0.015017 0.835955 -0.548593 -0.015051 0.757606 -0.652538 -0.015051 0.757606 -0.652538 -0.015051 0.757606 -0.652538 -0.015051 0.757606 -0.652538 -0.015051 0.757606 -0.652538 -0.015051 0.757606 -0.652538 -0.015087 0.665967 -0.745829 -0.015087 0.665967 -0.745829 -0.015087 0.665967 -0.745829 -0.015087 0.665967 -0.745829 -0.015087 0.665967 -0.745829 -0.015087 0.665967 -0.745829 -0.015121 0.562431 -0.826706 -0.015121 0.562431 -0.826706 -0.015121 0.562431 -0.826706 -0.015121 0.562431 -0.826706 -0.015121 0.562431 -0.826706 -0.015121 0.562431 -0.826706 -0.015152 0.448671 -0.893568 -0.015152 0.448671 -0.893568 -0.015152 0.448671 -0.893568 -0.015152 0.448671 -0.893568 -0.015152 0.448671 -0.893568 -0.015152 0.448671 -0.893568 -0.015178 0.326628 -0.945031 -0.015178 0.326628 -0.945031 -0.015178 0.326628 -0.945031 -0.015178 0.326628 -0.945031 -0.015178 0.326628 -0.945031 -0.015178 0.326628 -0.945031 -0.015196 0.198476 -0.979988 -0.015196 0.198476 -0.979988 -0.015196 0.198476 -0.979988 -0.015196 0.198476 -0.979988 -0.015196 0.198476 -0.979988 -0.015196 0.198476 -0.979988 -0.015205 0.066579 -0.997665 -0.015205 0.066579 -0.997665 -0.015205 0.066579 -0.997665 -0.015205 0.066579 -0.997665 -0.015205 0.066579 -0.997665 -0.015205 0.066579 -0.997665 -0.015205 -0.066579 -0.997665 -0.015205 -0.066579 -0.997665 -0.015205 -0.066579 -0.997665 -0.015205 -0.066579 -0.997665 -0.015205 -0.066579 -0.997665 -0.015205 -0.066579 -0.997665 -0.015196 -0.198476 -0.979988 -0.015196 -0.198476 -0.979988 -0.015196 -0.198476 -0.979988 -0.015196 -0.198476 -0.979988 -0.015196 -0.198476 -0.979988 -0.015196 -0.198476 -0.979988 -0.015178 -0.326628 -0.945031 -0.015178 -0.326628 -0.945031 -0.015178 -0.326628 -0.945031 -0.015178 -0.326628 -0.945031 -0.015178 -0.326628 -0.945031 -0.015178 -0.326628 -0.945031 -0.015152 -0.448671 -0.893568 -0.015152 -0.448671 -0.893568 -0.015152 -0.448671 -0.893568 -0.015152 -0.448671 -0.893568 -0.015152 -0.448671 -0.893568 -0.015152 -0.448671 -0.893568 -0.015121 -0.562431 -0.826706 -0.015121 -0.562431 -0.826706 -0.015121 -0.562431 -0.826706 -0.015121 -0.562431 -0.826706 -0.015121 -0.562431 -0.826706 -0.015121 -0.562431 -0.826706 -0.015087 -0.665967 -0.745829 -0.015087 -0.665967 -0.745829 -0.015087 -0.665967 -0.745829 -0.015087 -0.665967 -0.745829 -0.015087 -0.665967 -0.745829 -0.015087 -0.665967 -0.745829 -0.015051 -0.757606 -0.652538 -0.015051 -0.757606 -0.652538 -0.015051 -0.757606 -0.652538 -0.015051 -0.757606 -0.652538 -0.015051 -0.757606 -0.652538 -0.015051 -0.757606 -0.652538 -0.015017 -0.835955 -0.548593 -0.015017 -0.835955 -0.548593 -0.015017 -0.835955 -0.548593 -0.015017 -0.835955 -0.548593 -0.015017 -0.835955 -0.548593 -0.015017 -0.835955 -0.548593 -0.014987 -0.899893 -0.435853 -0.014987 -0.899893 -0.435853 -0.014987 -0.899893 -0.435853 -0.014987 -0.899893 -0.435853 -0.014987 -0.899893 -0.435853 -0.014987 -0.899893 -0.435853 -0.014962 -0.948560 -0.316243 -0.014962 -0.948560 -0.316243 -0.014962 -0.948560 -0.316243 -0.014962 -0.948560 -0.316243 -0.014962 -0.948560 -0.316243 -0.014962 -0.948560 -0.316243 -0.014945 -0.981337 -0.191714 -0.014945 -0.981337 -0.191714 -0.014945 -0.981337 -0.191714 -0.014945 -0.981337 -0.191714 -0.014945 -0.981337 -0.191714 -0.014945 -0.981337 -0.191714 -0.014936 -0.997823 -0.064233 -0.014936 -0.997823 -0.064233 -0.014936 -0.997823 -0.064233 -0.014936 -0.997823 -0.064233 -0.014936 -0.997823 -0.064233 -0.014936 -0.997823 -0.064233 0.000000 0.997934 -0.064240 0.000000 0.997934 -0.064240 0.000000 0.997934 -0.064240 0.000000 0.997934 -0.064240 0.000000 0.997934 -0.064240 0.000000 0.997934 -0.064240 0.000000 0.981447 -0.191736 0.000000 0.981447 -0.191736 0.000000 0.981447 -0.191736 0.000000 0.981447 -0.191736 0.000000 0.981447 -0.191736 0.000000 0.981447 -0.191736 0.000000 0.948666 -0.316278 0.000000 0.948666 -0.316278 0.000000 0.948666 -0.316278 0.000000 0.948666 -0.316278 0.000000 0.948666 -0.316278 0.000000 0.948666 -0.316278 0.000000 0.899994 -0.435902 0.000000 0.899994 -0.435902 0.000000 0.899994 -0.435902 0.000000 0.899994 -0.435902 0.000000 0.899994 -0.435902 0.000000 0.899994 -0.435902 0.000000 0.836049 -0.548655 0.000000 0.836049 -0.548655 0.000000 0.836049 -0.548655 0.000000 0.836049 -0.548655 0.000000 0.836049 -0.548655 0.000000 0.836049 -0.548655 0.000000 0.757692 -0.652612 0.000000 0.757692 -0.652612 0.000000 0.757692 -0.652612 0.000000 0.757692 -0.652612 0.000000 0.757692 -0.652612 0.000000 0.757692 -0.652612 0.000000 0.666042 -0.745914 0.000000 0.666042 -0.745914 0.000000 0.666042 -0.745914 0.000000 0.666042 -0.745914 0.000000 0.666042 -0.745914 0.000000 0.666042 -0.745914 0.000000 0.562495 -0.826801 0.000000 0.562495 -0.826801 0.000000 0.562495 -0.826801 0.000000 0.562495 -0.826801 0.000000 0.562495 -0.826801 0.000000 0.562495 -0.826801 0.000000 0.448723 -0.893671 0.000000 0.448723 -0.893671 0.000000 0.448723 -0.893671 0.000000 0.448723 -0.893671 0.000000 0.448723 -0.893671 0.000000 0.448723 -0.893671 0.000000 0.326665 -0.945140 0.000000 0.326665 -0.945140 0.000000 0.326665 -0.945140 0.000000 0.326665 -0.945140 0.000000 0.326665 -0.945140 0.000000 0.326665 -0.945140 0.000000 0.198499 -0.980101 0.000000 0.198499 -0.980101 0.000000 0.198499 -0.980101 0.000000 0.198499 -0.980101 0.000000 0.198499 -0.980101 0.000000 0.198499 -0.980101 0.000000 0.066587 -0.997781 0.000000 0.066587 -0.997781 0.000000 0.066587 -0.997781 0.000000 0.066587 -0.997781 0.000000 0.066587 -0.997781 0.000000 0.066587 -0.997781 0.000000 -0.066587 -0.997781 0.000000 -0.066587 -0.997781 0.000000 -0.066587 -0.997781 0.000000 -0.066587 -0.997781 0.000000 -0.066587 -0.997781 0.000000 -0.066587 -0.997781 0.000000 -0.198499 -0.980101 0.000000 -0.198499 -0.980101 0.000000 -0.198499 -0.980101 0.000000 -0.198499 -0.980101 0.000000 -0.198499 -0.980101 0.000000 -0.198499 -0.980101 0.000000 -0.326665 -0.945140 0.000000 -0.326665 -0.945140 0.000000 -0.326665 -0.945140 0.000000 -0.326665 -0.945140 0.000000 -0.326665 -0.945140 0.000000 -0.326665 -0.945140 0.000000 -0.448723 -0.893671 0.000000 -0.448723 -0.893671 0.000000 -0.448723 -0.893671 0.000000 -0.448723 -0.893671 0.000000 -0.448723 -0.893671 0.000000 -0.448723 -0.893671 0.000000 -0.562495 -0.826801 0.000000 -0.562495 -0.826801 0.000000 -0.562495 -0.826801 0.000000 -0.562495 -0.826801 0.000000 -0.562495 -0.826801 0.000000 -0.562495 -0.826801 0.000000 -0.666042 -0.745914 0.000000 -0.666042 -0.745914 0.000000 -0.666042 -0.745914 0.000000 -0.666042 -0.745914 0.000000 -0.666042 -0.745914 0.000000 -0.666042 -0.745914 0.000000 -0.757692 -0.652612 0.000000 -0.757692 -0.652612 0.000000 -0.757692 -0.652612 0.000000 -0.757692 -0.652612 0.000000 -0.757692 -0.652612 0.000000 -0.757692 -0.652612 0.000000 -0.836049 -0.548655 0.000000 -0.836049 -0.548655 0.000000 -0.836049 -0.548655 0.000000 -0.836049 -0.548655 0.000000 -0.836049 -0.548655 0.000000 -0.836049 -0.548655 0.000000 -0.899994 -0.435902 0.000000 -0.899994 -0.435902 0.000000 -0.899994 -0.435902 0.000000 -0.899994 -0.435902 0.000000 -0.899994 -0.435902 0.000000 -0.899994 -0.435902 0.000000 -0.948666 -0.316278 0.000000 -0.948666 -0.316278 0.000000 -0.948666 -0.316278 0.000000 -0.948666 -0.316278 0.000000 -0.948666 -0.316278 0.000000 -0.948666 -0.316278 0.000000 -0.981447 -0.191736 0.000000 -0.981447 -0.191736 0.000000 -0.981447 -0.191736 0.000000 -0.981447 -0.191736 0.000000 -0.981447 -0.191736 0.000000 -0.981447 -0.191736 0.000000 -0.997934 -0.064240 0.000000 -0.997934 -0.064240 0.000000 -0.997934 -0.064240 0.000000 -0.997934 -0.064240 0.000000 -0.997934 -0.064240 0.000000 -0.997934 -0.064240 0.014936 0.997823 -0.064233 0.014936 0.997823 -0.064233 0.014936 0.997823 -0.064233 0.014936 0.997823 -0.064233 0.014936 0.997823 -0.064233 0.014936 0.997823 -0.064233 0.014945 0.981337 -0.191714 0.014945 0.981337 -0.191714 0.014945 0.981337 -0.191714 0.014945 0.981337 -0.191714 0.014945 0.981337 -0.191714 0.014945 0.981337 -0.191714 0.014962 0.948560 -0.316243 0.014962 0.948560 -0.316243 0.014962 0.948560 -0.316243 0.014962 0.948560 -0.316243 0.014962 0.948560 -0.316243 0.014962 0.948560 -0.316243 0.014987 0.899893 -0.435853 0.014987 0.899893 -0.435853 0.014987 0.899893 -0.435853 0.014987 0.899893 -0.435853 0.014987 0.899893 -0.435853 0.014987 0.899893 -0.435853 0.015017 0.835955 -0.548593 0.015017 0.835955 -0.548593 0.015017 0.835955 -0.548593 0.015017 0.835955 -0.548593 0.015017 0.835955 -0.548593 0.015017 0.835955 -0.548593 0.015051 0.757606 -0.652538 0.015051 0.757606 -0.652538 0.015051 0.757606 -0.652538 0.015051 0.757606 -0.652538 0.015051 0.757606 -0.652538 0.015051 0.757606 -0.652538 0.015087 0.665967 -0.745829 0.015087 0.665967 -0.745829 0.015087 0.665967 -0.745829 0.015087 0.665967 -0.745829 0.015087 0.665967 -0.745829 0.015087 0.665967 -0.745829 0.015121 0.562431 -0.826706 0.015121 0.562431 -0.826706 0.015121 0.562431 -0.826706 0.015121 0.562431 -0.826706 0.015121 0.562431 -0.826706 0.015121 0.562431 -0.826706 0.015152 0.448671 -0.893568 0.015152 0.448671 -0.893568 0.015152 0.448671 -0.893568 0.015152 0.448671 -0.893568 0.015152 0.448671 -0.893568 0.015152 0.448671 -0.893568 0.015178 0.326628 -0.945031 0.015178 0.326628 -0.945031 0.015178 0.326628 -0.945031 0.015178 0.326628 -0.945031 0.015178 0.326628 -0.945031 0.015178 0.326628 -0.945031 0.015196 0.198476 -0.979988 0.015196 0.198476 -0.979988 0.015196 0.198476 -0.979988 0.015196 0.198476 -0.979988 0.015196 0.198476 -0.979988 0.015196 0.198476 -0.979988 0.015205 0.066579 -0.997665 0.015205 0.066579 -0.997665 0.015205 0.066579 -0.997665 0.015205 0.066579 -0.997665 0.015205 0.066579 -0.997665 0.015205 0.066579 -0.997665 0.015205 -0.066579 -0.997665 0.015205 -0.066579 -0.997665 0.015205 -0.066579 -0.997665 0.015205 -0.066579 -0.997665 0.015205 -0.066579 -0.997665 0.015205 -0.066579 -0.997665 0.015196 -0.198476 -0.979988 0.015196 -0.198476 -0.979988 0.015196 -0.198476 -0.979988 0.015196 -0.198476 -0.979988 0.015196 -0.198476 -0.979988 0.015196 -0.198476 -0.979988 0.015178 -0.326628 -0.945031 0.015178 -0.326628 -0.945031 0.015178 -0.326628 -0.945031 0.015178 -0.326628 -0.945031 0.015178 -0.326628 -0.945031 0.015178 -0.326628 -0.945031 0.015152 -0.448671 -0.893568 0.015152 -0.448671 -0.893568 0.015152 -0.448671 -0.893568 0.015152 -0.448671 -0.893568 0.015152 -0.448671 -0.893568 0.015152 -0.448671 -0.893568 0.015121 -0.562431 -0.826706 0.015121 -0.562431 -0.826706 0.015121 -0.562431 -0.826706 0.015121 -0.562431 -0.826706 0.015121 -0.562431 -0.826706 0.015121 -0.562431 -0.826706 0.015087 -0.665967 -0.745829 0.015087 -0.665967 -0.745829 0.015087 -0.665967 -0.745829 0.015087 -0.665967 -0.745829 0.015087 -0.665967 -0.745829 0.015087 -0.665967 -0.745829 0.015051 -0.757606 -0.652538 0.015051 -0.757606 -0.652538 0.015051 -0.757606 -0.652538 0.015051 -0.757606 -0.652538 0.015051 -0.757606 -0.652538 0.015051 -0.757606 -0.652538 0.015017 -0.835955 -0.548593 0.015017 -0.835955 -0.548593 0.015017 -0.835955 -0.548593 0.015017 -0.835955 -0.548593 0.015017 -0.835955 -0.548593 0.015017 -0.835955 -0.548593 0.014987 -0.899893 -0.435853 0.014987 -0.899893 -0.435853 0.014987 -0.899893 -0.435853 0.014987 -0.899893 -0.435853 0.014987 -0.899893 -0.435853 0.014987 -0.899893 -0.435853 0.014962 -0.948560 -0.316243 0.014962 -0.948560 -0.316243 0.014962 -0.948560 -0.316243 0.014962 -0.948560 -0.316243 0.014962 -0.948560 -0.316243 0.014962 -0.948560 -0.316243 0.014945 -0.981337 -0.191714 0.014945 -0.981337 -0.191714 0.014945 -0.981337 -0.191714 0.014945 -0.981337 -0.191714 0.014945 -0.981337 -0.191714 0.014945 -0.981337 -0.191714 0.014936 -0.997823 -0.064233 0.014936 -0.997823 -0.064233 0.014936 -0.997823 -0.064233 0.014936 -0.997823 -0.064233 0.014936 -0.997823 -0.064233 0.014936 -0.997823 -0.064233 0.041243 0.997085 -0.064185 0.041243 0.997085 -0.064185 0.041243 0.997085 -0.064185 0.041243 0.997085 -0.064185 0.041243 0.997085 -0.064185 0.041243 0.997085 -0.064185 0.041268 0.980611 -0.191572 0.041268 0.980611 -0.191572 0.041268 0.980611 -0.191572 0.041268 0.980611 -0.191572 0.041268 0.980611 -0.191572 0.041268 0.980611 -0.191572 0.041315 0.947856 -0.316008 0.041315 0.947856 -0.316008 0.041315 0.947856 -0.316008 0.041315 0.947856 -0.316008 0.041315 0.947856 -0.316008 0.041315 0.947856 -0.316008 0.041383 0.899223 -0.435529 0.041383 0.899223 -0.435529 0.041383 0.899223 -0.435529 0.041383 0.899223 -0.435529 0.041383 0.899223 -0.435529 0.041383 0.899223 -0.435529 0.041467 0.835330 -0.548183 0.041467 0.835330 -0.548183 0.041467 0.835330 -0.548183 0.041467 0.835330 -0.548183 0.041467 0.835330 -0.548183 0.041467 0.835330 -0.548183 0.041560 0.757037 -0.652048 0.041560 0.757037 -0.652048 0.041560 0.757037 -0.652048 0.041560 0.757037 -0.652048 0.041560 0.757037 -0.652048 0.041560 0.757037 -0.652048 0.041658 0.665464 -0.745266 0.041658 0.665464 -0.745266 0.041658 0.665464 -0.745266 0.041658 0.665464 -0.745266 0.041658 0.665464 -0.745266 0.041658 0.665464 -0.745266 0.041753 0.562005 -0.826080 0.041753 0.562005 -0.826080 0.041753 0.562005 -0.826080 0.041753 0.562005 -0.826080 0.041753 0.562005 -0.826080 0.041753 0.562005 -0.826080 0.041839 0.448330 -0.892889 0.041839 0.448330 -0.892889 0.041839 0.448330 -0.892889 0.041839 0.448330 -0.892889 0.041839 0.448330 -0.892889 0.041839 0.448330 -0.892889 0.041909 0.326378 -0.944310 0.041909 0.326378 -0.944310 0.041909 0.326378 -0.944310 0.041909 0.326378 -0.944310 0.041909 0.326378 -0.944310 0.041909 0.326378 -0.944310 0.041959 0.198324 -0.979238 0.041959 0.198324 -0.979238 0.041959 0.198324 -0.979238 0.041959 0.198324 -0.979238 0.041959 0.198324 -0.979238 0.041959 0.198324 -0.979238 0.041985 0.066528 -0.996901 0.041985 0.066528 -0.996901 0.041985 0.066528 -0.996901 0.041985 0.066528 -0.996901 0.041985 0.066528 -0.996901 0.041985 0.066528 -0.996901 0.041985 -0.066528 -0.996901 0.041985 -0.066528 -0.996901 0.041985 -0.066528 -0.996901 0.041985 -0.066528 -0.996901 0.041985 -0.066528 -0.996901 0.041985 -0.066528 -0.996901 0.041959 -0.198324 -0.979238 0.041959 -0.198324 -0.979238 0.041959 -0.198324 -0.979238 0.041959 -0.198324 -0.979238 0.041959 -0.198324 -0.979238 0.041959 -0.198324 -0.979238 0.041909 -0.326378 -0.944310 0.041909 -0.326378 -0.944310 0.041909 -0.326378 -0.944310 0.041909 -0.326378 -0.944310 0.041909 -0.326378 -0.944310 0.041909 -0.326378 -0.944310 0.041839 -0.448330 -0.892889 0.041839 -0.448330 -0.892889 0.041839 -0.448330 -0.892889 0.041839 -0.448330 -0.892889 0.041839 -0.448330 -0.892889 0.041839 -0.448330 -0.892889 0.041753 -0.562005 -0.826080 0.041753 -0.562005 -0.826080 0.041753 -0.562005 -0.826080 0.041753 -0.562005 -0.826080 0.041753 -0.562005 -0.826080 0.041753 -0.562005 -0.826080 0.041658 -0.665464 -0.745266 0.041658 -0.665464 -0.745266 0.041658 -0.665464 -0.745266 0.041658 -0.665464 -0.745266 0.041658 -0.665464 -0.745266 0.041658 -0.665464 -0.745266 0.041560 -0.757037 -0.652048 0.041560 -0.757037 -0.652048 0.041560 -0.757037 -0.652048 0.041560 -0.757037 -0.652048 0.041560 -0.757037 -0.652048 0.041560 -0.757037 -0.652048 0.041467 -0.835330 -0.548183 0.041467 -0.835330 -0.548183 0.041467 -0.835330 -0.548183 0.041467 -0.835330 -0.548183 0.041467 -0.835330 -0.548183 0.041467 -0.835330 -0.548183 0.041383 -0.899223 -0.435529 0.041383 -0.899223 -0.435529 0.041383 -0.899223 -0.435529 0.041383 -0.899223 -0.435529 0.041383 -0.899223 -0.435529 0.041383 -0.899223 -0.435529 0.041315 -0.947856 -0.316008 0.041315 -0.947856 -0.316008 0.041315 -0.947856 -0.316008 0.041315 -0.947856 -0.316008 0.041315 -0.947856 -0.316008 0.041315 -0.947856 -0.316008 0.041268 -0.980611 -0.191572 0.041268 -0.980611 -0.191572 0.041268 -0.980611 -0.191572 0.041268 -0.980611 -0.191572 0.041268 -0.980611 -0.191572 0.041268 -0.980611 -0.191572 0.041243 -0.997085 -0.064185 0.041243 -0.997085 -0.064185 0.041243 -0.997085 -0.064185 0.041243 -0.997085 -0.064185 0.041243 -0.997085 -0.064185 0.041243 -0.997085 -0.064185 0.075291 0.995102 -0.064058 0.075291 0.995102 -0.064058 0.075291 0.995102 -0.064058 0.075291 0.995102 -0.064058 0.075291 0.995102 -0.064058 0.075291 0.995102 -0.064058 0.075336 0.978658 -0.191191 0.075336 0.978658 -0.191191 0.075336 0.978658 -0.191191 0.075336 0.978658 -0.191191 0.075336 0.978658 -0.191191 0.075336 0.978658 -0.191191 0.075423 0.945964 -0.315377 0.075423 0.945964 -0.315377 0.075423 0.945964 -0.315377 0.075423 0.945964 -0.315377 0.075423 0.945964 -0.315377 0.075423 0.945964 -0.315377 0.075546 0.897422 -0.434657 0.075546 0.897422 -0.434657 0.075546 0.897422 -0.434657 0.075546 0.897422 -0.434657 0.075546 0.897422 -0.434657 0.075546 0.897422 -0.434657 0.075698 0.833650 -0.547080 0.075698 0.833650 -0.547080 0.075698 0.833650 -0.547080 0.075698 0.833650 -0.547080 0.075698 0.833650 -0.547080 0.075698 0.833650 -0.547080 0.075868 0.755508 -0.650731 0.075868 0.755508 -0.650731 0.075868 0.755508 -0.650731 0.075868 0.755508 -0.650731 0.075868 0.755508 -0.650731 0.075868 0.755508 -0.650731 0.076046 0.664114 -0.743754 0.076046 0.664114 -0.743754 0.076046 0.664114 -0.743754 0.076046 0.664114 -0.743754 0.076046 0.664114 -0.743754 0.076046 0.664114 -0.743754 0.076218 0.560859 -0.824396 0.076218 0.560859 -0.824396 0.076218 0.560859 -0.824396 0.076218 0.560859 -0.824396 0.076218 0.560859 -0.824396 0.076218 0.560859 -0.824396 0.076374 0.447412 -0.891061 0.076374 0.447412 -0.891061 0.076374 0.447412 -0.891061 0.076374 0.447412 -0.891061 0.076374 0.447412 -0.891061 0.076374 0.447412 -0.891061 0.076502 0.325708 -0.942370 0.076502 0.325708 -0.942370 0.076502 0.325708 -0.942370 0.076502 0.325708 -0.942370 0.076502 0.325708 -0.942370 0.076502 0.325708 -0.942370 0.076593 0.197916 -0.977222 0.076593 0.197916 -0.977222 0.076593 0.197916 -0.977222 0.076593 0.197916 -0.977222 0.076593 0.197916 -0.977222 0.076593 0.197916 -0.977222 0.076640 0.066391 -0.994846 0.076640 0.066391 -0.994846 0.076640 0.066391 -0.994846 0.076640 0.066391 -0.994846 0.076640 0.066391 -0.994846 0.076640 0.066391 -0.994846 0.076640 -0.066391 -0.994846 0.076640 -0.066391 -0.994846 0.076640 -0.066391 -0.994846 0.076640 -0.066391 -0.994846 0.076640 -0.066391 -0.994846 0.076640 -0.066391 -0.994846 0.076593 -0.197916 -0.977222 0.076593 -0.197916 -0.977222 0.076593 -0.197916 -0.977222 0.076593 -0.197916 -0.977222 0.076593 -0.197916 -0.977222 0.076593 -0.197916 -0.977222 0.076502 -0.325708 -0.942370 0.076502 -0.325708 -0.942370 0.076502 -0.325708 -0.942370 0.076502 -0.325708 -0.942370 0.076502 -0.325708 -0.942370 0.076502 -0.325708 -0.942370 0.076374 -0.447412 -0.891061 0.076374 -0.447412 -0.891061 0.076374 -0.447412 -0.891061 0.076374 -0.447412 -0.891061 0.076374 -0.447412 -0.891061 0.076374 -0.447412 -0.891061 0.076218 -0.560859 -0.824396 0.076218 -0.560859 -0.824396 0.076218 -0.560859 -0.824396 0.076218 -0.560859 -0.824396 0.076218 -0.560859 -0.824396 0.076218 -0.560859 -0.824396 0.076046 -0.664114 -0.743754 0.076046 -0.664114 -0.743754 0.076046 -0.664114 -0.743754 0.076046 -0.664114 -0.743754 0.076046 -0.664114 -0.743754 0.076046 -0.664114 -0.743754 0.075868 -0.755508 -0.650731 0.075868 -0.755508 -0.650731 0.075868 -0.755508 -0.650731 0.075868 -0.755508 -0.650731 0.075868 -0.755508 -0.650731 0.075868 -0.755508 -0.650731 0.075698 -0.833650 -0.547080 0.075698 -0.833650 -0.547080 0.075698 -0.833650 -0.547080 0.075698 -0.833650 -0.547080 0.075698 -0.833650 -0.547080 0.075698 -0.833650 -0.547080 0.075546 -0.897422 -0.434657 0.075546 -0.897422 -0.434657 0.075546 -0.897422 -0.434657 0.075546 -0.897422 -0.434657 0.075546 -0.897422 -0.434657 0.075546 -0.897422 -0.434657 0.075423 -0.945964 -0.315377 0.075423 -0.945964 -0.315377 0.075423 -0.945964 -0.315377 0.075423 -0.945964 -0.315377 0.075423 -0.945964 -0.315377 0.075423 -0.945964 -0.315377 0.075336 -0.978658 -0.191191 0.075336 -0.978658 -0.191191 0.075336 -0.978658 -0.191191 0.075336 -0.978658 -0.191191 0.075336 -0.978658 -0.191191 0.075336 -0.978658 -0.191191 0.075291 -0.995102 -0.064058 0.075291 -0.995102 -0.064058 0.075291 -0.995102 -0.064058 0.075291 -0.995102 -0.064058 0.075291 -0.995102 -0.064058 0.075291 -0.995102 -0.064058 0.115298 0.991279 -0.063812 0.115298 0.991279 -0.063812 0.115298 0.991279 -0.063812 0.115298 0.991279 -0.063812 0.115298 0.991279 -0.063812 0.115298 0.991279 -0.063812 0.115366 0.974894 -0.190456 0.115366 0.974894 -0.190456 0.115366 0.974894 -0.190456 0.115366 0.974894 -0.190456 0.115366 0.974894 -0.190456 0.115366 0.974894 -0.190456 0.115498 0.942318 -0.314162 0.115498 0.942318 -0.314162 0.115498 0.942318 -0.314162 0.115498 0.942318 -0.314162 0.115498 0.942318 -0.314162 0.115498 0.942318 -0.314162 0.115685 0.893951 -0.432976 0.115685 0.893951 -0.432976 0.115685 0.893951 -0.432976 0.115685 0.893951 -0.432976 0.115685 0.893951 -0.432976 0.115685 0.893951 -0.432976 0.115915 0.830413 -0.544956 0.115915 0.830413 -0.544956 0.115915 0.830413 -0.544956 0.115915 0.830413 -0.544956 0.115915 0.830413 -0.544956 0.115915 0.830413 -0.544956 0.116174 0.752562 -0.648193 0.116174 0.752562 -0.648193 0.116174 0.752562 -0.648193 0.116174 0.752562 -0.648193 0.116174 0.752562 -0.648193 0.116174 0.752562 -0.648193 0.116444 0.661512 -0.740840 0.116444 0.661512 -0.740840 0.116444 0.661512 -0.740840 0.116444 0.661512 -0.740840 0.116444 0.661512 -0.740840 0.116444 0.661512 -0.740840 0.116707 0.558651 -0.821151 0.116707 0.558651 -0.821151 0.116707 0.558651 -0.821151 0.116707 0.558651 -0.821151 0.116707 0.558651 -0.821151 0.116707 0.558651 -0.821151 0.116943 0.445644 -0.887539 0.116943 0.445644 -0.887539 0.116943 0.445644 -0.887539 0.116943 0.445644 -0.887539 0.116943 0.445644 -0.887539 0.116943 0.445644 -0.887539 0.117138 0.324416 -0.938633 0.117138 0.324416 -0.938633 0.117138 0.324416 -0.938633 0.117138 0.324416 -0.938633 0.117138 0.324416 -0.938633 0.117138 0.324416 -0.938633 0.117276 0.197129 -0.973338 0.117276 0.197129 -0.973338 0.117276 0.197129 -0.973338 0.117276 0.197129 -0.973338 0.117276 0.197129 -0.973338 0.117276 0.197129 -0.973338 0.117347 0.066127 -0.990887 0.117347 0.066127 -0.990887 0.117347 0.066127 -0.990887 0.117347 0.066127 -0.990887 0.117347 0.066127 -0.990887 0.117347 0.066127 -0.990887 0.117347 -0.066127 -0.990887 0.117347 -0.066127 -0.990887 0.117347 -0.066127 -0.990887 0.117347 -0.066127 -0.990887 0.117347 -0.066127 -0.990887 0.117347 -0.066127 -0.990887 0.117276 -0.197129 -0.973338 0.117276 -0.197129 -0.973338 0.117276 -0.197129 -0.973338 0.117276 -0.197129 -0.973338 0.117276 -0.197129 -0.973338 0.117276 -0.197129 -0.973338 0.117138 -0.324416 -0.938633 0.117138 -0.324416 -0.938633 0.117138 -0.324416 -0.938633 0.117138 -0.324416 -0.938633 0.117138 -0.324416 -0.938633 0.117138 -0.324416 -0.938633 0.116943 -0.445644 -0.887539 0.116943 -0.445644 -0.887539 0.116943 -0.445644 -0.887539 0.116943 -0.445644 -0.887539 0.116943 -0.445644 -0.887539 0.116943 -0.445644 -0.887539 0.116707 -0.558651 -0.821151 0.116707 -0.558651 -0.821151 0.116707 -0.558651 -0.821151 0.116707 -0.558651 -0.821151 0.116707 -0.558651 -0.821151 0.116707 -0.558651 -0.821151 0.116444 -0.661512 -0.740840 0.116444 -0.661512 -0.740840 0.116444 -0.661512 -0.740840 0.116444 -0.661512 -0.740840 0.116444 -0.661512 -0.740840 0.116444 -0.661512 -0.740840 0.116174 -0.752562 -0.648193 0.116174 -0.752562 -0.648193 0.116174 -0.752562 -0.648193 0.116174 -0.752562 -0.648193 0.116174 -0.752562 -0.648193 0.116174 -0.752562 -0.648193 0.115915 -0.830413 -0.544956 0.115915 -0.830413 -0.544956 0.115915 -0.830413 -0.544956 0.115915 -0.830413 -0.544956 0.115915 -0.830413 -0.544956 0.115915 -0.830413 -0.544956 0.115685 -0.893951 -0.432976 0.115685 -0.893951 -0.432976 0.115685 -0.893951 -0.432976 0.115685 -0.893951 -0.432976 0.115685 -0.893951 -0.432976 0.115685 -0.893951 -0.432976 0.115498 -0.942318 -0.314162 0.115498 -0.942318 -0.314162 0.115498 -0.942318 -0.314162 0.115498 -0.942318 -0.314162 0.115498 -0.942318 -0.314162 0.115498 -0.942318 -0.314162 0.115366 -0.974894 -0.190456 0.115366 -0.974894 -0.190456 0.115366 -0.974894 -0.190456 0.115366 -0.974894 -0.190456 0.115366 -0.974894 -0.190456 0.115366 -0.974894 -0.190456 0.115298 -0.991279 -0.063812 0.115298 -0.991279 -0.063812 0.115298 -0.991279 -0.063812 0.115298 -0.991279 -0.063812 0.115298 -0.991279 -0.063812 0.115298 -0.991279 -0.063812 0.160013 0.985076 -0.063412 0.160013 0.985076 -0.063412 0.160013 0.985076 -0.063412 0.160013 0.985076 -0.063412 0.160013 0.985076 -0.063412 0.160013 0.985076 -0.063412 0.160106 0.968786 -0.189262 0.160106 0.968786 -0.189262 0.160106 0.968786 -0.189262 0.160106 0.968786 -0.189262 0.160106 0.968786 -0.189262 0.160106 0.968786 -0.189262 0.160287 0.936401 -0.312189 0.160287 0.936401 -0.312189 0.160287 0.936401 -0.312189 0.160287 0.936401 -0.312189 0.160287 0.936401 -0.312189 0.160287 0.936401 -0.312189 0.160543 0.888320 -0.430248 0.160543 0.888320 -0.430248 0.160543 0.888320 -0.430248 0.160543 0.888320 -0.430248 0.160543 0.888320 -0.430248 0.160543 0.888320 -0.430248 0.160859 0.825162 -0.541510 0.160859 0.825162 -0.541510 0.160859 0.825162 -0.541510 0.160859 0.825162 -0.541510 0.160859 0.825162 -0.541510 0.160859 0.825162 -0.541510 0.161214 0.747781 -0.644076 0.161214 0.747781 -0.644076 0.161214 0.747781 -0.644076 0.161214 0.747781 -0.644076 0.161214 0.747781 -0.644076 0.161214 0.747781 -0.644076 0.161584 0.657290 -0.736112 0.161584 0.657290 -0.736112 0.161584 0.657290 -0.736112 0.161584 0.657290 -0.736112 0.161584 0.657290 -0.736112 0.161584 0.657290 -0.736112 0.161943 0.555070 -0.815887 0.161943 0.555070 -0.815887 0.161943 0.555070 -0.815887 0.161943 0.555070 -0.815887 0.161943 0.555070 -0.815887 0.161943 0.555070 -0.815887 0.162267 0.442776 -0.881827 0.162267 0.442776 -0.881827 0.162267 0.442776 -0.881827 0.162267 0.442776 -0.881827 0.162267 0.442776 -0.881827 0.162267 0.442776 -0.881827 0.162534 0.322321 -0.932573 0.162534 0.322321 -0.932573 0.162534 0.322321 -0.932573 0.162534 0.322321 -0.932573 0.162534 0.322321 -0.932573 0.162534 0.322321 -0.932573 0.162723 0.195853 -0.967038 0.162723 0.195853 -0.967038 0.162723 0.195853 -0.967038 0.162723 0.195853 -0.967038 0.162723 0.195853 -0.967038 0.162723 0.195853 -0.967038 0.162821 0.065698 -0.984466 0.162821 0.065698 -0.984466 0.162821 0.065698 -0.984466 0.162821 0.065698 -0.984466 0.162821 0.065698 -0.984466 0.162821 0.065698 -0.984466 0.162821 -0.065698 -0.984466 0.162821 -0.065698 -0.984466 0.162821 -0.065698 -0.984466 0.162821 -0.065698 -0.984466 0.162821 -0.065698 -0.984466 0.162821 -0.065698 -0.984466 0.162723 -0.195853 -0.967038 0.162723 -0.195853 -0.967038 0.162723 -0.195853 -0.967038 0.162723 -0.195853 -0.967038 0.162723 -0.195853 -0.967038 0.162723 -0.195853 -0.967038 0.162534 -0.322321 -0.932573 0.162534 -0.322321 -0.932573 0.162534 -0.322321 -0.932573 0.162534 -0.322321 -0.932573 0.162534 -0.322321 -0.932573 0.162534 -0.322321 -0.932573 0.162267 -0.442776 -0.881827 0.162267 -0.442776 -0.881827 0.162267 -0.442776 -0.881827 0.162267 -0.442776 -0.881827 0.162267 -0.442776 -0.881827 0.162267 -0.442776 -0.881827 0.161943 -0.555070 -0.815887 0.161943 -0.555070 -0.815887 0.161943 -0.555070 -0.815887 0.161943 -0.555070 -0.815887 0.161943 -0.555070 -0.815887 0.161943 -0.555070 -0.815887 0.161584 -0.657290 -0.736112 0.161584 -0.657290 -0.736112 0.161584 -0.657290 -0.736112 0.161584 -0.657290 -0.736112 0.161584 -0.657290 -0.736112 0.161584 -0.657290 -0.736112 0.161214 -0.747781 -0.644076 0.161214 -0.747781 -0.644076 0.161214 -0.747781 -0.644076 0.161214 -0.747781 -0.644076 0.161214 -0.747781 -0.644076 0.161214 -0.747781 -0.644076 0.160859 -0.825162 -0.541510 0.160859 -0.825162 -0.541510 0.160859 -0.825162 -0.541510 0.160859 -0.825162 -0.541510 0.160859 -0.825162 -0.541510 0.160859 -0.825162 -0.541510 0.160543 -0.888320 -0.430248 0.160543 -0.888320 -0.430248 0.160543 -0.888320 -0.430248 0.160543 -0.888320 -0.430248 0.160543 -0.888320 -0.430248 0.160543 -0.888320 -0.430248 0.160287 -0.936401 -0.312189 0.160287 -0.936401 -0.312189 0.160287 -0.936401 -0.312189 0.160287 -0.936401 -0.312189 0.160287 -0.936401 -0.312189 0.160287 -0.936401 -0.312189 0.160106 -0.968786 -0.189262 0.160106 -0.968786 -0.189262 0.160106 -0.968786 -0.189262 0.160106 -0.968786 -0.189262 0.160106 -0.968786 -0.189262 0.160106 -0.968786 -0.189262 0.160013 -0.985076 -0.063412 0.160013 -0.985076 -0.063412 0.160013 -0.985076 -0.063412 0.160013 -0.985076 -0.063412 0.160013 -0.985076 -0.063412 0.160013 -0.985076 -0.063412 0.208332 0.976038 -0.062831 0.208332 0.976038 -0.062831 0.208332 0.976038 -0.062831 0.208332 0.976038 -0.062831 0.208332 0.976038 -0.062831 0.208332 0.976038 -0.062831 0.208452 0.959887 -0.187524 0.208452 0.959887 -0.187524 0.208452 0.959887 -0.187524 0.208452 0.959887 -0.187524 0.208452 0.959887 -0.187524 0.208452 0.959887 -0.187524 0.208683 0.927780 -0.309315 0.208683 0.927780 -0.309315 0.208683 0.927780 -0.309315 0.208683 0.927780 -0.309315 0.208683 0.927780 -0.309315 0.208683 0.927780 -0.309315 0.209011 0.880116 -0.426275 0.209011 0.880116 -0.426275 0.209011 0.880116 -0.426275 0.209011 0.880116 -0.426275 0.209011 0.880116 -0.426275 0.209011 0.880116 -0.426275 0.209415 0.817511 -0.536489 0.209415 0.817511 -0.536489 0.209415 0.817511 -0.536489 0.209415 0.817511 -0.536489 0.209415 0.817511 -0.536489 0.209415 0.817511 -0.536489 0.209868 0.740818 -0.638079 0.209868 0.740818 -0.638079 0.209868 0.740818 -0.638079 0.209868 0.740818 -0.638079 0.209868 0.740818 -0.638079 0.209868 0.740818 -0.638079 0.210340 0.651142 -0.729226 0.210340 0.651142 -0.729226 0.210340 0.651142 -0.729226 0.210340 0.651142 -0.729226 0.210340 0.651142 -0.729226 0.210340 0.651142 -0.729226 0.210799 0.549855 -0.808222 0.210799 0.549855 -0.808222 0.210799 0.549855 -0.808222 0.210799 0.549855 -0.808222 0.210799 0.549855 -0.808222 0.210799 0.549855 -0.808222 0.211213 0.438599 -0.873510 0.211213 0.438599 -0.873510 0.211213 0.438599 -0.873510 0.211213 0.438599 -0.873510 0.211213 0.438599 -0.873510 0.211213 0.438599 -0.873510 0.211554 0.319272 -0.923748 0.211554 0.319272 -0.923748 0.211554 0.319272 -0.923748 0.211554 0.319272 -0.923748 0.211554 0.319272 -0.923748 0.211554 0.319272 -0.923748 0.211795 0.193996 -0.957867 0.211795 0.193996 -0.957867 0.211795 0.193996 -0.957867 0.211795 0.193996 -0.957867 0.211795 0.193996 -0.957867 0.211795 0.193996 -0.957867 0.211920 0.065075 -0.975118 0.211920 0.065075 -0.975118 0.211920 0.065075 -0.975118 0.211920 0.065075 -0.975118 0.211920 0.065075 -0.975118 0.211920 0.065075 -0.975118 0.211920 -0.065075 -0.975118 0.211920 -0.065075 -0.975118 0.211920 -0.065075 -0.975118 0.211920 -0.065075 -0.975118 0.211920 -0.065075 -0.975118 0.211920 -0.065075 -0.975118 0.211795 -0.193996 -0.957867 0.211795 -0.193996 -0.957867 0.211795 -0.193996 -0.957867 0.211795 -0.193996 -0.957867 0.211795 -0.193996 -0.957867 0.211795 -0.193996 -0.957867 0.211554 -0.319272 -0.923748 0.211554 -0.319272 -0.923748 0.211554 -0.319272 -0.923748 0.211554 -0.319272 -0.923748 0.211554 -0.319272 -0.923748 0.211554 -0.319272 -0.923748 0.211213 -0.438599 -0.873510 0.211213 -0.438599 -0.873510 0.211213 -0.438599 -0.873510 0.211213 -0.438599 -0.873510 0.211213 -0.438599 -0.873510 0.211213 -0.438599 -0.873510 0.210799 -0.549855 -0.808222 0.210799 -0.549855 -0.808222 0.210799 -0.549855 -0.808222 0.210799 -0.549855 -0.808222 0.210799 -0.549855 -0.808222 0.210799 -0.549855 -0.808222 0.210340 -0.651142 -0.729226 0.210340 -0.651142 -0.729226 0.210340 -0.651142 -0.729226 0.210340 -0.651142 -0.729226 0.210340 -0.651142 -0.729226 0.210340 -0.651142 -0.729226 0.209868 -0.740818 -0.638079 0.209868 -0.740818 -0.638079 0.209868 -0.740818 -0.638079 0.209868 -0.740818 -0.638079 0.209868 -0.740818 -0.638079 0.209868 -0.740818 -0.638079 0.209415 -0.817511 -0.536489 0.209415 -0.817511 -0.536489 0.209415 -0.817511 -0.536489 0.209415 -0.817511 -0.536489 0.209415 -0.817511 -0.536489 0.209415 -0.817511 -0.536489 0.209011 -0.880116 -0.426275 0.209011 -0.880116 -0.426275 0.209011 -0.880116 -0.426275 0.209011 -0.880116 -0.426275 0.209011 -0.880116 -0.426275 0.209011 -0.880116 -0.426275 0.208683 -0.927780 -0.309315 0.208683 -0.927780 -0.309315 0.208683 -0.927780 -0.309315 0.208683 -0.927780 -0.309315 0.208683 -0.927780 -0.309315 0.208683 -0.927780 -0.309315 0.208452 -0.959887 -0.187524 0.208452 -0.959887 -0.187524 0.208452 -0.959887 -0.187524 0.208452 -0.959887 -0.187524 0.208452 -0.959887 -0.187524 0.208452 -0.959887 -0.187524 0.208332 -0.976038 -0.062831 0.208332 -0.976038 -0.062831 0.208332 -0.976038 -0.062831 0.208332 -0.976038 -0.062831 0.208332 -0.976038 -0.062831 0.208332 -0.976038 -0.062831 0.259186 0.963832 -0.062045 0.259186 0.963832 -0.062045 0.259186 0.963832 -0.062045 0.259186 0.963832 -0.062045 0.259186 0.963832 -0.062045 0.259186 0.963832 -0.062045 0.259331 0.947870 -0.185176 0.259331 0.947870 -0.185176 0.259331 0.947870 -0.185176 0.259331 0.947870 -0.185176 0.259331 0.947870 -0.185176 0.259331 0.947870 -0.185176 0.259611 0.916140 -0.305434 0.259611 0.916140 -0.305434 0.259611 0.916140 -0.305434 0.259611 0.916140 -0.305434 0.259611 0.916140 -0.305434 0.259611 0.916140 -0.305434 0.260009 0.869040 -0.420910 0.260009 0.869040 -0.420910 0.260009 0.869040 -0.420910 0.260009 0.869040 -0.420910 0.260009 0.869040 -0.420910 0.260009 0.869040 -0.420910 0.260499 0.807184 -0.529712 0.260499 0.807184 -0.529712 0.260499 0.807184 -0.529712 0.260499 0.807184 -0.529712 0.260499 0.807184 -0.529712 0.260499 0.807184 -0.529712 0.261048 0.731420 -0.629984 0.261048 0.731420 -0.629984 0.261048 0.731420 -0.629984 0.261048 0.731420 -0.629984 0.261048 0.731420 -0.629984 0.261048 0.731420 -0.629984 0.261621 0.642845 -0.719934 0.261621 0.642845 -0.719934 0.261621 0.642845 -0.719934 0.261621 0.642845 -0.719934 0.261621 0.642845 -0.719934 0.261621 0.642845 -0.719934 0.262178 0.542819 -0.797879 0.262178 0.542819 -0.797879 0.262178 0.542819 -0.797879 0.262178 0.542819 -0.797879 0.262178 0.542819 -0.797879 0.262178 0.542819 -0.797879 0.262680 0.432965 -0.862288 0.262680 0.432965 -0.862288 0.262680 0.432965 -0.862288 0.262680 0.432965 -0.862288 0.262680 0.432965 -0.862288 0.262680 0.432965 -0.862288 0.263092 0.315157 -0.911844 0.263092 0.315157 -0.911844 0.263092 0.315157 -0.911844 0.263092 0.315157 -0.911844 0.263092 0.315157 -0.911844 0.263092 0.315157 -0.911844 0.263384 0.191490 -0.945495 0.263384 0.191490 -0.945495 0.263384 0.191490 -0.945495 0.263384 0.191490 -0.945495 0.263384 0.191490 -0.945495 0.263384 0.191490 -0.945495 0.263536 0.064233 -0.962509 0.263536 0.064233 -0.962509 0.263536 0.064233 -0.962509 0.263536 0.064233 -0.962509 0.263536 0.064233 -0.962509 0.263536 0.064233 -0.962509 0.263536 -0.064233 -0.962509 0.263536 -0.064233 -0.962509 0.263536 -0.064233 -0.962509 0.263536 -0.064233 -0.962509 0.263536 -0.064233 -0.962509 0.263536 -0.064233 -0.962509 0.263384 -0.191490 -0.945495 0.263384 -0.191490 -0.945495 0.263384 -0.191490 -0.945495 0.263384 -0.191490 -0.945495 0.263384 -0.191490 -0.945495 0.263384 -0.191490 -0.945495 0.263092 -0.315157 -0.911844 0.263092 -0.315157 -0.911844 0.263092 -0.315157 -0.911844 0.263092 -0.315157 -0.911844 0.263092 -0.315157 -0.911844 0.263092 -0.315157 -0.911844 0.262680 -0.432965 -0.862288 0.262680 -0.432965 -0.862288 0.262680 -0.432965 -0.862288 0.262680 -0.432965 -0.862288 0.262680 -0.432965 -0.862288 0.262680 -0.432965 -0.862288 0.262178 -0.542819 -0.797879 0.262178 -0.542819 -0.797879 0.262178 -0.542819 -0.797879 0.262178 -0.542819 -0.797879 0.262178 -0.542819 -0.797879 0.262178 -0.542819 -0.797879 0.261621 -0.642845 -0.719934 0.261621 -0.642845 -0.719934 0.261621 -0.642845 -0.719934 0.261621 -0.642845 -0.719934 0.261621 -0.642845 -0.719934 0.261621 -0.642845 -0.719934 0.261048 -0.731420 -0.629984 0.261048 -0.731420 -0.629984 0.261048 -0.731420 -0.629984 0.261048 -0.731420 -0.629984 0.261048 -0.731420 -0.629984 0.261048 -0.731420 -0.629984 0.260499 -0.807184 -0.529712 0.260499 -0.807184 -0.529712 0.260499 -0.807184 -0.529712 0.260499 -0.807184 -0.529712 0.260499 -0.807184 -0.529712 0.260499 -0.807184 -0.529712 0.260009 -0.869040 -0.420910 0.260009 -0.869040 -0.420910 0.260009 -0.869040 -0.420910 0.260009 -0.869040 -0.420910 0.260009 -0.869040 -0.420910 0.260009 -0.869040 -0.420910 0.259611 -0.916140 -0.305434 0.259611 -0.916140 -0.305434 0.259611 -0.916140 -0.305434 0.259611 -0.916140 -0.305434 0.259611 -0.916140 -0.305434 0.259611 -0.916140 -0.305434 0.259331 -0.947870 -0.185176 0.259331 -0.947870 -0.185176 0.259331 -0.947870 -0.185176 0.259331 -0.947870 -0.185176 0.259331 -0.947870 -0.185176 0.259331 -0.947870 -0.185176 0.259186 -0.963832 -0.062045 0.259186 -0.963832 -0.062045 0.259186 -0.963832 -0.062045 0.259186 -0.963832 -0.062045 0.259186 -0.963832 -0.062045 0.259186 -0.963832 -0.062045 0.311509 0.948281 -0.061044 0.311509 0.948281 -0.061044 0.311509 0.948281 -0.061044 0.311509 0.948281 -0.061044 0.311509 0.948281 -0.061044 0.311509 0.948281 -0.061044 0.311677 0.932559 -0.182185 0.311677 0.932559 -0.182185 0.311677 0.932559 -0.182185 0.311677 0.932559 -0.182185 0.311677 0.932559 -0.182185 0.311677 0.932559 -0.182185 0.312003 0.901310 -0.300490 0.312003 0.901310 -0.300490 0.312003 0.901310 -0.300490 0.312003 0.901310 -0.300490 0.312003 0.901310 -0.300490 0.312003 0.901310 -0.300490 0.312466 0.854930 -0.414076 0.312466 0.854930 -0.414076 0.312466 0.854930 -0.414076 0.312466 0.854930 -0.414076 0.312466 0.854930 -0.414076 0.312466 0.854930 -0.414076 0.313035 0.794031 -0.521080 0.313035 0.794031 -0.521080 0.313035 0.794031 -0.521080 0.313035 0.794031 -0.521080 0.313035 0.794031 -0.521080 0.313035 0.794031 -0.521080 0.313674 0.719452 -0.619675 0.313674 0.719452 -0.619675 0.313674 0.719452 -0.619675 0.313674 0.719452 -0.619675 0.313674 0.719452 -0.619675 0.313674 0.719452 -0.619675 0.314340 0.632281 -0.708104 0.314340 0.632281 -0.708104 0.314340 0.632281 -0.708104 0.314340 0.632281 -0.708104 0.314340 0.632281 -0.708104 0.314340 0.632281 -0.708104 0.314987 0.533862 -0.784713 0.314987 0.533862 -0.784713 0.314987 0.533862 -0.784713 0.314987 0.533862 -0.784713 0.314987 0.533862 -0.784713 0.314987 0.533862 -0.784713 0.315570 0.425794 -0.848006 0.315570 0.425794 -0.848006 0.315570 0.425794 -0.848006 0.315570 0.425794 -0.848006 0.315570 0.425794 -0.848006 0.315570 0.425794 -0.848006 0.316049 0.309921 -0.896695 0.316049 0.309921 -0.896695 0.316049 0.309921 -0.896695 0.316049 0.309921 -0.896695 0.316049 0.309921 -0.896695 0.316049 0.309921 -0.896695 0.316389 0.188302 -0.929753 0.316389 0.188302 -0.929753 0.316389 0.188302 -0.929753 0.316389 0.188302 -0.929753 0.316389 0.188302 -0.929753 0.316389 0.188302 -0.929753 0.316565 0.063163 -0.946465 0.316565 0.063163 -0.946465 0.316565 0.063163 -0.946465 0.316565 0.063163 -0.946465 0.316565 0.063163 -0.946465 0.316565 0.063163 -0.946465 0.316565 -0.063163 -0.946465 0.316565 -0.063163 -0.946465 0.316565 -0.063163 -0.946465 0.316565 -0.063163 -0.946465 0.316565 -0.063163 -0.946465 0.316565 -0.063163 -0.946465 0.316389 -0.188302 -0.929753 0.316389 -0.188302 -0.929753 0.316389 -0.188302 -0.929753 0.316389 -0.188302 -0.929753 0.316389 -0.188302 -0.929753 0.316389 -0.188302 -0.929753 0.316049 -0.309921 -0.896695 0.316049 -0.309921 -0.896695 0.316049 -0.309921 -0.896695 0.316049 -0.309921 -0.896695 0.316049 -0.309921 -0.896695 0.316049 -0.309921 -0.896695 0.315570 -0.425794 -0.848006 0.315570 -0.425794 -0.848006 0.315570 -0.425794 -0.848006 0.315570 -0.425794 -0.848006 0.315570 -0.425794 -0.848006 0.315570 -0.425794 -0.848006 0.314987 -0.533862 -0.784713 0.314987 -0.533862 -0.784713 0.314987 -0.533862 -0.784713 0.314987 -0.533862 -0.784713 0.314987 -0.533862 -0.784713 0.314987 -0.533862 -0.784713 0.314340 -0.632281 -0.708104 0.314340 -0.632281 -0.708104 0.314340 -0.632281 -0.708104 0.314340 -0.632281 -0.708104 0.314340 -0.632281 -0.708104 0.314340 -0.632281 -0.708104 0.313674 -0.719452 -0.619675 0.313674 -0.719452 -0.619675 0.313674 -0.719452 -0.619675 0.313674 -0.719452 -0.619675 0.313674 -0.719452 -0.619675 0.313674 -0.719452 -0.619675 0.313035 -0.794031 -0.521080 0.313035 -0.794031 -0.521080 0.313035 -0.794031 -0.521080 0.313035 -0.794031 -0.521080 0.313035 -0.794031 -0.521080 0.313035 -0.794031 -0.521080 0.312466 -0.854930 -0.414076 0.312466 -0.854930 -0.414076 0.312466 -0.854930 -0.414076 0.312466 -0.854930 -0.414076 0.312466 -0.854930 -0.414076 0.312466 -0.854930 -0.414076 0.312003 -0.901310 -0.300490 0.312003 -0.901310 -0.300490 0.312003 -0.901310 -0.300490 0.312003 -0.901310 -0.300490 0.312003 -0.901310 -0.300490 0.312003 -0.901310 -0.300490 0.311677 -0.932559 -0.182185 0.311677 -0.932559 -0.182185 0.311677 -0.932559 -0.182185 0.311677 -0.932559 -0.182185 0.311677 -0.932559 -0.182185 0.311677 -0.932559 -0.182185 0.311509 -0.948281 -0.061044 0.311509 -0.948281 -0.061044 0.311509 -0.948281 -0.061044 0.311509 -0.948281 -0.061044 0.311509 -0.948281 -0.061044 0.311509 -0.948281 -0.061044 0.364258 0.929375 -0.059827 0.364258 0.929375 -0.059827 0.364258 0.929375 -0.059827 0.364258 0.929375 -0.059827 0.364258 0.929375 -0.059827 0.364258 0.929375 -0.059827 0.364447 0.913947 -0.178549 0.364447 0.913947 -0.178549 0.364447 0.913947 -0.178549 0.364447 0.913947 -0.178549 0.364447 0.913947 -0.178549 0.364447 0.913947 -0.178549 0.364813 0.883285 -0.294481 0.364813 0.883285 -0.294481 0.364813 0.883285 -0.294481 0.364813 0.883285 -0.294481 0.364813 0.883285 -0.294481 0.364813 0.883285 -0.294481 0.365332 0.837784 -0.405772 0.365332 0.837784 -0.405772 0.365332 0.837784 -0.405772 0.365332 0.837784 -0.405772 0.365332 0.837784 -0.405772 0.365332 0.837784 -0.405772 0.365972 0.778049 -0.510592 0.365972 0.778049 -0.510592 0.365972 0.778049 -0.510592 0.365972 0.778049 -0.510592 0.365972 0.778049 -0.510592 0.365972 0.778049 -0.510592 0.366689 0.704914 -0.607154 0.366689 0.704914 -0.607154 0.366689 0.704914 -0.607154 0.366689 0.704914 -0.607154 0.366689 0.704914 -0.607154 0.366689 0.704914 -0.607154 0.367436 0.619452 -0.693736 0.367436 0.619452 -0.693736 0.367436 0.619452 -0.693736 0.367436 0.619452 -0.693736 0.367436 0.619452 -0.693736 0.367436 0.619452 -0.693736 0.368161 0.522986 -0.768728 0.368161 0.522986 -0.768728 0.368161 0.522986 -0.768728 0.368161 0.522986 -0.768728 0.368161 0.522986 -0.768728 0.368161 0.522986 -0.768728 0.368816 0.417089 -0.830669 0.368816 0.417089 -0.830669 0.368816 0.417089 -0.830669 0.368816 0.417089 -0.830669 0.368816 0.417089 -0.830669 0.368816 0.417089 -0.830669 0.369353 0.303566 -0.878309 0.369353 0.303566 -0.878309 0.369353 0.303566 -0.878309 0.369353 0.303566 -0.878309 0.369353 0.303566 -0.878309 0.369353 0.303566 -0.878309 0.369734 0.184433 -0.910649 0.369734 0.184433 -0.910649 0.369734 0.184433 -0.910649 0.369734 0.184433 -0.910649 0.369734 0.184433 -0.910649 0.369734 0.184433 -0.910649 0.369932 0.061863 -0.926997 0.369932 0.061863 -0.926997 0.369932 0.061863 -0.926997 0.369932 0.061863 -0.926997 0.369932 0.061863 -0.926997 0.369932 0.061863 -0.926997 0.369932 -0.061863 -0.926997 0.369932 -0.061863 -0.926997 0.369932 -0.061863 -0.926997 0.369932 -0.061863 -0.926997 0.369932 -0.061863 -0.926997 0.369932 -0.061863 -0.926997 0.369734 -0.184433 -0.910649 0.369734 -0.184433 -0.910649 0.369734 -0.184433 -0.910649 0.369734 -0.184433 -0.910649 0.369734 -0.184433 -0.910649 0.369734 -0.184433 -0.910649 0.369353 -0.303566 -0.878309 0.369353 -0.303566 -0.878309 0.369353 -0.303566 -0.878309 0.369353 -0.303566 -0.878309 0.369353 -0.303566 -0.878309 0.369353 -0.303566 -0.878309 0.368816 -0.417089 -0.830669 0.368816 -0.417089 -0.830669 0.368816 -0.417089 -0.830669 0.368816 -0.417089 -0.830669 0.368816 -0.417089 -0.830669 0.368816 -0.417089 -0.830669 0.368161 -0.522986 -0.768728 0.368161 -0.522986 -0.768728 0.368161 -0.522986 -0.768728 0.368161 -0.522986 -0.768728 0.368161 -0.522986 -0.768728 0.368161 -0.522986 -0.768728 0.367436 -0.619452 -0.693736 0.367436 -0.619452 -0.693736 0.367436 -0.619452 -0.693736 0.367436 -0.619452 -0.693736 0.367436 -0.619452 -0.693736 0.367436 -0.619452 -0.693736 0.366689 -0.704914 -0.607154 0.366689 -0.704914 -0.607154 0.366689 -0.704914 -0.607154 0.366689 -0.704914 -0.607154 0.366689 -0.704914 -0.607154 0.366689 -0.704914 -0.607154 0.365972 -0.778049 -0.510592 0.365972 -0.778049 -0.510592 0.365972 -0.778049 -0.510592 0.365972 -0.778049 -0.510592 0.365972 -0.778049 -0.510592 0.365972 -0.778049 -0.510592 0.365332 -0.837784 -0.405772 0.365332 -0.837784 -0.405772 0.365332 -0.837784 -0.405772 0.365332 -0.837784 -0.405772 0.365332 -0.837784 -0.405772 0.365332 -0.837784 -0.405772 0.364813 -0.883285 -0.294481 0.364813 -0.883285 -0.294481 0.364813 -0.883285 -0.294481 0.364813 -0.883285 -0.294481 0.364813 -0.883285 -0.294481 0.364813 -0.883285 -0.294481 0.364447 -0.913947 -0.178549 0.364447 -0.913947 -0.178549 0.364447 -0.913947 -0.178549 0.364447 -0.913947 -0.178549 0.364447 -0.913947 -0.178549 0.364447 -0.913947 -0.178549 0.364258 -0.929375 -0.059827 0.364258 -0.929375 -0.059827 0.364258 -0.929375 -0.059827 0.364258 -0.929375 -0.059827 0.364258 -0.929375 -0.059827 0.364258 -0.929375 -0.059827 0.022131 0.997690 -0.064224 0.022131 0.997690 -0.064224 0.022131 0.997690 -0.064224 0.022131 0.997690 -0.064224 0.022131 0.997690 -0.064224 0.022131 0.997690 -0.064224 0.022144 0.981206 -0.191689 0.022144 0.981206 -0.191689 0.022144 0.981206 -0.191689 0.022144 0.981206 -0.191689 0.022144 0.981206 -0.191689 0.022144 0.981206 -0.191689 0.022170 0.948433 -0.316201 0.022170 0.948433 -0.316201 0.022170 0.948433 -0.316201 0.022170 0.948433 -0.316201 0.022170 0.948433 -0.316201 0.022170 0.948433 -0.316201 0.022206 0.899772 -0.435795 0.022206 0.899772 -0.435795 0.022206 0.899772 -0.435795 0.022206 0.899772 -0.435795 0.022206 0.899772 -0.435795 0.022206 0.899772 -0.435795 0.022251 0.835842 -0.548519 0.022251 0.835842 -0.548519 0.022251 0.835842 -0.548519 0.022251 0.835842 -0.548519 0.022251 0.835842 -0.548519 0.022251 0.835842 -0.548519 0.022302 0.757504 -0.652450 0.022302 0.757504 -0.652450 0.022302 0.757504 -0.652450 0.022302 0.757504 -0.652450 0.022302 0.757504 -0.652450 0.022302 0.757504 -0.652450 0.022354 0.665876 -0.745727 0.022354 0.665876 -0.745727 0.022354 0.665876 -0.745727 0.022354 0.665876 -0.745727 0.022354 0.665876 -0.745727 0.022354 0.665876 -0.745727 0.022405 0.562354 -0.826593 0.022405 0.562354 -0.826593 0.022405 0.562354 -0.826593 0.022405 0.562354 -0.826593 0.022405 0.562354 -0.826593 0.022405 0.562354 -0.826593 0.022451 0.448610 -0.893446 0.022451 0.448610 -0.893446 0.022451 0.448610 -0.893446 0.022451 0.448610 -0.893446 0.022451 0.448610 -0.893446 0.022451 0.448610 -0.893446 0.022489 0.326583 -0.944901 0.022489 0.326583 -0.944901 0.022489 0.326583 -0.944901 0.022489 0.326583 -0.944901 0.022489 0.326583 -0.944901 0.022489 0.326583 -0.944901 0.022516 0.198449 -0.979853 0.022516 0.198449 -0.979853 0.022516 0.198449 -0.979853 0.022516 0.198449 -0.979853 0.022516 0.198449 -0.979853 0.022516 0.198449 -0.979853 0.022530 0.066570 -0.997527 0.022530 0.066570 -0.997527 0.022530 0.066570 -0.997527 0.022530 0.066570 -0.997527 0.022530 0.066570 -0.997527 0.022530 0.066570 -0.997527 0.022530 -0.066570 -0.997527 0.022530 -0.066570 -0.997527 0.022530 -0.066570 -0.997527 0.022530 -0.066570 -0.997527 0.022530 -0.066570 -0.997527 0.022530 -0.066570 -0.997527 0.022516 -0.198449 -0.979853 0.022516 -0.198449 -0.979853 0.022516 -0.198449 -0.979853 0.022516 -0.198449 -0.979853 0.022516 -0.198449 -0.979853 0.022516 -0.198449 -0.979853 0.022489 -0.326583 -0.944901 0.022489 -0.326583 -0.944901 0.022489 -0.326583 -0.944901 0.022489 -0.326583 -0.944901 0.022489 -0.326583 -0.944901 0.022489 -0.326583 -0.944901 0.022451 -0.448610 -0.893446 0.022451 -0.448610 -0.893446 0.022451 -0.448610 -0.893446 0.022451 -0.448610 -0.893446 0.022451 -0.448610 -0.893446 0.022451 -0.448610 -0.893446 0.022405 -0.562354 -0.826593 0.022405 -0.562354 -0.826593 0.022405 -0.562354 -0.826593 0.022405 -0.562354 -0.826593 0.022405 -0.562354 -0.826593 0.022405 -0.562354 -0.826593 0.022354 -0.665876 -0.745727 0.022354 -0.665876 -0.745727 0.022354 -0.665876 -0.745727 0.022354 -0.665876 -0.745727 0.022354 -0.665876 -0.745727 0.022354 -0.665876 -0.745727 0.022302 -0.757504 -0.652450 0.022302 -0.757504 -0.652450 0.022302 -0.757504 -0.652450 0.022302 -0.757504 -0.652450 0.022302 -0.757504 -0.652450 0.022302 -0.757504 -0.652450 0.022251 -0.835842 -0.548519 0.022251 -0.835842 -0.548519 0.022251 -0.835842 -0.548519 0.022251 -0.835842 -0.548519 0.022251 -0.835842 -0.548519 0.022251 -0.835842 -0.548519 0.022206 -0.899772 -0.435795 0.022206 -0.899772 -0.435795 0.022206 -0.899772 -0.435795 0.022206 -0.899772 -0.435795 0.022206 -0.899772 -0.435795 0.022206 -0.899772 -0.435795 0.022170 -0.948433 -0.316201 0.022170 -0.948433 -0.316201 0.022170 -0.948433 -0.316201 0.022170 -0.948433 -0.316201 0.022170 -0.948433 -0.316201 0.022170 -0.948433 -0.316201 0.022144 -0.981206 -0.191689 0.022144 -0.981206 -0.191689 0.022144 -0.981206 -0.191689 0.022144 -0.981206 -0.191689 0.022144 -0.981206 -0.191689 0.022144 -0.981206 -0.191689 0.022131 -0.997690 -0.064224 0.022131 -0.997690 -0.064224 0.022131 -0.997690 -0.064224 0.022131 -0.997690 -0.064224 0.022131 -0.997690 -0.064224 0.022131 -0.997690 -0.064224 0.000000 0.997934 -0.064240 0.000000 0.997934 -0.064240 0.000000 0.997934 -0.064240 0.000000 0.997934 -0.064240 0.000000 0.997934 -0.064240 0.000000 0.997934 -0.064240 0.000000 0.981447 -0.191736 0.000000 0.981447 -0.191736 0.000000 0.981447 -0.191736 0.000000 0.981447 -0.191736 0.000000 0.981447 -0.191736 0.000000 0.981447 -0.191736 0.000000 0.948666 -0.316278 0.000000 0.948666 -0.316278 0.000000 0.948666 -0.316278 0.000000 0.948666 -0.316278 0.000000 0.948666 -0.316278 0.000000 0.948666 -0.316278 0.000000 0.899994 -0.435902 0.000000 0.899994 -0.435902 0.000000 0.899994 -0.435902 0.000000 0.899994 -0.435902 0.000000 0.899994 -0.435902 0.000000 0.899994 -0.435902 0.000000 0.836049 -0.548655 0.000000 0.836049 -0.548655 0.000000 0.836049 -0.548655 0.000000 0.836049 -0.548655 0.000000 0.836049 -0.548655 0.000000 0.836049 -0.548655 0.000000 0.757692 -0.652612 0.000000 0.757692 -0.652612 0.000000 0.757692 -0.652612 0.000000 0.757692 -0.652612 0.000000 0.757692 -0.652612 0.000000 0.757692 -0.652612 0.000000 0.666042 -0.745914 0.000000 0.666042 -0.745914 0.000000 0.666042 -0.745914 0.000000 0.666042 -0.745914 0.000000 0.666042 -0.745914 0.000000 0.666042 -0.745914 0.000000 0.562495 -0.826801 0.000000 0.562495 -0.826801 0.000000 0.562495 -0.826801 0.000000 0.562495 -0.826801 0.000000 0.562495 -0.826801 0.000000 0.562495 -0.826801 0.000000 0.448723 -0.893671 0.000000 0.448723 -0.893671 0.000000 0.448723 -0.893671 0.000000 0.448723 -0.893671 0.000000 0.448723 -0.893671 0.000000 0.448723 -0.893671 0.000000 0.326665 -0.945140 0.000000 0.326665 -0.945140 0.000000 0.326665 -0.945140 0.000000 0.326665 -0.945140 0.000000 0.326665 -0.945140 0.000000 0.326665 -0.945140 0.000000 0.198499 -0.980101 0.000000 0.198499 -0.980101 0.000000 0.198499 -0.980101 0.000000 0.198499 -0.980101 0.000000 0.198499 -0.980101 0.000000 0.198499 -0.980101 0.000000 0.066587 -0.997781 0.000000 0.066587 -0.997781 0.000000 0.066587 -0.997781 0.000000 0.066587 -0.997781 0.000000 0.066587 -0.997781 0.000000 0.066587 -0.997781 0.000000 -0.066587 -0.997781 0.000000 -0.066587 -0.997781 0.000000 -0.066587 -0.997781 0.000000 -0.066587 -0.997781 0.000000 -0.066587 -0.997781 0.000000 -0.066587 -0.997781 0.000000 -0.198499 -0.980101 0.000000 -0.198499 -0.980101 0.000000 -0.198499 -0.980101 0.000000 -0.198499 -0.980101 0.000000 -0.198499 -0.980101 0.000000 -0.198499 -0.980101 0.000000 -0.326665 -0.945140 0.000000 -0.326665 -0.945140 0.000000 -0.326665 -0.945140 0.000000 -0.326665 -0.945140 0.000000 -0.326665 -0.945140 0.000000 -0.326665 -0.945140 0.000000 -0.448723 -0.893671 0.000000 -0.448723 -0.893671 0.000000 -0.448723 -0.893671 0.000000 -0.448723 -0.893671 0.000000 -0.448723 -0.893671 0.000000 -0.448723 -0.893671 0.000000 -0.562495 -0.826801 0.000000 -0.562495 -0.826801 0.000000 -0.562495 -0.826801 0.000000 -0.562495 -0.826801 0.000000 -0.562495 -0.826801 0.000000 -0.562495 -0.826801 0.000000 -0.666042 -0.745914 0.000000 -0.666042 -0.745914 0.000000 -0.666042 -0.745914 0.000000 -0.666042 -0.745914 0.000000 -0.666042 -0.745914 0.000000 -0.666042 -0.745914 0.000000 -0.757692 -0.652612 0.000000 -0.757692 -0.652612 0.000000 -0.757692 -0.652612 0.000000 -0.757692 -0.652612 0.000000 -0.757692 -0.652612 0.000000 -0.757692 -0.652612 0.000000 -0.836049 -0.548655 0.000000 -0.836049 -0.548655 0.000000 -0.836049 -0.548655 0.000000 -0.836049 -0.548655 0.000000 -0.836049 -0.548655 0.000000 -0.836049 -0.548655 0.000000 -0.899994 -0.435902 0.000000 -0.899994 -0.435902 0.000000 -0.899994 -0.435902 0.000000 -0.899994 -0.435902 0.000000 -0.899994 -0.435902 0.000000 -0.899994 -0.435902 0.000000 -0.948666 -0.316278 0.000000 -0.948666 -0.316278 0.000000 -0.948666 -0.316278 0.000000 -0.948666 -0.316278 0.000000 -0.948666 -0.316278 0.000000 -0.948666 -0.316278 0.000000 -0.981447 -0.191736 0.000000 -0.981447 -0.191736 0.000000 -0.981447 -0.191736 0.000000 -0.981447 -0.191736 0.000000 -0.981447 -0.191736 0.000000 -0.981447 -0.191736 0.000000 -0.997934 -0.064240 0.000000 -0.997934 -0.064240 0.000000 -0.997934 -0.064240 0.000000 -0.997934 -0.064240 0.000000 -0.997934 -0.064240 0.000000 -0.997934 -0.064240 0.000000 0.997934 -0.064240 0.000000 0.997934 -0.064240 0.000000 0.997934 -0.064240 0.000000 0.997934 -0.064240 0.000000 0.997934 -0.064240 0.000000 0.997934 -0.064240 0.000000 0.981447 -0.191736 0.000000 0.981447 -0.191736 0.000000 0.981447 -0.191736 0.000000 0.981447 -0.191736 0.000000 0.981447 -0.191736 0.000000 0.981447 -0.191736 0.000000 0.948666 -0.316278 0.000000 0.948666 -0.316278 0.000000 0.948666 -0.316278 0.000000 0.948666 -0.316278 0.000000 0.948666 -0.316278 0.000000 0.948666 -0.316278 0.000000 0.899994 -0.435902 0.000000 0.899994 -0.435902 0.000000 0.899994 -0.435902 0.000000 0.899994 -0.435902 0.000000 0.899994 -0.435902 0.000000 0.899994 -0.435902 0.000000 0.836049 -0.548655 0.000000 0.836049 -0.548655 0.000000 0.836049 -0.548655 0.000000 0.836049 -0.548655 0.000000 0.836049 -0.548655 0.000000 0.836049 -0.548655 0.000000 0.757692 -0.652612 0.000000 0.757692 -0.652612 0.000000 0.757692 -0.652612 0.000000 0.757692 -0.652612 0.000000 0.757692 -0.652612 0.000000 0.757692 -0.652612 0.000000 0.666042 -0.745914 0.000000 0.666042 -0.745914 0.000000 0.666042 -0.745914 0.000000 0.666042 -0.745914 0.000000 0.666042 -0.745914 0.000000 0.666042 -0.745914 0.000000 0.562495 -0.826801 0.000000 0.562495 -0.826801 0.000000 0.562495 -0.826801 0.000000 0.562495 -0.826801 0.000000 0.562495 -0.826801 0.000000 0.562495 -0.826801 0.000000 0.448723 -0.893671 0.000000 0.448723 -0.893671 0.000000 0.448723 -0.893671 0.000000 0.448723 -0.893671 0.000000 0.448723 -0.893671 0.000000 0.448723 -0.893671 0.000000 0.326665 -0.945140 0.000000 0.326665 -0.945140 0.000000 0.326665 -0.945140 0.000000 0.326665 -0.945140 0.000000 0.326665 -0.945140 0.000000 0.326665 -0.945140 0.000000 0.198499 -0.980101 0.000000 0.198499 -0.980101 0.000000 0.198499 -0.980101 0.000000 0.198499 -0.980101 0.000000 0.198499 -0.980101 0.000000 0.198499 -0.980101 0.000000 0.066587 -0.997781 0.000000 0.066587 -0.997781 0.000000 0.066587 -0.997781 0.000000 0.066587 -0.997781 0.000000 0.066587 -0.997781 0.000000 0.066587 -0.997781 0.000000 -0.066587 -0.997781 0.000000 -0.066587 -0.997781 0.000000 -0.066587 -0.997781 0.000000 -0.066587 -0.997781 0.000000 -0.066587 -0.997781 0.000000 -0.066587 -0.997781 0.000000 -0.198499 -0.980101 0.000000 -0.198499 -0.980101 0.000000 -0.198499 -0.980101 0.000000 -0.198499 -0.980101 0.000000 -0.198499 -0.980101 0.000000 -0.198499 -0.980101 0.000000 -0.326665 -0.945140 0.000000 -0.326665 -0.945140 0.000000 -0.326665 -0.945140 0.000000 -0.326665 -0.945140 0.000000 -0.326665 -0.945140 0.000000 -0.326665 -0.945140 0.000000 -0.448723 -0.893671 0.000000 -0.448723 -0.893671 0.000000 -0.448723 -0.893671 0.000000 -0.448723 -0.893671 0.000000 -0.448723 -0.893671 0.000000 -0.448723 -0.893671 0.000000 -0.562495 -0.826801 0.000000 -0.562495 -0.826801 0.000000 -0.562495 -0.826801 0.000000 -0.562495 -0.826801 0.000000 -0.562495 -0.826801 0.000000 -0.562495 -0.826801 0.000000 -0.666042 -0.745914 0.000000 -0.666042 -0.745914 0.000000 -0.666042 -0.745914 0.000000 -0.666042 -0.745914 0.000000 -0.666042 -0.745914 0.000000 -0.666042 -0.745914 0.000000 -0.757692 -0.652612 0.000000 -0.757692 -0.652612 0.000000 -0.757692 -0.652612 0.000000 -0.757692 -0.652612 0.000000 -0.757692 -0.652612 0.000000 -0.757692 -0.652612 0.000000 -0.836049 -0.548655 0.000000 -0.836049 -0.548655 0.000000 -0.836049 -0.548655 0.000000 -0.836049 -0.548655 0.000000 -0.836049 -0.548655 0.000000 -0.836049 -0.548655 0.000000 -0.899994 -0.435902 0.000000 -0.899994 -0.435902 0.000000 -0.899994 -0.435902 0.000000 -0.899994 -0.435902 0.000000 -0.899994 -0.435902 0.000000 -0.899994 -0.435902 0.000000 -0.948666 -0.316278 0.000000 -0.948666 -0.316278 0.000000 -0.948666 -0.316278 0.000000 -0.948666 -0.316278 0.000000 -0.948666 -0.316278 0.000000 -0.948666 -0.316278 0.000000 -0.981447 -0.191736 0.000000 -0.981447 -0.191736 0.000000 -0.981447 -0.191736 0.000000 -0.981447 -0.191736 0.000000 -0.981447 -0.191736 0.000000 -0.981447 -0.191736 0.000000 -0.997934 -0.064240 0.000000 -0.997934 -0.064240 0.000000 -0.997934 -0.064240 0.000000 -0.997934 -0.064240 0.000000 -0.997934 -0.064240 0.000000 -0.997934 -0.064240 0.000000 0.997934 -0.064240 0.000000 0.997934 -0.064240 0.000000 0.997934 -0.064240 0.000000 0.997934 -0.064240 0.000000 0.997934 -0.064240 0.000000 0.997934 -0.064240 0.000000 0.981447 -0.191736 0.000000 0.981447 -0.191736 0.000000 0.981447 -0.191736 0.000000 0.981447 -0.191736 0.000000 0.981447 -0.191736 0.000000 0.981447 -0.191736 0.000000 0.948666 -0.316278 0.000000 0.948666 -0.316278 0.000000 0.948666 -0.316278 0.000000 0.948666 -0.316278 0.000000 0.948666 -0.316278 0.000000 0.948666 -0.316278 0.000000 0.899994 -0.435902 0.000000 0.899994 -0.435902 0.000000 0.899994 -0.435902 0.000000 0.899994 -0.435902 0.000000 0.899994 -0.435902 0.000000 0.899994 -0.435902 0.000000 0.836049 -0.548655 0.000000 0.836049 -0.548655 0.000000 0.836049 -0.548655 0.000000 0.836049 -0.548655 0.000000 0.836049 -0.548655 0.000000 0.836049 -0.548655 0.000000 0.757692 -0.652612 0.000000 0.757692 -0.652612 0.000000 0.757692 -0.652612 0.000000 0.757692 -0.652612 0.000000 0.757692 -0.652612 0.000000 0.757692 -0.652612 0.000000 0.666042 -0.745914 0.000000 0.666042 -0.745914 0.000000 0.666042 -0.745914 0.000000 0.666042 -0.745914 0.000000 0.666042 -0.745914 0.000000 0.666042 -0.745914 0.000000 0.562495 -0.826801 0.000000 0.562495 -0.826801 0.000000 0.562495 -0.826801 0.000000 0.562495 -0.826801 0.000000 0.562495 -0.826801 0.000000 0.562495 -0.826801 0.000000 0.448723 -0.893671 0.000000 0.448723 -0.893671 0.000000 0.448723 -0.893671 0.000000 0.448723 -0.893671 0.000000 0.448723 -0.893671 0.000000 0.448723 -0.893671 0.000000 0.326665 -0.945140 0.000000 0.326665 -0.945140 0.000000 0.326665 -0.945140 0.000000 0.326665 -0.945140 0.000000 0.326665 -0.945140 0.000000 0.326665 -0.945140 0.000000 0.198499 -0.980101 0.000000 0.198499 -0.980101 0.000000 0.198499 -0.980101 0.000000 0.198499 -0.980101 0.000000 0.198499 -0.980101 0.000000 0.198499 -0.980101 0.000000 0.066587 -0.997781 0.000000 0.066587 -0.997781 0.000000 0.066587 -0.997781 0.000000 0.066587 -0.997781 0.000000 0.066587 -0.997781 0.000000 0.066587 -0.997781 0.000000 -0.066587 -0.997781 0.000000 -0.066587 -0.997781 0.000000 -0.066587 -0.997781 0.000000 -0.066587 -0.997781 0.000000 -0.066587 -0.997781 0.000000 -0.066587 -0.997781 0.000000 -0.198499 -0.980101 0.000000 -0.198499 -0.980101 0.000000 -0.198499 -0.980101 0.000000 -0.198499 -0.980101 0.000000 -0.198499 -0.980101 0.000000 -0.198499 -0.980101 0.000000 -0.326665 -0.945140 0.000000 -0.326665 -0.945140 0.000000 -0.326665 -0.945140 0.000000 -0.326665 -0.945140 0.000000 -0.326665 -0.945140 0.000000 -0.326665 -0.945140 0.000000 -0.448723 -0.893671 0.000000 -0.448723 -0.893671 0.000000 -0.448723 -0.893671 0.000000 -0.448723 -0.893671 0.000000 -0.448723 -0.893671 0.000000 -0.448723 -0.893671 0.000000 -0.562495 -0.826801 0.000000 -0.562495 -0.826801 0.000000 -0.562495 -0.826801 0.000000 -0.562495 -0.826801 0.000000 -0.562495 -0.826801 0.000000 -0.562495 -0.826801 0.000000 -0.666042 -0.745914 0.000000 -0.666042 -0.745914 0.000000 -0.666042 -0.745914 0.000000 -0.666042 -0.745914 0.000000 -0.666042 -0.745914 0.000000 -0.666042 -0.745914 0.000000 -0.757692 -0.652612 0.000000 -0.757692 -0.652612 0.000000 -0.757692 -0.652612 0.000000 -0.757692 -0.652612 0.000000 -0.757692 -0.652612 0.000000 -0.757692 -0.652612 0.000000 -0.836049 -0.548655 0.000000 -0.836049 -0.548655 0.000000 -0.836049 -0.548655 0.000000 -0.836049 -0.548655 0.000000 -0.836049 -0.548655 0.000000 -0.836049 -0.548655 0.000000 -0.899994 -0.435902 0.000000 -0.899994 -0.435902 0.000000 -0.899994 -0.435902 0.000000 -0.899994 -0.435902 0.000000 -0.899994 -0.435902 0.000000 -0.899994 -0.435902 0.000000 -0.948666 -0.316278 0.000000 -0.948666 -0.316278 0.000000 -0.948666 -0.316278 0.000000 -0.948666 -0.316278 0.000000 -0.948666 -0.316278 0.000000 -0.948666 -0.316278 0.000000 -0.981447 -0.191736 0.000000 -0.981447 -0.191736 0.000000 -0.981447 -0.191736 0.000000 -0.981447 -0.191736 0.000000 -0.981447 -0.191736 0.000000 -0.981447 -0.191736 0.000000 -0.997934 -0.064240 0.000000 -0.997934 -0.064240 0.000000 -0.997934 -0.064240 0.000000 -0.997934 -0.064240 0.000000 -0.997934 -0.064240 0.000000 -0.997934 -0.064240 0.000000 0.997934 -0.064240 0.000000 0.997934 -0.064240 0.000000 0.997934 -0.064240 0.000000 0.997934 -0.064240 0.000000 0.997934 -0.064240 0.000000 0.997934 -0.064240 0.000000 0.981447 -0.191736 0.000000 0.981447 -0.191736 0.000000 0.981447 -0.191736 0.000000 0.981447 -0.191736 0.000000 0.981447 -0.191736 0.000000 0.981447 -0.191736 0.000000 0.948666 -0.316278 0.000000 0.948666 -0.316278 0.000000 0.948666 -0.316278 0.000000 0.948666 -0.316278 0.000000 0.948666 -0.316278 0.000000 0.948666 -0.316278 0.000000 0.899994 -0.435902 0.000000 0.899994 -0.435902 0.000000 0.899994 -0.435902 0.000000 0.899994 -0.435902 0.000000 0.899994 -0.435902 0.000000 0.899994 -0.435902 0.000000 0.836049 -0.548655 0.000000 0.836049 -0.548655 0.000000 0.836049 -0.548655 0.000000 0.836049 -0.548655 0.000000 0.836049 -0.548655 0.000000 0.836049 -0.548655 0.000000 0.757692 -0.652612 0.000000 0.757692 -0.652612 0.000000 0.757692 -0.652612 0.000000 0.757692 -0.652612 0.000000 0.757692 -0.652612 0.000000 0.757692 -0.652612 0.000000 0.666042 -0.745914 0.000000 0.666042 -0.745914 0.000000 0.666042 -0.745914 0.000000 0.666042 -0.745914 0.000000 0.666042 -0.745914 0.000000 0.666042 -0.745914 0.000000 0.562495 -0.826801 0.000000 0.562495 -0.826801 0.000000 0.562495 -0.826801 0.000000 0.562495 -0.826801 0.000000 0.562495 -0.826801 0.000000 0.562495 -0.826801 0.000000 0.448723 -0.893671 0.000000 0.448723 -0.893671 0.000000 0.448723 -0.893671 0.000000 0.448723 -0.893671 0.000000 0.448723 -0.893671 0.000000 0.448723 -0.893671 0.000000 0.326665 -0.945140 0.000000 0.326665 -0.945140 0.000000 0.326665 -0.945140 0.000000 0.326665 -0.945140 0.000000 0.326665 -0.945140 0.000000 0.326665 -0.945140 0.000000 0.198499 -0.980101 0.000000 0.198499 -0.980101 0.000000 0.198499 -0.980101 0.000000 0.198499 -0.980101 0.000000 0.198499 -0.980101 0.000000 0.198499 -0.980101 0.000000 0.066587 -0.997781 0.000000 0.066587 -0.997781 0.000000 0.066587 -0.997781 0.000000 0.066587 -0.997781 0.000000 0.066587 -0.997781 0.000000 0.066587 -0.997781 0.000000 -0.066587 -0.997781 0.000000 -0.066587 -0.997781 0.000000 -0.066587 -0.997781 0.000000 -0.066587 -0.997781 0.000000 -0.066587 -0.997781 0.000000 -0.066587 -0.997781 0.000000 -0.198499 -0.980101 0.000000 -0.198499 -0.980101 0.000000 -0.198499 -0.980101 0.000000 -0.198499 -0.980101 0.000000 -0.198499 -0.980101 0.000000 -0.198499 -0.980101 0.000000 -0.326665 -0.945140 0.000000 -0.326665 -0.945140 0.000000 -0.326665 -0.945140 0.000000 -0.326665 -0.945140 0.000000 -0.326665 -0.945140 0.000000 -0.326665 -0.945140 0.000000 -0.448723 -0.893671 0.000000 -0.448723 -0.893671 0.000000 -0.448723 -0.893671 0.000000 -0.448723 -0.893671 0.000000 -0.448723 -0.893671 0.000000 -0.448723 -0.893671 0.000000 -0.562495 -0.826801 0.000000 -0.562495 -0.826801 0.000000 -0.562495 -0.826801 0.000000 -0.562495 -0.826801 0.000000 -0.562495 -0.826801 0.000000 -0.562495 -0.826801 0.000000 -0.666042 -0.745914 0.000000 -0.666042 -0.745914 0.000000 -0.666042 -0.745914 0.000000 -0.666042 -0.745914 0.000000 -0.666042 -0.745914 0.000000 -0.666042 -0.745914 0.000000 -0.757692 -0.652612 0.000000 -0.757692 -0.652612 0.000000 -0.757692 -0.652612 0.000000 -0.757692 -0.652612 0.000000 -0.757692 -0.652612 0.000000 -0.757692 -0.652612 0.000000 -0.836049 -0.548655 0.000000 -0.836049 -0.548655 0.000000 -0.836049 -0.548655 0.000000 -0.836049 -0.548655 0.000000 -0.836049 -0.548655 0.000000 -0.836049 -0.548655 0.000000 -0.899994 -0.435902 0.000000 -0.899994 -0.435902 0.000000 -0.899994 -0.435902 0.000000 -0.899994 -0.435902 0.000000 -0.899994 -0.435902 0.000000 -0.899994 -0.435902 0.000000 -0.948666 -0.316278 0.000000 -0.948666 -0.316278 0.000000 -0.948666 -0.316278 0.000000 -0.948666 -0.316278 0.000000 -0.948666 -0.316278 0.000000 -0.948666 -0.316278 0.000000 -0.981447 -0.191736 0.000000 -0.981447 -0.191736 0.000000 -0.981447 -0.191736 0.000000 -0.981447 -0.191736 0.000000 -0.981447 -0.191736 0.000000 -0.981447 -0.191736 0.000000 -0.997934 -0.064240 0.000000 -0.997934 -0.064240 0.000000 -0.997934 -0.064240 0.000000 -0.997934 -0.064240 0.000000 -0.997934 -0.064240 0.000000 -0.997934 -0.064240 0.000000 0.997934 -0.064240 0.000000 0.997934 -0.064240 0.000000 0.997934 -0.064240 0.000000 0.997934 -0.064240 0.000000 0.997934 -0.064240 0.000000 0.997934 -0.064240 0.000000 0.981447 -0.191736 0.000000 0.981447 -0.191736 0.000000 0.981447 -0.191736 0.000000 0.981447 -0.191736 0.000000 0.981447 -0.191736 0.000000 0.981447 -0.191736 0.000000 0.948666 -0.316278 0.000000 0.948666 -0.316278 0.000000 0.948666 -0.316278 0.000000 0.948666 -0.316278 0.000000 0.948666 -0.316278 0.000000 0.948666 -0.316278 0.000000 0.899994 -0.435902 0.000000 0.899994 -0.435902 0.000000 0.899994 -0.435902 0.000000 0.899994 -0.435902 0.000000 0.899994 -0.435902 0.000000 0.899994 -0.435902 0.000000 0.836049 -0.548655 0.000000 0.836049 -0.548655 0.000000 0.836049 -0.548655 0.000000 0.836049 -0.548655 0.000000 0.836049 -0.548655 0.000000 0.836049 -0.548655 0.000000 0.757692 -0.652612 0.000000 0.757692 -0.652612 0.000000 0.757692 -0.652612 0.000000 0.757692 -0.652612 0.000000 0.757692 -0.652612 0.000000 0.757692 -0.652612 0.000000 0.666042 -0.745914 0.000000 0.666042 -0.745914 0.000000 0.666042 -0.745914 0.000000 0.666042 -0.745914 0.000000 0.666042 -0.745914 0.000000 0.666042 -0.745914 0.000000 0.562495 -0.826801 0.000000 0.562495 -0.826801 0.000000 0.562495 -0.826801 0.000000 0.562495 -0.826801 0.000000 0.562495 -0.826801 0.000000 0.562495 -0.826801 0.000000 0.448723 -0.893671 0.000000 0.448723 -0.893671 0.000000 0.448723 -0.893671 0.000000 0.448723 -0.893671 0.000000 0.448723 -0.893671 0.000000 0.448723 -0.893671 0.000000 0.326665 -0.945140 0.000000 0.326665 -0.945140 0.000000 0.326665 -0.945140 0.000000 0.326665 -0.945140 0.000000 0.326665 -0.945140 0.000000 0.326665 -0.945140 0.000000 0.198499 -0.980101 0.000000 0.198499 -0.980101 0.000000 0.198499 -0.980101 0.000000 0.198499 -0.980101 0.000000 0.198499 -0.980101 0.000000 0.198499 -0.980101 0.000000 0.066587 -0.997781 0.000000 0.066587 -0.997781 0.000000 0.066587 -0.997781 0.000000 0.066587 -0.997781 0.000000 0.066587 -0.997781 0.000000 0.066587 -0.997781 0.000000 -0.066587 -0.997781 0.000000 -0.066587 -0.997781 0.000000 -0.066587 -0.997781 0.000000 -0.066587 -0.997781 0.000000 -0.066587 -0.997781 0.000000 -0.066587 -0.997781 0.000000 -0.198499 -0.980101 0.000000 -0.198499 -0.980101 0.000000 -0.198499 -0.980101 0.000000 -0.198499 -0.980101 0.000000 -0.198499 -0.980101 0.000000 -0.198499 -0.980101 0.000000 -0.326665 -0.945140 0.000000 -0.326665 -0.945140 0.000000 -0.326665 -0.945140 0.000000 -0.326665 -0.945140 0.000000 -0.326665 -0.945140 0.000000 -0.326665 -0.945140 0.000000 -0.448723 -0.893671 0.000000 -0.448723 -0.893671 0.000000 -0.448723 -0.893671 0.000000 -0.448723 -0.893671 0.000000 -0.448723 -0.893671 0.000000 -0.448723 -0.893671 0.000000 -0.562495 -0.826801 0.000000 -0.562495 -0.826801 0.000000 -0.562495 -0.826801 0.000000 -0.562495 -0.826801 0.000000 -0.562495 -0.826801 0.000000 -0.562495 -0.826801 0.000000 -0.666042 -0.745914 0.000000 -0.666042 -0.745914 0.000000 -0.666042 -0.745914 0.000000 -0.666042 -0.745914 0.000000 -0.666042 -0.745914 0.000000 -0.666042 -0.745914 0.000000 -0.757692 -0.652612 0.000000 -0.757692 -0.652612 0.000000 -0.757692 -0.652612 0.000000 -0.757692 -0.652612 0.000000 -0.757692 -0.652612 0.000000 -0.757692 -0.652612 0.000000 -0.836049 -0.548655 0.000000 -0.836049 -0.548655 0.000000 -0.836049 -0.548655 0.000000 -0.836049 -0.548655 0.000000 -0.836049 -0.548655 0.000000 -0.836049 -0.548655 0.000000 -0.899994 -0.435902 0.000000 -0.899994 -0.435902 0.000000 -0.899994 -0.435902 0.000000 -0.899994 -0.435902 0.000000 -0.899994 -0.435902 0.000000 -0.899994 -0.435902 0.000000 -0.948666 -0.316278 0.000000 -0.948666 -0.316278 0.000000 -0.948666 -0.316278 0.000000 -0.948666 -0.316278 0.000000 -0.948666 -0.316278 0.000000 -0.948666 -0.316278 0.000000 -0.981447 -0.191736 0.000000 -0.981447 -0.191736 0.000000 -0.981447 -0.191736 0.000000 -0.981447 -0.191736 0.000000 -0.981447 -0.191736 0.000000 -0.981447 -0.191736 0.000000 -0.997934 -0.064240 0.000000 -0.997934 -0.064240 0.000000 -0.997934 -0.064240 0.000000 -0.997934 -0.064240 0.000000 -0.997934 -0.064240 0.000000 -0.997934 -0.064240 0.000000 0.997934 -0.064240 0.000000 0.997934 -0.064240 0.000000 0.997934 -0.064240 0.000000 0.997934 -0.064240 0.000000 0.997934 -0.064240 0.000000 0.997934 -0.064240 0.000000 0.981447 -0.191736 0.000000 0.981447 -0.191736 0.000000 0.981447 -0.191736 0.000000 0.981447 -0.191736 0.000000 0.981447 -0.191736 0.000000 0.981447 -0.191736 0.000000 0.948666 -0.316278 0.000000 0.948666 -0.316278 0.000000 0.948666 -0.316278 0.000000 0.948666 -0.316278 0.000000 0.948666 -0.316278 0.000000 0.948666 -0.316278 0.000000 0.899994 -0.435902 0.000000 0.899994 -0.435902 0.000000 0.899994 -0.435902 0.000000 0.899994 -0.435902 0.000000 0.899994 -0.435902 0.000000 0.899994 -0.435902 0.000000 0.836049 -0.548655 0.000000 0.836049 -0.548655 0.000000 0.836049 -0.548655 0.000000 0.836049 -0.548655 0.000000 0.836049 -0.548655 0.000000 0.836049 -0.548655 0.000000 0.757692 -0.652612 0.000000 0.757692 -0.652612 0.000000 0.757692 -0.652612 0.000000 0.757692 -0.652612 0.000000 0.757692 -0.652612 0.000000 0.757692 -0.652612 0.000000 0.666042 -0.745914 0.000000 0.666042 -0.745914 0.000000 0.666042 -0.745914 0.000000 0.666042 -0.745914 0.000000 0.666042 -0.745914 0.000000 0.666042 -0.745914 0.000000 0.562495 -0.826801 0.000000 0.562495 -0.826801 0.000000 0.562495 -0.826801 0.000000 0.562495 -0.826801 0.000000 0.562495 -0.826801 0.000000 0.562495 -0.826801 0.000000 0.448723 -0.893671 0.000000 0.448723 -0.893671 0.000000 0.448723 -0.893671 0.000000 0.448723 -0.893671 0.000000 0.448723 -0.893671 0.000000 0.448723 -0.893671 0.000000 0.326665 -0.945140 0.000000 0.326665 -0.945140 0.000000 0.326665 -0.945140 0.000000 0.326665 -0.945140 0.000000 0.326665 -0.945140 0.000000 0.326665 -0.945140 0.000000 0.198499 -0.980101 0.000000 0.198499 -0.980101 0.000000 0.198499 -0.980101 0.000000 0.198499 -0.980101 0.000000 0.198499 -0.980101 0.000000 0.198499 -0.980101 0.000000 0.066587 -0.997781 0.000000 0.066587 -0.997781 0.000000 0.066587 -0.997781 0.000000 0.066587 -0.997781 0.000000 0.066587 -0.997781 0.000000 0.066587 -0.997781 0.000000 -0.066587 -0.997781 0.000000 -0.066587 -0.997781 0.000000 -0.066587 -0.997781 0.000000 -0.066587 -0.997781 0.000000 -0.066587 -0.997781 0.000000 -0.066587 -0.997781 0.000000 -0.198499 -0.980101 0.000000 -0.198499 -0.980101 0.000000 -0.198499 -0.980101 0.000000 -0.198499 -0.980101 0.000000 -0.198499 -0.980101 0.000000 -0.198499 -0.980101 0.000000 -0.326665 -0.945140 0.000000 -0.326665 -0.945140 0.000000 -0.326665 -0.945140 0.000000 -0.326665 -0.945140 0.000000 -0.326665 -0.945140 0.000000 -0.326665 -0.945140 0.000000 -0.448723 -0.893671 0.000000 -0.448723 -0.893671 0.000000 -0.448723 -0.893671 0.000000 -0.448723 -0.893671 0.000000 -0.448723 -0.893671 0.000000 -0.448723 -0.893671 0.000000 -0.562495 -0.826801 0.000000 -0.562495 -0.826801 0.000000 -0.562495 -0.826801 0.000000 -0.562495 -0.826801 0.000000 -0.562495 -0.826801 0.000000 -0.562495 -0.826801 0.000000 -0.666042 -0.745914 0.000000 -0.666042 -0.745914 0.000000 -0.666042 -0.745914 0.000000 -0.666042 -0.745914 0.000000 -0.666042 -0.745914 0.000000 -0.666042 -0.745914 0.000000 -0.757692 -0.652612 0.000000 -0.757692 -0.652612 0.000000 -0.757692 -0.652612 0.000000 -0.757692 -0.652612 0.000000 -0.757692 -0.652612 0.000000 -0.757692 -0.652612 0.000000 -0.836049 -0.548655 0.000000 -0.836049 -0.548655 0.000000 -0.836049 -0.548655 0.000000 -0.836049 -0.548655 0.000000 -0.836049 -0.548655 0.000000 -0.836049 -0.548655 0.000000 -0.899994 -0.435902 0.000000 -0.899994 -0.435902 0.000000 -0.899994 -0.435902 0.000000 -0.899994 -0.435902 0.000000 -0.899994 -0.435902 0.000000 -0.899994 -0.435902 0.000000 -0.948666 -0.316278 0.000000 -0.948666 -0.316278 0.000000 -0.948666 -0.316278 0.000000 -0.948666 -0.316278 0.000000 -0.948666 -0.316278 0.000000 -0.948666 -0.316278 0.000000 -0.981447 -0.191736 0.000000 -0.981447 -0.191736 0.000000 -0.981447 -0.191736 0.000000 -0.981447 -0.191736 0.000000 -0.981447 -0.191736 0.000000 -0.981447 -0.191736 0.000000 -0.997934 -0.064240 0.000000 -0.997934 -0.064240 0.000000 -0.997934 -0.064240 0.000000 -0.997934 -0.064240 0.000000 -0.997934 -0.064240 0.000000 -0.997934 -0.064240 0.000000 0.997934 -0.064240 0.000000 0.997934 -0.064240 0.000000 0.997934 -0.064240 0.000000 0.997934 -0.064240 0.000000 0.997934 -0.064240 0.000000 0.997934 -0.064240 0.000000 0.981447 -0.191736 0.000000 0.981447 -0.191736 0.000000 0.981447 -0.191736 0.000000 0.981447 -0.191736 0.000000 0.981447 -0.191736 0.000000 0.981447 -0.191736 0.000000 0.948666 -0.316278 0.000000 0.948666 -0.316278 0.000000 0.948666 -0.316278 0.000000 0.948666 -0.316278 0.000000 0.948666 -0.316278 0.000000 0.948666 -0.316278 0.000000 0.899994 -0.435902 0.000000 0.899994 -0.435902 0.000000 0.899994 -0.435902 0.000000 0.899994 -0.435902 0.000000 0.899994 -0.435902 0.000000 0.899994 -0.435902 0.000000 0.836049 -0.548655 0.000000 0.836049 -0.548655 0.000000 0.836049 -0.548655 0.000000 0.836049 -0.548655 0.000000 0.836049 -0.548655 0.000000 0.836049 -0.548655 0.000000 0.757692 -0.652612 0.000000 0.757692 -0.652612 0.000000 0.757692 -0.652612 0.000000 0.757692 -0.652612 0.000000 0.757692 -0.652612 0.000000 0.757692 -0.652612 0.000000 0.666042 -0.745914 0.000000 0.666042 -0.745914 0.000000 0.666042 -0.745914 0.000000 0.666042 -0.745914 0.000000 0.666042 -0.745914 0.000000 0.666042 -0.745914 0.000000 0.562495 -0.826801 0.000000 0.562495 -0.826801 0.000000 0.562495 -0.826801 0.000000 0.562495 -0.826801 0.000000 0.562495 -0.826801 0.000000 0.562495 -0.826801 0.000000 0.448723 -0.893671 0.000000 0.448723 -0.893671 0.000000 0.448723 -0.893671 0.000000 0.448723 -0.893671 0.000000 0.448723 -0.893671 0.000000 0.448723 -0.893671 0.000000 0.326665 -0.945140 0.000000 0.326665 -0.945140 0.000000 0.326665 -0.945140 0.000000 0.326665 -0.945140 0.000000 0.326665 -0.945140 0.000000 0.326665 -0.945140 0.000000 0.198499 -0.980101 0.000000 0.198499 -0.980101 0.000000 0.198499 -0.980101 0.000000 0.198499 -0.980101 0.000000 0.198499 -0.980101 0.000000 0.198499 -0.980101 0.000000 0.066587 -0.997781 0.000000 0.066587 -0.997781 0.000000 0.066587 -0.997781 0.000000 0.066587 -0.997781 0.000000 0.066587 -0.997781 0.000000 0.066587 -0.997781 0.000000 -0.066587 -0.997781 0.000000 -0.066587 -0.997781 0.000000 -0.066587 -0.997781 0.000000 -0.066587 -0.997781 0.000000 -0.066587 -0.997781 0.000000 -0.066587 -0.997781 0.000000 -0.198499 -0.980101 0.000000 -0.198499 -0.980101 0.000000 -0.198499 -0.980101 0.000000 -0.198499 -0.980101 0.000000 -0.198499 -0.980101 0.000000 -0.198499 -0.980101 0.000000 -0.326665 -0.945140 0.000000 -0.326665 -0.945140 0.000000 -0.326665 -0.945140 0.000000 -0.326665 -0.945140 0.000000 -0.326665 -0.945140 0.000000 -0.326665 -0.945140 0.000000 -0.448723 -0.893671 0.000000 -0.448723 -0.893671 0.000000 -0.448723 -0.893671 0.000000 -0.448723 -0.893671 0.000000 -0.448723 -0.893671 0.000000 -0.448723 -0.893671 0.000000 -0.562495 -0.826801 0.000000 -0.562495 -0.826801 0.000000 -0.562495 -0.826801 0.000000 -0.562495 -0.826801 0.000000 -0.562495 -0.826801 0.000000 -0.562495 -0.826801 0.000000 -0.666042 -0.745914 0.000000 -0.666042 -0.745914 0.000000 -0.666042 -0.745914 0.000000 -0.666042 -0.745914 0.000000 -0.666042 -0.745914 0.000000 -0.666042 -0.745914 0.000000 -0.757692 -0.652612 0.000000 -0.757692 -0.652612 0.000000 -0.757692 -0.652612 0.000000 -0.757692 -0.652612 0.000000 -0.757692 -0.652612 0.000000 -0.757692 -0.652612 0.000000 -0.836049 -0.548655 0.000000 -0.836049 -0.548655 0.000000 -0.836049 -0.548655 0.000000 -0.836049 -0.548655 0.000000 -0.836049 -0.548655 0.000000 -0.836049 -0.548655 0.000000 -0.899994 -0.435902 0.000000 -0.899994 -0.435902 0.000000 -0.899994 -0.435902 0.000000 -0.899994 -0.435902 0.000000 -0.899994 -0.435902 0.000000 -0.899994 -0.435902 0.000000 -0.948666 -0.316278 0.000000 -0.948666 -0.316278 0.000000 -0.948666 -0.316278 0.000000 -0.948666 -0.316278 0.000000 -0.948666 -0.316278 0.000000 -0.948666 -0.316278 0.000000 -0.981447 -0.191736 0.000000 -0.981447 -0.191736 0.000000 -0.981447 -0.191736 0.000000 -0.981447 -0.191736 0.000000 -0.981447 -0.191736 0.000000 -0.981447 -0.191736 0.000000 -0.997934 -0.064240 0.000000 -0.997934 -0.064240 0.000000 -0.997934 -0.064240 0.000000 -0.997934 -0.064240 0.000000 -0.997934 -0.064240 0.000000 -0.997934 -0.064240 0.000000 0.997934 -0.064240 0.000000 0.997934 -0.064240 0.000000 0.997934 -0.064240 0.000000 0.997934 -0.064240 0.000000 0.997934 -0.064240 0.000000 0.997934 -0.064240 0.000000 0.981447 -0.191736 0.000000 0.981447 -0.191736 0.000000 0.981447 -0.191736 0.000000 0.981447 -0.191736 0.000000 0.981447 -0.191736 0.000000 0.981447 -0.191736 0.000000 0.948666 -0.316278 0.000000 0.948666 -0.316278 0.000000 0.948666 -0.316278 0.000000 0.948666 -0.316278 0.000000 0.948666 -0.316278 0.000000 0.948666 -0.316278 0.000000 0.899994 -0.435902 0.000000 0.899994 -0.435902 0.000000 0.899994 -0.435902 0.000000 0.899994 -0.435902 0.000000 0.899994 -0.435902 0.000000 0.899994 -0.435902 0.000000 0.836049 -0.548655 0.000000 0.836049 -0.548655 0.000000 0.836049 -0.548655 0.000000 0.836049 -0.548655 0.000000 0.836049 -0.548655 0.000000 0.836049 -0.548655 0.000000 0.757692 -0.652612 0.000000 0.757692 -0.652612 0.000000 0.757692 -0.652612 0.000000 0.757692 -0.652612 0.000000 0.757692 -0.652612 0.000000 0.757692 -0.652612 0.000000 0.666042 -0.745914 0.000000 0.666042 -0.745914 0.000000 0.666042 -0.745914 0.000000 0.666042 -0.745914 0.000000 0.666042 -0.745914 0.000000 0.666042 -0.745914 0.000000 0.562495 -0.826801 0.000000 0.562495 -0.826801 0.000000 0.562495 -0.826801 0.000000 0.562495 -0.826801 0.000000 0.562495 -0.826801 0.000000 0.562495 -0.826801 0.000000 0.448723 -0.893671 0.000000 0.448723 -0.893671 0.000000 0.448723 -0.893671 0.000000 0.448723 -0.893671 0.000000 0.448723 -0.893671 0.000000 0.448723 -0.893671 0.000000 0.326665 -0.945140 0.000000 0.326665 -0.945140 0.000000 0.326665 -0.945140 0.000000 0.326665 -0.945140 0.000000 0.326665 -0.945140 0.000000 0.326665 -0.945140 0.000000 0.198499 -0.980101 0.000000 0.198499 -0.980101 0.000000 0.198499 -0.980101 0.000000 0.198499 -0.980101 0.000000 0.198499 -0.980101 0.000000 0.198499 -0.980101 0.000000 0.066587 -0.997781 0.000000 0.066587 -0.997781 0.000000 0.066587 -0.997781 0.000000 0.066587 -0.997781 0.000000 0.066587 -0.997781 0.000000 0.066587 -0.997781 0.000000 -0.066587 -0.997781 0.000000 -0.066587 -0.997781 0.000000 -0.066587 -0.997781 0.000000 -0.066587 -0.997781 0.000000 -0.066587 -0.997781 0.000000 -0.066587 -0.997781 0.000000 -0.198499 -0.980101 0.000000 -0.198499 -0.980101 0.000000 -0.198499 -0.980101 0.000000 -0.198499 -0.980101 0.000000 -0.198499 -0.980101 0.000000 -0.198499 -0.980101 0.000000 -0.326665 -0.945140 0.000000 -0.326665 -0.945140 0.000000 -0.326665 -0.945140 0.000000 -0.326665 -0.945140 0.000000 -0.326665 -0.945140 0.000000 -0.326665 -0.945140 0.000000 -0.448723 -0.893671 0.000000 -0.448723 -0.893671 0.000000 -0.448723 -0.893671 0.000000 -0.448723 -0.893671 0.000000 -0.448723 -0.893671 0.000000 -0.448723 -0.893671 0.000000 -0.562495 -0.826801 0.000000 -0.562495 -0.826801 0.000000 -0.562495 -0.826801 0.000000 -0.562495 -0.826801 0.000000 -0.562495 -0.826801 0.000000 -0.562495 -0.826801 0.000000 -0.666042 -0.745914 0.000000 -0.666042 -0.745914 0.000000 -0.666042 -0.745914 0.000000 -0.666042 -0.745914 0.000000 -0.666042 -0.745914 0.000000 -0.666042 -0.745914 0.000000 -0.757692 -0.652612 0.000000 -0.757692 -0.652612 0.000000 -0.757692 -0.652612 0.000000 -0.757692 -0.652612 0.000000 -0.757692 -0.652612 0.000000 -0.757692 -0.652612 0.000000 -0.836049 -0.548655 0.000000 -0.836049 -0.548655 0.000000 -0.836049 -0.548655 0.000000 -0.836049 -0.548655 0.000000 -0.836049 -0.548655 0.000000 -0.836049 -0.548655 0.000000 -0.899994 -0.435902 0.000000 -0.899994 -0.435902 0.000000 -0.899994 -0.435902 0.000000 -0.899994 -0.435902 0.000000 -0.899994 -0.435902 0.000000 -0.899994 -0.435902 0.000000 -0.948666 -0.316278 0.000000 -0.948666 -0.316278 0.000000 -0.948666 -0.316278 0.000000 -0.948666 -0.316278 0.000000 -0.948666 -0.316278 0.000000 -0.948666 -0.316278 0.000000 -0.981447 -0.191736 0.000000 -0.981447 -0.191736 0.000000 -0.981447 -0.191736 0.000000 -0.981447 -0.191736 0.000000 -0.981447 -0.191736 0.000000 -0.981447 -0.191736 0.000000 -0.997934 -0.064240 0.000000 -0.997934 -0.064240 0.000000 -0.997934 -0.064240 0.000000 -0.997934 -0.064240 0.000000 -0.997934 -0.064240 0.000000 -0.997934 -0.064240 0.000000 0.997934 -0.064240 0.000000 0.997934 -0.064240 0.000000 0.997934 -0.064240 0.000000 0.997934 -0.064240 0.000000 0.997934 -0.064240 0.000000 0.997934 -0.064240 0.000000 0.981447 -0.191736 0.000000 0.981447 -0.191736 0.000000 0.981447 -0.191736 0.000000 0.981447 -0.191736 0.000000 0.981447 -0.191736 0.000000 0.981447 -0.191736 0.000000 0.948666 -0.316278 0.000000 0.948666 -0.316278 0.000000 0.948666 -0.316278 0.000000 0.948666 -0.316278 0.000000 0.948666 -0.316278 0.000000 0.948666 -0.316278 0.000000 0.899994 -0.435902 0.000000 0.899994 -0.435902 0.000000 0.899994 -0.435902 0.000000 0.899994 -0.435902 0.000000 0.899994 -0.435902 0.000000 0.899994 -0.435902 0.000000 0.836049 -0.548655 0.000000 0.836049 -0.548655 0.000000 0.836049 -0.548655 0.000000 0.836049 -0.548655 0.000000 0.836049 -0.548655 0.000000 0.836049 -0.548655 0.000000 0.757692 -0.652612 0.000000 0.757692 -0.652612 0.000000 0.757692 -0.652612 0.000000 0.757692 -0.652612 0.000000 0.757692 -0.652612 0.000000 0.757692 -0.652612 0.000000 0.666042 -0.745914 0.000000 0.666042 -0.745914 0.000000 0.666042 -0.745914 0.000000 0.666042 -0.745914 0.000000 0.666042 -0.745914 0.000000 0.666042 -0.745914 0.000000 0.562495 -0.826801 0.000000 0.562495 -0.826801 0.000000 0.562495 -0.826801 0.000000 0.562495 -0.826801 0.000000 0.562495 -0.826801 0.000000 0.562495 -0.826801 0.000000 0.448723 -0.893671 0.000000 0.448723 -0.893671 0.000000 0.448723 -0.893671 0.000000 0.448723 -0.893671 0.000000 0.448723 -0.893671 0.000000 0.448723 -0.893671 0.000000 0.326665 -0.945140 0.000000 0.326665 -0.945140 0.000000 0.326665 -0.945140 0.000000 0.326665 -0.945140 0.000000 0.326665 -0.945140 0.000000 0.326665 -0.945140 0.000000 0.198499 -0.980101 0.000000 0.198499 -0.980101 0.000000 0.198499 -0.980101 0.000000 0.198499 -0.980101 0.000000 0.198499 -0.980101 0.000000 0.198499 -0.980101 0.000000 0.066587 -0.997781 0.000000 0.066587 -0.997781 0.000000 0.066587 -0.997781 0.000000 0.066587 -0.997781 0.000000 0.066587 -0.997781 0.000000 0.066587 -0.997781 0.000000 -0.066587 -0.997781 0.000000 -0.066587 -0.997781 0.000000 -0.066587 -0.997781 0.000000 -0.066587 -0.997781 0.000000 -0.066587 -0.997781 0.000000 -0.066587 -0.997781 0.000000 -0.198499 -0.980101 0.000000 -0.198499 -0.980101 0.000000 -0.198499 -0.980101 0.000000 -0.198499 -0.980101 0.000000 -0.198499 -0.980101 0.000000 -0.198499 -0.980101 0.000000 -0.326665 -0.945140 0.000000 -0.326665 -0.945140 0.000000 -0.326665 -0.945140 0.000000 -0.326665 -0.945140 0.000000 -0.326665 -0.945140 0.000000 -0.326665 -0.945140 0.000000 -0.448723 -0.893671 0.000000 -0.448723 -0.893671 0.000000 -0.448723 -0.893671 0.000000 -0.448723 -0.893671 0.000000 -0.448723 -0.893671 0.000000 -0.448723 -0.893671 0.000000 -0.562495 -0.826801 0.000000 -0.562495 -0.826801 0.000000 -0.562495 -0.826801 0.000000 -0.562495 -0.826801 0.000000 -0.562495 -0.826801 0.000000 -0.562495 -0.826801 0.000000 -0.666042 -0.745914 0.000000 -0.666042 -0.745914 0.000000 -0.666042 -0.745914 0.000000 -0.666042 -0.745914 0.000000 -0.666042 -0.745914 0.000000 -0.666042 -0.745914 0.000000 -0.757692 -0.652612 0.000000 -0.757692 -0.652612 0.000000 -0.757692 -0.652612 0.000000 -0.757692 -0.652612 0.000000 -0.757692 -0.652612 0.000000 -0.757692 -0.652612 0.000000 -0.836049 -0.548655 0.000000 -0.836049 -0.548655 0.000000 -0.836049 -0.548655 0.000000 -0.836049 -0.548655 0.000000 -0.836049 -0.548655 0.000000 -0.836049 -0.548655 0.000000 -0.899994 -0.435902 0.000000 -0.899994 -0.435902 0.000000 -0.899994 -0.435902 0.000000 -0.899994 -0.435902 0.000000 -0.899994 -0.435902 0.000000 -0.899994 -0.435902 0.000000 -0.948666 -0.316278 0.000000 -0.948666 -0.316278 0.000000 -0.948666 -0.316278 0.000000 -0.948666 -0.316278 0.000000 -0.948666 -0.316278 0.000000 -0.948666 -0.316278 0.000000 -0.981447 -0.191736 0.000000 -0.981447 -0.191736 0.000000 -0.981447 -0.191736 0.000000 -0.981447 -0.191736 0.000000 -0.981447 -0.191736 0.000000 -0.981447 -0.191736 0.000000 -0.997934 -0.064240 0.000000 -0.997934 -0.064240 0.000000 -0.997934 -0.064240 0.000000 -0.997934 -0.064240 0.000000 -0.997934 -0.064240 0.000000 -0.997934 -0.064240 1.000000 -0.000000 0.000000 1.000000 -0.000000 0.000000 1.000000 -0.000000 0.000000 1.000000 -0.000000 0.000000 1.000000 -0.000000 0.000000 1.000000 -0.000000 0.000000 1.000000 -0.000000 0.000000 1.000000 -0.000000 0.000000 1.000000 -0.000000 0.000000 1.000000 -0.000000 0.000000 1.000000 -0.000000 0.000000 1.000000 -0.000000 0.000000 1.000000 -0.000000 0.000000 1.000000 -0.000000 0.000000 1.000000 -0.000000 0.000000 1.000000 -0.000000 0.000000 1.000000 -0.000000 0.000000 1.000000 -0.000000 0.000000 1.000000 -0.000000 0.000000 1.000000 -0.000000 0.000000 1.000000 -0.000000 0.000000 1.000000 -0.000000 0.000000 1.000000 -0.000000 0.000000 1.000000 -0.000000 0.000000 1.000000 -0.000000 0.000000 1.000000 -0.000000 0.000000 1.000000 -0.000000 0.000000 1.000000 -0.000000 0.000000 1.000000 -0.000000 0.000000 1.000000 -0.000000 0.000000 1.000000 -0.000000 0.000000 1.000000 -0.000000 0.000000 1.000000 -0.000000 0.000000 1.000000 -0.000000 0.000000 1.000000 -0.000000 0.000000 1.000000 -0.000000 0.000000 1.000000 0.000000 0.000000 1.000000 0.000000 0.000000 1.000000 0.000000 0.000000 1.000000 0.000000 0.000000 1.000000 0.000000 0.000000 1.000000 0.000000 0.000000 1.000000 0.000000 0.000000 1.000000 0.000000 0.000000 1.000000 0.000000 0.000000 1.000000 0.000000 0.000000 1.000000 0.000000 0.000000 1.000000 0.000000 0.000000 1.000000 0.000000 0.000000 1.000000 0.000000 0.000000 1.000000 0.000000 0.000000 1.000000 0.000000 0.000000 1.000000 0.000000 0.000000 1.000000 0.000000 0.000000 1.000000 0.000000 0.000000 1.000000 0.000000 0.000000 1.000000 0.000000 0.000000 1.000000 0.000000 0.000000 1.000000 0.000000 0.000000 1.000000 0.000000 0.000000 1.000000 0.000000 0.000000 1.000000 0.000000 0.000000 1.000000 0.000000 0.000000 1.000000 0.000000 0.000000 1.000000 0.000000 0.000000 1.000000 0.000000 0.000000 1.000000 0.000000 0.000000 1.000000 0.000000 0.000000 1.000000 0.000000 0.000000 1.000000 0.000000 0.000000 1.000000 0.000000 0.000000 1.000000 0.000000 0.000000 -1.000000 0.000000 -0.000000 -1.000000 0.000000 -0.000000 -1.000000 0.000000 -0.000000 1.000000 -0.000000 0.000000 1.000000 -0.000000 0.000000 1.000000 -0.000000 0.000000 1.000000 -0.000000 0.000000 1.000000 -0.000000 0.000000 1.000000 -0.000000 0.000000 1.000000 -0.000000 0.000000 1.000000 -0.000000 0.000000 1.000000 -0.000000 0.000000 1.000000 -0.000000 0.000000 1.000000 -0.000000 0.000000 1.000000 -0.000000 0.000000 1.000000 -0.000000 0.000000 1.000000 -0.000000 0.000000 1.000000 -0.000000 0.000000 1.000000 -0.000000 0.000000 1.000000 -0.000000 0.000000 1.000000 -0.000000 0.000000 1.000000 -0.000000 0.000000 1.000000 -0.000000 0.000000 1.000000 -0.000000 0.000000 1.000000 -0.000000 0.000000 1.000000 -0.000000 0.000000 1.000000 -0.000000 0.000000 1.000000 -0.000000 0.000000 1.000000 -0.000000 0.000000 1.000000 -0.000000 0.000000 1.000000 -0.000000 0.000000 1.000000 -0.000000 0.000000 1.000000 -0.000000 0.000000 1.000000 -0.000000 0.000000 1.000000 -0.000000 0.000000 1.000000 -0.000000 0.000000 1.000000 -0.000000 0.000000 1.000000 -0.000000 0.000000 1.000000 -0.000000 0.000000 1.000000 0.000000 0.000000 1.000000 0.000000 0.000000 1.000000 0.000000 0.000000 1.000000 0.000000 0.000000 1.000000 0.000000 0.000000 1.000000 0.000000 0.000000 1.000000 0.000000 0.000000 1.000000 0.000000 0.000000 1.000000 0.000000 0.000000 1.000000 0.000000 0.000000 1.000000 0.000000 0.000000 1.000000 0.000000 0.000000 1.000000 0.000000 0.000000 1.000000 0.000000 0.000000 1.000000 0.000000 0.000000 1.000000 0.000000 0.000000 1.000000 0.000000 0.000000 1.000000 0.000000 0.000000 1.000000 0.000000 0.000000 1.000000 0.000000 0.000000 1.000000 0.000000 0.000000 1.000000 0.000000 0.000000 1.000000 0.000000 0.000000 1.000000 0.000000 0.000000 1.000000 0.000000 0.000000 1.000000 0.000000 0.000000 1.000000 0.000000 0.000000 1.000000 0.000000 0.000000 1.000000 0.000000 0.000000 1.000000 0.000000 0.000000 1.000000 0.000000 0.000000 1.000000 0.000000 0.000000 1.000000 0.000000 0.000000 1.000000 0.000000 0.000000 1.000000 0.000000 0.000000 1.000000 0.000000 0.000000 -1.000000 0.000000 -0.000000 -1.000000 0.000000 -0.000000 -1.000000 0.000000 -0.000000
          </float_array>
          <technique_common>
            <accessor source="#hull-normals-array" count="5766" stride="3">
              <param name="X" type="float"/>
              <param name="Y" type="float"/>
              <param name="Z" type="float"/>
            </accessor>
          </technique_common>
        </source>

        <vertices id="hull-vertices">
          <input semantic="POSITION" source="#hull-positions"/>
        </vertices>

        <triangles count="1922" material="hull_mat">
          <input semantic="VERTEX" source="#hull-vertices" offset="0"/>
          <input semantic="NORMAL" source="#hull-normals"  offset="1"/>
          <p>0 0 25 1 26 2 0 3 26 4 1 5 1 6 26 7 27 8 1 9 27 10 2 11 2 12 27 13 28 14 2 15 28 16 3 17 3 18 28 19 29 20 3 21 29 22 4 23 4 24 29 25 30 26 4 27 30 28 5 29 5 30 30 31 31 32 5 33 31 34 6 35 6 36 31 37 32 38 6 39 32 40 7 41 7 42 32 43 33 44 7 45 33 46 8 47 8 48 33 49 34 50 8 51 34 52 9 53 9 54 34 55 35 56 9 57 35 58 10 59 10 60 35 61 36 62 10 63 36 64 11 65 11 66 36 67 37 68 11 69 37 70 12 71 12 72 37 73 38 74 12 75 38 76 13 77 13 78 38 79 39 80 13 81 39 82 14 83 14 84 39 85 40 86 14 87 40 88 15 89 15 90 40 91 41 92 15 93 41 94 16 95 16 96 41 97 42 98 16 99 42 100 17 101 17 102 42 103 43 104 17 105 43 106 18 107 18 108 43 109 44 110 18 111 44 112 19 113 19 114 44 115 45 116 19 117 45 118 20 119 20 120 45 121 46 122 20 123 46 124 21 125 21 126 46 127 47 128 21 129 47 130 22 131 22 132 47 133 48 134 22 135 48 136 23 137 23 138 48 139 49 140 23 141 49 142 24 143 25 144 50 145 51 146 25 147 51 148 26 149 26 150 51 151 52 152 26 153 52 154 27 155 27 156 52 157 53 158 27 159 53 160 28 161 28 162 53 163 54 164 28 165 54 166 29 167 29 168 54 169 55 170 29 171 55 172 30 173 30 174 55 175 56 176 30 177 56 178 31 179 31 180 56 181 57 182 31 183 57 184 32 185 32 186 57 187 58 188 32 189 58 190 33 191 33 192 58 193 59 194 33 195 59 196 34 197 34 198 59 199 60 200 34 201 60 202 35 203 35 204 60 205 61 206 35 207 61 208 36 209 36 210 61 211 62 212 36 213 62 214 37 215 37 216 62 217 63 218 37 219 63 220 38 221 38 222 63 223 64 224 38 225 64 226 39 227 39 228 64 229 65 230 39 231 65 232 40 233 40 234 65 235 66 236 40 237 66 238 41 239 41 240 66 241 67 242 41 243 67 244 42 245 42 246 67 247 68 248 42 249 68 250 43 251 43 252 68 253 69 254 43 255 69 256 44 257 44 258 69 259 70 260 44 261 70 262 45 263 45 264 70 265 71 266 45 267 71 268 46 269 46 270 71 271 72 272 46 273 72 274 47 275 47 276 72 277 73 278 47 279 73 280 48 281 48 282 73 283 74 284 48 285 74 286 49 287 50 288 75 289 76 290 50 291 76 292 51 293 51 294 76 295 77 296 51 297 77 298 52 299 52 300 77 301 78 302 52 303 78 304 53 305 53 306 78 307 79 308 53 309 79 310 54 311 54 312 79 313 80 314 54 315 80 316 55 317 55 318 80 319 81 320 55 321 81 322 56 323 56 324 81 325 82 326 56 327 82 328 57 329 57 330 82 331 83 332 57 333 83 334 58 335 58 336 83 337 84 338 58 339 84 340 59 341 59 342 84 343 85 344 59 345 85 346 60 347 60 348 85 349 86 350 60 351 86 352 61 353 61 354 86 355 87 356 61 357 87 358 62 359 62 360 87 361 88 362 62 363 88 364 63 365 63 366 88 367 89 368 63 369 89 370 64 371 64 372 89 373 90 374 64 375 90 376 65 377 65 378 90 379 91 380 65 381 91 382 66 383 66 384 91 385 92 386 66 387 92 388 67 389 67 390 92 391 93 392 67 393 93 394 68 395 68 396 93 397 94 398 68 399 94 400 69 401 69 402 94 403 95 404 69 405 95 406 70 407 70 408 95 409 96 410 70 411 96 412 71 413 71 414 96 415 97 416 71 417 97 418 72 419 72 420 97 421 98 422 72 423 98 424 73 425 73 426 98 427 99 428 73 429 99 430 74 431 75 432 100 433 101 434 75 435 101 436 76 437 76 438 101 439 102 440 76 441 102 442 77 443 77 444 102 445 103 446 77 447 103 448 78 449 78 450 103 451 104 452 78 453 104 454 79 455 79 456 104 457 105 458 79 459 105 460 80 461 80 462 105 463 106 464 80 465 106 466 81 467 81 468 106 469 107 470 81 471 107 472 82 473 82 474 107 475 108 476 82 477 108 478 83 479 83 480 108 481 109 482 83 483 109 484 84 485 84 486 109 487 110 488 84 489 110 490 85 491 85 492 110 493 111 494 85 495 111 496 86 497 86 498 111 499 112 500 86 501 112 502 87 503 87 504 112 505 113 506 87 507 113 508 88 509 88 510 113 511 114 512 88 513 114 514 89 515 89 516 114 517 115 518 89 519 115 520 90 521 90 522 115 523 116 524 90 525 116 526 91 527 91 528 116 529 117 530 91 531 117 532 92 533 92 534 117 535 118 536 92 537 118 538 93 539 93 540 118 541 119 542 93 543 119 544 94 545 94 546 119 547 120 548 94 549 120 550 95 551 95 552 120 553 121 554 95 555 121 556 96 557 96 558 121 559 122 560 96 561 122 562 97 563 97 564 122 565 123 566 97 567 123 568 98 569 98 570 123 571 124 572 98 573 124 574 99 575 100 576 125 577 126 578 100 579 126 580 101 581 101 582 126 583 127 584 101 585 127 586 102 587 102 588 127 589 128 590 102 591 128 592 103 593 103 594 128 595 129 596 103 597 129 598 104 599 104 600 129 601 130 602 104 603 130 604 105 605 105 606 130 607 131 608 105 609 131 610 106 611 106 612 131 613 132 614 106 615 132 616 107 617 107 618 132 619 133 620 107 621 133 622 108 623 108 624 133 625 134 626 108 627 134 628 109 629 109 630 134 631 135 632 109 633 135 634 110 635 110 636 135 637 136 638 110 639 136 640 111 641 111 642 136 643 137 644 111 645 137 646 112 647 112 648 137 649 138 650 112 651 138 652 113 653 113 654 138 655 139 656 113 657 139 658 114 659 114 660 139 661 140 662 114 663 140 664 115 665 115 666 140 667 141 668 115 669 141 670 116 671 116 672 141 673 142 674 116 675 142 676 117 677 117 678 142 679 143 680 117 681 143 682 118 683 118 684 143 685 144 686 118 687 144 688 119 689 119 690 144 691 145 692 119 693 145 694 120 695 120 696 145 697 146 698 120 699 146 700 121 701 121 702 146 703 147 704 121 705 147 706 122 707 122 708 147 709 148 710 122 711 148 712 123 713 123 714 148 715 149 716 123 717 149 718 124 719 125 720 150 721 151 722 125 723 151 724 126 725 126 726 151 727 152 728 126 729 152 730 127 731 127 732 152 733 153 734 127 735 153 736 128 737 128 738 153 739 154 740 128 741 154 742 129 743 129 744 154 745 155 746 129 747 155 748 130 749 130 750 155 751 156 752 130 753 156 754 131 755 131 756 156 757 157 758 131 759 157 760 132 761 132 762 157 763 158 764 132 765 158 766 133 767 133 768 158 769 159 770 133 771 159 772 134 773 134 774 159 775 160 776 134 777 160 778 135 779 135 780 160 781 161 782 135 783 161 784 136 785 136 786 161 787 162 788 136 789 162 790 137 791 137 792 162 793 163 794 137 795 163 796 138 797 138 798 163 799 164 800 138 801 164 802 139 803 139 804 164 805 165 806 139 807 165 808 140 809 140 810 165 811 166 812 140 813 166 814 141 815 141 816 166 817 167 818 141 819 167 820 142 821 142 822 167 823 168 824 142 825 168 826 143 827 143 828 168 829 169 830 143 831 169 832 144 833 144 834 169 835 170 836 144 837 170 838 145 839 145 840 170 841 171 842 145 843 171 844 146 845 146 846 171 847 172 848 146 849 172 850 147 851 147 852 172 853 173 854 147 855 173 856 148 857 148 858 173 859 174 860 148 861 174 862 149 863 150 864 175 865 176 866 150 867 176 868 151 869 151 870 176 871 177 872 151 873 177 874 152 875 152 876 177 877 178 878 152 879 178 880 153 881 153 882 178 883 179 884 153 885 179 886 154 887 154 888 179 889 180 890 154 891 180 892 155 893 155 894 180 895 181 896 155 897 181 898 156 899 156 900 181 901 182 902 156 903 182 904 157 905 157 906 182 907 183 908 157 909 183 910 158 911 158 912 183 913 184 914 158 915 184 916 159 917 159 918 184 919 185 920 159 921 185 922 160 923 160 924 185 925 186 926 160 927 186 928 161 929 161 930 186 931 187 932 161 933 187 934 162 935 162 936 187 937 188 938 162 939 188 940 163 941 163 942 188 943 189 944 163 945 189 946 164 947 164 948 189 949 190 950 164 951 190 952 165 953 165 954 190 955 191 956 165 957 191 958 166 959 166 960 191 961 192 962 166 963 192 964 167 965 167 966 192 967 193 968 167 969 193 970 168 971 168 972 193 973 194 974 168 975 194 976 169 977 169 978 194 979 195 980 169 981 195 982 170 983 170 984 195 985 196 986 170 987 196 988 171 989 171 990 196 991 197 992 171 993 197 994 172 995 172 996 197 997 198 998 172 999 198 1000 173 1001 173 1002 198 1003 199 1004 173 1005 199 1006 174 1007 175 1008 200 1009 201 1010 175 1011 201 1012 176 1013 176 1014 201 1015 202 1016 176 1017 202 1018 177 1019 177 1020 202 1021 203 1022 177 1023 203 1024 178 1025 178 1026 203 1027 204 1028 178 1029 204 1030 179 1031 179 1032 204 1033 205 1034 179 1035 205 1036 180 1037 180 1038 205 1039 206 1040 180 1041 206 1042 181 1043 181 1044 206 1045 207 1046 181 1047 207 1048 182 1049 182 1050 207 1051 208 1052 182 1053 208 1054 183 1055 183 1056 208 1057 209 1058 183 1059 209 1060 184 1061 184 1062 209 1063 210 1064 184 1065 210 1066 185 1067 185 1068 210 1069 211 1070 185 1071 211 1072 186 1073 186 1074 211 1075 212 1076 186 1077 212 1078 187 1079 187 1080 212 1081 213 1082 187 1083 213 1084 188 1085 188 1086 213 1087 214 1088 188 1089 214 1090 189 1091 189 1092 214 1093 215 1094 189 1095 215 1096 190 1097 190 1098 215 1099 216 1100 190 1101 216 1102 191 1103 191 1104 216 1105 217 1106 191 1107 217 1108 192 1109 192 1110 217 1111 218 1112 192 1113 218 1114 193 1115 193 1116 218 1117 219 1118 193 1119 219 1120 194 1121 194 1122 219 1123 220 1124 194 1125 220 1126 195 1127 195 1128 220 1129 221 1130 195 1131 221 1132 196 1133 196 1134 221 1135 222 1136 196 1137 222 1138 197 1139 197 1140 222 1141 223 1142 197 1143 223 1144 198 1145 198 1146 223 1147 224 1148 198 1149 224 1150 199 1151 200 1152 225 1153 226 1154 200 1155 226 1156 201 1157 201 1158 226 1159 227 1160 201 1161 227 1162 202 1163 202 1164 227 1165 228 1166 202 1167 228 1168 203 1169 203 1170 228 1171 229 1172 203 1173 229 1174 204 1175 204 1176 229 1177 230 1178 204 1179 230 1180 205 1181 205 1182 230 1183 231 1184 205 1185 231 1186 206 1187 206 1188 231 1189 232 1190 206 1191 232 1192 207 1193 207 1194 232 1195 233 1196 207 1197 233 1198 208 1199 208 1200 233 1201 234 1202 208 1203 234 1204 209 1205 209 1206 234 1207 235 1208 209 1209 235 1210 210 1211 210 1212 235 1213 236 1214 210 1215 236 1216 211 1217 211 1218 236 1219 237 1220 211 1221 237 1222 212 1223 212 1224 237 1225 238 1226 212 1227 238 1228 213 1229 213 1230 238 1231 239 1232 213 1233 239 1234 214 1235 214 1236 239 1237 240 1238 214 1239 240 1240 215 1241 215 1242 240 1243 241 1244 215 1245 241 1246 216 1247 216 1248 241 1249 242 1250 216 1251 242 1252 217 1253 217 1254 242 1255 243 1256 217 1257 243 1258 218 1259 218 1260 243 1261 244 1262 218 1263 244 1264 219 1265 219 1266 244 1267 245 1268 219 1269 245 1270 220 1271 220 1272 245 1273 246 1274 220 1275 246 1276 221 1277 221 1278 246 1279 247 1280 221 1281 247 1282 222 1283 222 1284 247 1285 248 1286 222 1287 248 1288 223 1289 223 1290 248 1291 249 1292 223 1293 249 1294 224 1295 225 1296 250 1297 251 1298 225 1299 251 1300 226 1301 226 1302 251 1303 252 1304 226 1305 252 1306 227 1307 227 1308 252 1309 253 1310 227 1311 253 1312 228 1313 228 1314 253 1315 254 1316 228 1317 254 1318 229 1319 229 1320 254 1321 255 1322 229 1323 255 1324 230 1325 230 1326 255 1327 256 1328 230 1329 256 1330 231 1331 231 1332 256 1333 257 1334 231 1335 257 1336 232 1337 232 1338 257 1339 258 1340 232 1341 258 1342 233 1343 233 1344 258 1345 259 1346 233 1347 259 1348 234 1349 234 1350 259 1351 260 1352 234 1353 260 1354 235 1355 235 1356 260 1357 261 1358 235 1359 261 1360 236 1361 236 1362 261 1363 262 1364 236 1365 262 1366 237 1367 237 1368 262 1369 263 1370 237 1371 263 1372 238 1373 238 1374 263 1375 264 1376 238 1377 264 1378 239 1379 239 1380 264 1381 265 1382 239 1383 265 1384 240 1385 240 1386 265 1387 266 1388 240 1389 266 1390 241 1391 241 1392 266 1393 267 1394 241 1395 267 1396 242 1397 242 1398 267 1399 268 1400 242 1401 268 1402 243 1403 243 1404 268 1405 269 1406 243 1407 269 1408 244 1409 244 1410 269 1411 270 1412 244 1413 270 1414 245 1415 245 1416 270 1417 271 1418 245 1419 271 1420 246 1421 246 1422 271 1423 272 1424 246 1425 272 1426 247 1427 247 1428 272 1429 273 1430 247 1431 273 1432 248 1433 248 1434 273 1435 274 1436 248 1437 274 1438 249 1439 250 1440 275 1441 276 1442 250 1443 276 1444 251 1445 251 1446 276 1447 277 1448 251 1449 277 1450 252 1451 252 1452 277 1453 278 1454 252 1455 278 1456 253 1457 253 1458 278 1459 279 1460 253 1461 279 1462 254 1463 254 1464 279 1465 280 1466 254 1467 280 1468 255 1469 255 1470 280 1471 281 1472 255 1473 281 1474 256 1475 256 1476 281 1477 282 1478 256 1479 282 1480 257 1481 257 1482 282 1483 283 1484 257 1485 283 1486 258 1487 258 1488 283 1489 284 1490 258 1491 284 1492 259 1493 259 1494 284 1495 285 1496 259 1497 285 1498 260 1499 260 1500 285 1501 286 1502 260 1503 286 1504 261 1505 261 1506 286 1507 287 1508 261 1509 287 1510 262 1511 262 1512 287 1513 288 1514 262 1515 288 1516 263 1517 263 1518 288 1519 289 1520 263 1521 289 1522 264 1523 264 1524 289 1525 290 1526 264 1527 290 1528 265 1529 265 1530 290 1531 291 1532 265 1533 291 1534 266 1535 266 1536 291 1537 292 1538 266 1539 292 1540 267 1541 267 1542 292 1543 293 1544 267 1545 293 1546 268 1547 268 1548 293 1549 294 1550 268 1551 294 1552 269 1553 269 1554 294 1555 295 1556 269 1557 295 1558 270 1559 270 1560 295 1561 296 1562 270 1563 296 1564 271 1565 271 1566 296 1567 297 1568 271 1569 297 1570 272 1571 272 1572 297 1573 298 1574 272 1575 298 1576 273 1577 273 1578 298 1579 299 1580 273 1581 299 1582 274 1583 275 1584 300 1585 301 1586 275 1587 301 1588 276 1589 276 1590 301 1591 302 1592 276 1593 302 1594 277 1595 277 1596 302 1597 303 1598 277 1599 303 1600 278 1601 278 1602 303 1603 304 1604 278 1605 304 1606 279 1607 279 1608 304 1609 305 1610 279 1611 305 1612 280 1613 280 1614 305 1615 306 1616 280 1617 306 1618 281 1619 281 1620 306 1621 307 1622 281 1623 307 1624 282 1625 282 1626 307 1627 308 1628 282 1629 308 1630 283 1631 283 1632 308 1633 309 1634 283 1635 309 1636 284 1637 284 1638 309 1639 310 1640 284 1641 310 1642 285 1643 285 1644 310 1645 311 1646 285 1647 311 1648 286 1649 286 1650 311 1651 312 1652 286 1653 312 1654 287 1655 287 1656 312 1657 313 1658 287 1659 313 1660 288 1661 288 1662 313 1663 314 1664 288 1665 314 1666 289 1667 289 1668 314 1669 315 1670 289 1671 315 1672 290 1673 290 1674 315 1675 316 1676 290 1677 316 1678 291 1679 291 1680 316 1681 317 1682 291 1683 317 1684 292 1685 292 1686 317 1687 318 1688 292 1689 318 1690 293 1691 293 1692 318 1693 319 1694 293 1695 319 1696 294 1697 294 1698 319 1699 320 1700 294 1701 320 1702 295 1703 295 1704 320 1705 321 1706 295 1707 321 1708 296 1709 296 1710 321 1711 322 1712 296 1713 322 1714 297 1715 297 1716 322 1717 323 1718 297 1719 323 1720 298 1721 298 1722 323 1723 324 1724 298 1725 324 1726 299 1727 300 1728 325 1729 326 1730 300 1731 326 1732 301 1733 301 1734 326 1735 327 1736 301 1737 327 1738 302 1739 302 1740 327 1741 328 1742 302 1743 328 1744 303 1745 303 1746 328 1747 329 1748 303 1749 329 1750 304 1751 304 1752 329 1753 330 1754 304 1755 330 1756 305 1757 305 1758 330 1759 331 1760 305 1761 331 1762 306 1763 306 1764 331 1765 332 1766 306 1767 332 1768 307 1769 307 1770 332 1771 333 1772 307 1773 333 1774 308 1775 308 1776 333 1777 334 1778 308 1779 334 1780 309 1781 309 1782 334 1783 335 1784 309 1785 335 1786 310 1787 310 1788 335 1789 336 1790 310 1791 336 1792 311 1793 311 1794 336 1795 337 1796 311 1797 337 1798 312 1799 312 1800 337 1801 338 1802 312 1803 338 1804 313 1805 313 1806 338 1807 339 1808 313 1809 339 1810 314 1811 314 1812 339 1813 340 1814 314 1815 340 1816 315 1817 315 1818 340 1819 341 1820 315 1821 341 1822 316 1823 316 1824 341 1825 342 1826 316 1827 342 1828 317 1829 317 1830 342 1831 343 1832 317 1833 343 1834 318 1835 318 1836 343 1837 344 1838 318 1839 344 1840 319 1841 319 1842 344 1843 345 1844 319 1845 345 1846 320 1847 320 1848 345 1849 346 1850 320 1851 346 1852 321 1853 321 1854 346 1855 347 1856 321 1857 347 1858 322 1859 322 1860 347 1861 348 1862 322 1863 348 1864 323 1865 323 1866 348 1867 349 1868 323 1869 349 1870 324 1871 325 1872 350 1873 351 1874 325 1875 351 1876 326 1877 326 1878 351 1879 352 1880 326 1881 352 1882 327 1883 327 1884 352 1885 353 1886 327 1887 353 1888 328 1889 328 1890 353 1891 354 1892 328 1893 354 1894 329 1895 329 1896 354 1897 355 1898 329 1899 355 1900 330 1901 330 1902 355 1903 356 1904 330 1905 356 1906 331 1907 331 1908 356 1909 357 1910 331 1911 357 1912 332 1913 332 1914 357 1915 358 1916 332 1917 358 1918 333 1919 333 1920 358 1921 359 1922 333 1923 359 1924 334 1925 334 1926 359 1927 360 1928 334 1929 360 1930 335 1931 335 1932 360 1933 361 1934 335 1935 361 1936 336 1937 336 1938 361 1939 362 1940 336 1941 362 1942 337 1943 337 1944 362 1945 363 1946 337 1947 363 1948 338 1949 338 1950 363 1951 364 1952 338 1953 364 1954 339 1955 339 1956 364 1957 365 1958 339 1959 365 1960 340 1961 340 1962 365 1963 366 1964 340 1965 366 1966 341 1967 341 1968 366 1969 367 1970 341 1971 367 1972 342 1973 342 1974 367 1975 368 1976 342 1977 368 1978 343 1979 343 1980 368 1981 369 1982 343 1983 369 1984 344 1985 344 1986 369 1987 370 1988 344 1989 370 1990 345 1991 345 1992 370 1993 371 1994 345 1995 371 1996 346 1997 346 1998 371 1999 372 2000 346 2001 372 2002 347 2003 347 2004 372 2005 373 2006 347 2007 373 2008 348 2009 348 2010 373 2011 374 2012 348 2013 374 2014 349 2015 350 2016 375 2017 376 2018 350 2019 376 2020 351 2021 351 2022 376 2023 377 2024 351 2025 377 2026 352 2027 352 2028 377 2029 378 2030 352 2031 378 2032 353 2033 353 2034 378 2035 379 2036 353 2037 379 2038 354 2039 354 2040 379 2041 380 2042 354 2043 380 2044 355 2045 355 2046 380 2047 381 2048 355 2049 381 2050 356 2051 356 2052 381 2053 382 2054 356 2055 382 2056 357 2057 357 2058 382 2059 383 2060 357 2061 383 2062 358 2063 358 2064 383 2065 384 2066 358 2067 384 2068 359 2069 359 2070 384 2071 385 2072 359 2073 385 2074 360 2075 360 2076 385 2077 386 2078 360 2079 386 2080 361 2081 361 2082 386 2083 387 2084 361 2085 387 2086 362 2087 362 2088 387 2089 388 2090 362 2091 388 2092 363 2093 363 2094 388 2095 389 2096 363 2097 389 2098 364 2099 364 2100 389 2101 390 2102 364 2103 390 2104 365 2105 365 2106 390 2107 391 2108 365 2109 391 2110 366 2111 366 2112 391 2113 392 2114 366 2115 392 2116 367 2117 367 2118 392 2119 393 2120 367 2121 393 2122 368 2123 368 2124 393 2125 394 2126 368 2127 394 2128 369 2129 369 2130 394 2131 395 2132 369 2133 395 2134 370 2135 370 2136 395 2137 396 2138 370 2139 396 2140 371 2141 371 2142 396 2143 397 2144 371 2145 397 2146 372 2147 372 2148 397 2149 398 2150 372 2151 398 2152 373 2153 373 2154 398 2155 399 2156 373 2157 399 2158 374 2159 375 2160 400 2161 401 2162 375 2163 401 2164 376 2165 376 2166 401 2167 402 2168 376 2169 402 2170 377 2171 377 2172 402 2173 403 2174 377 2175 403 2176 378 2177 378 2178 403 2179 404 2180 378 2181 404 2182 379 2183 379 2184 404 2185 405 2186 379 2187 405 2188 380 2189 380 2190 405 2191 406 2192 380 2193 406 2194 381 2195 381 2196 406 2197 407 2198 381 2199 407 2200 382 2201 382 2202 407 2203 408 2204 382 2205 408 2206 383 2207 383 2208 408 2209 409 2210 383 2211 409 2212 384 2213 384 2214 409 2215 410 2216 384 2217 410 2218 385 2219 385 2220 410 2221 411 2222 385 2223 411 2224 386 2225 386 2226 411 2227 412 2228 386 2229 412 2230 387 2231 387 2232 412 2233 413 2234 387 2235 413 2236 388 2237 388 2238 413 2239 414 2240 388 2241 414 2242 389 2243 389 2244 414 2245 415 2246 389 2247 415 2248 390 2249 390 2250 415 2251 416 2252 390 2253 416 2254 391 2255 391 2256 416 2257 417 2258 391 2259 417 2260 392 2261 392 2262 417 2263 418 2264 392 2265 418 2266 393 2267 393 2268 418 2269 419 2270 393 2271 419 2272 394 2273 394 2274 419 2275 420 2276 394 2277 420 2278 395 2279 395 2280 420 2281 421 2282 395 2283 421 2284 396 2285 396 2286 421 2287 422 2288 396 2289 422 2290 397 2291 397 2292 422 2293 423 2294 397 2295 423 2296 398 2297 398 2298 423 2299 424 2300 398 2301 424 2302 399 2303 400 2304 425 2305 426 2306 400 2307 426 2308 401 2309 401 2310 426 2311 427 2312 401 2313 427 2314 402 2315 402 2316 427 2317 428 2318 402 2319 428 2320 403 2321 403 2322 428 2323 429 2324 403 2325 429 2326 404 2327 404 2328 429 2329 430 2330 404 2331 430 2332 405 2333 405 2334 430 2335 431 2336 405 2337 431 2338 406 2339 406 2340 431 2341 432 2342 406 2343 432 2344 407 2345 407 2346 432 2347 433 2348 407 2349 433 2350 408 2351 408 2352 433 2353 434 2354 408 2355 434 2356 409 2357 409 2358 434 2359 435 2360 409 2361 435 2362 410 2363 410 2364 435 2365 436 2366 410 2367 436 2368 411 2369 411 2370 436 2371 437 2372 411 2373 437 2374 412 2375 412 2376 437 2377 438 2378 412 2379 438 2380 413 2381 413 2382 438 2383 439 2384 413 2385 439 2386 414 2387 414 2388 439 2389 440 2390 414 2391 440 2392 415 2393 415 2394 440 2395 441 2396 415 2397 441 2398 416 2399 416 2400 441 2401 442 2402 416 2403 442 2404 417 2405 417 2406 442 2407 443 2408 417 2409 443 2410 418 2411 418 2412 443 2413 444 2414 418 2415 444 2416 419 2417 419 2418 444 2419 445 2420 419 2421 445 2422 420 2423 420 2424 445 2425 446 2426 420 2427 446 2428 421 2429 421 2430 446 2431 447 2432 421 2433 447 2434 422 2435 422 2436 447 2437 448 2438 422 2439 448 2440 423 2441 423 2442 448 2443 449 2444 423 2445 449 2446 424 2447 425 2448 450 2449 451 2450 425 2451 451 2452 426 2453 426 2454 451 2455 452 2456 426 2457 452 2458 427 2459 427 2460 452 2461 453 2462 427 2463 453 2464 428 2465 428 2466 453 2467 454 2468 428 2469 454 2470 429 2471 429 2472 454 2473 455 2474 429 2475 455 2476 430 2477 430 2478 455 2479 456 2480 430 2481 456 2482 431 2483 431 2484 456 2485 457 2486 431 2487 457 2488 432 2489 432 2490 457 2491 458 2492 432 2493 458 2494 433 2495 433 2496 458 2497 459 2498 433 2499 459 2500 434 2501 434 2502 459 2503 460 2504 434 2505 460 2506 435 2507 435 2508 460 2509 461 2510 435 2511 461 2512 436 2513 436 2514 461 2515 462 2516 436 2517 462 2518 437 2519 437 2520 462 2521 463 2522 437 2523 463 2524 438 2525 438 2526 463 2527 464 2528 438 2529 464 2530 439 2531 439 2532 464 2533 465 2534 439 2535 465 2536 440 2537 440 2538 465 2539 466 2540 440 2541 466 2542 441 2543 441 2544 466 2545 467 2546 441 2547 467 2548 442 2549 442 2550 467 2551 468 2552 442 2553 468 2554 443 2555 443 2556 468 2557 469 2558 443 2559 469 2560 444 2561 444 2562 469 2563 470 2564 444 2565 470 2566 445 2567 445 2568 470 2569 471 2570 445 2571 471 2572 446 2573 446 2574 471 2575 472 2576 446 2577 472 2578 447 2579 447 2580 472 2581 473 2582 447 2583 473 2584 448 2585 448 2586 473 2587 474 2588 448 2589 474 2590 449 2591 450 2592 475 2593 476 2594 450 2595 476 2596 451 2597 451 2598 476 2599 477 2600 451 2601 477 2602 452 2603 452 2604 477 2605 478 2606 452 2607 478 2608 453 2609 453 2610 478 2611 479 2612 453 2613 479 2614 454 2615 454 2616 479 2617 480 2618 454 2619 480 2620 455 2621 455 2622 480 2623 481 2624 455 2625 481 2626 456 2627 456 2628 481 2629 482 2630 456 2631 482 2632 457 2633 457 2634 482 2635 483 2636 457 2637 483 2638 458 2639 458 2640 483 2641 484 2642 458 2643 484 2644 459 2645 459 2646 484 2647 485 2648 459 2649 485 2650 460 2651 460 2652 485 2653 486 2654 460 2655 486 2656 461 2657 461 2658 486 2659 487 2660 461 2661 487 2662 462 2663 462 2664 487 2665 488 2666 462 2667 488 2668 463 2669 463 2670 488 2671 489 2672 463 2673 489 2674 464 2675 464 2676 489 2677 490 2678 464 2679 490 2680 465 2681 465 2682 490 2683 491 2684 465 2685 491 2686 466 2687 466 2688 491 2689 492 2690 466 2691 492 2692 467 2693 467 2694 492 2695 493 2696 467 2697 493 2698 468 2699 468 2700 493 2701 494 2702 468 2703 494 2704 469 2705 469 2706 494 2707 495 2708 469 2709 495 2710 470 2711 470 2712 495 2713 496 2714 470 2715 496 2716 471 2717 471 2718 496 2719 497 2720 471 2721 497 2722 472 2723 472 2724 497 2725 498 2726 472 2727 498 2728 473 2729 473 2730 498 2731 499 2732 473 2733 499 2734 474 2735 475 2736 500 2737 501 2738 475 2739 501 2740 476 2741 476 2742 501 2743 502 2744 476 2745 502 2746 477 2747 477 2748 502 2749 503 2750 477 2751 503 2752 478 2753 478 2754 503 2755 504 2756 478 2757 504 2758 479 2759 479 2760 504 2761 505 2762 479 2763 505 2764 480 2765 480 2766 505 2767 506 2768 480 2769 506 2770 481 2771 481 2772 506 2773 507 2774 481 2775 507 2776 482 2777 482 2778 507 2779 508 2780 482 2781 508 2782 483 2783 483 2784 508 2785 509 2786 483 2787 509 2788 484 2789 484 2790 509 2791 510 2792 484 2793 510 2794 485 2795 485 2796 510 2797 511 2798 485 2799 511 2800 486 2801 486 2802 511 2803 512 2804 486 2805 512 2806 487 2807 487 2808 512 2809 513 2810 487 2811 513 2812 488 2813 488 2814 513 2815 514 2816 488 2817 514 2818 489 2819 489 2820 514 2821 515 2822 489 2823 515 2824 490 2825 490 2826 515 2827 516 2828 490 2829 516 2830 491 2831 491 2832 516 2833 517 2834 491 2835 517 2836 492 2837 492 2838 517 2839 518 2840 492 2841 518 2842 493 2843 493 2844 518 2845 519 2846 493 2847 519 2848 494 2849 494 2850 519 2851 520 2852 494 2853 520 2854 495 2855 495 2856 520 2857 521 2858 495 2859 521 2860 496 2861 496 2862 521 2863 522 2864 496 2865 522 2866 497 2867 497 2868 522 2869 523 2870 497 2871 523 2872 498 2873 498 2874 523 2875 524 2876 498 2877 524 2878 499 2879 500 2880 525 2881 526 2882 500 2883 526 2884 501 2885 501 2886 526 2887 527 2888 501 2889 527 2890 502 2891 502 2892 527 2893 528 2894 502 2895 528 2896 503 2897 503 2898 528 2899 529 2900 503 2901 529 2902 504 2903 504 2904 529 2905 530 2906 504 2907 530 2908 505 2909 505 2910 530 2911 531 2912 505 2913 531 2914 506 2915 506 2916 531 2917 532 2918 506 2919 532 2920 507 2921 507 2922 532 2923 533 2924 507 2925 533 2926 508 2927 508 2928 533 2929 534 2930 508 2931 534 2932 509 2933 509 2934 534 2935 535 2936 509 2937 535 2938 510 2939 510 2940 535 2941 536 2942 510 2943 536 2944 511 2945 511 2946 536 2947 537 2948 511 2949 537 2950 512 2951 512 2952 537 2953 538 2954 512 2955 538 2956 513 2957 513 2958 538 2959 539 2960 513 2961 539 2962 514 2963 514 2964 539 2965 540 2966 514 2967 540 2968 515 2969 515 2970 540 2971 541 2972 515 2973 541 2974 516 2975 516 2976 541 2977 542 2978 516 2979 542 2980 517 2981 517 2982 542 2983 543 2984 517 2985 543 2986 518 2987 518 2988 543 2989 544 2990 518 2991 544 2992 519 2993 519 2994 544 2995 545 2996 519 2997 545 2998 520 2999 520 3000 545 3001 546 3002 520 3003 546 3004 521 3005 521 3006 546 3007 547 3008 521 3009 547 3010 522 3011 522 3012 547 3013 548 3014 522 3015 548 3016 523 3017 523 3018 548 3019 549 3020 523 3021 549 3022 524 3023 525 3024 550 3025 551 3026 525 3027 551 3028 526 3029 526 3030 551 3031 552 3032 526 3033 552 3034 527 3035 527 3036 552 3037 553 3038 527 3039 553 3040 528 3041 528 3042 553 3043 554 3044 528 3045 554 3046 529 3047 529 3048 554 3049 555 3050 529 3051 555 3052 530 3053 530 3054 555 3055 556 3056 530 3057 556 3058 531 3059 531 3060 556 3061 557 3062 531 3063 557 3064 532 3065 532 3066 557 3067 558 3068 532 3069 558 3070 533 3071 533 3072 558 3073 559 3074 533 3075 559 3076 534 3077 534 3078 559 3079 560 3080 534 3081 560 3082 535 3083 535 3084 560 3085 561 3086 535 3087 561 3088 536 3089 536 3090 561 3091 562 3092 536 3093 562 3094 537 3095 537 3096 562 3097 563 3098 537 3099 563 3100 538 3101 538 3102 563 3103 564 3104 538 3105 564 3106 539 3107 539 3108 564 3109 565 3110 539 3111 565 3112 540 3113 540 3114 565 3115 566 3116 540 3117 566 3118 541 3119 541 3120 566 3121 567 3122 541 3123 567 3124 542 3125 542 3126 567 3127 568 3128 542 3129 568 3130 543 3131 543 3132 568 3133 569 3134 543 3135 569 3136 544 3137 544 3138 569 3139 570 3140 544 3141 570 3142 545 3143 545 3144 570 3145 571 3146 545 3147 571 3148 546 3149 546 3150 571 3151 572 3152 546 3153 572 3154 547 3155 547 3156 572 3157 573 3158 547 3159 573 3160 548 3161 548 3162 573 3163 574 3164 548 3165 574 3166 549 3167 550 3168 575 3169 576 3170 550 3171 576 3172 551 3173 551 3174 576 3175 577 3176 551 3177 577 3178 552 3179 552 3180 577 3181 578 3182 552 3183 578 3184 553 3185 553 3186 578 3187 579 3188 553 3189 579 3190 554 3191 554 3192 579 3193 580 3194 554 3195 580 3196 555 3197 555 3198 580 3199 581 3200 555 3201 581 3202 556 3203 556 3204 581 3205 582 3206 556 3207 582 3208 557 3209 557 3210 582 3211 583 3212 557 3213 583 3214 558 3215 558 3216 583 3217 584 3218 558 3219 584 3220 559 3221 559 3222 584 3223 585 3224 559 3225 585 3226 560 3227 560 3228 585 3229 586 3230 560 3231 586 3232 561 3233 561 3234 586 3235 587 3236 561 3237 587 3238 562 3239 562 3240 587 3241 588 3242 562 3243 588 3244 563 3245 563 3246 588 3247 589 3248 563 3249 589 3250 564 3251 564 3252 589 3253 590 3254 564 3255 590 3256 565 3257 565 3258 590 3259 591 3260 565 3261 591 3262 566 3263 566 3264 591 3265 592 3266 566 3267 592 3268 567 3269 567 3270 592 3271 593 3272 567 3273 593 3274 568 3275 568 3276 593 3277 594 3278 568 3279 594 3280 569 3281 569 3282 594 3283 595 3284 569 3285 595 3286 570 3287 570 3288 595 3289 596 3290 570 3291 596 3292 571 3293 571 3294 596 3295 597 3296 571 3297 597 3298 572 3299 572 3300 597 3301 598 3302 572 3303 598 3304 573 3305 573 3306 598 3307 599 3308 573 3309 599 3310 574 3311 575 3312 600 3313 601 3314 575 3315 601 3316 576 3317 576 3318 601 3319 602 3320 576 3321 602 3322 577 3323 577 3324 602 3325 603 3326 577 3327 603 3328 578 3329 578 3330 603 3331 604 3332 578 3333 604 3334 579 3335 579 3336 604 3337 605 3338 579 3339 605 3340 580 3341 580 3342 605 3343 606 3344 580 3345 606 3346 581 3347 581 3348 606 3349 607 3350 581 3351 607 3352 582 3353 582 3354 607 3355 608 3356 582 3357 608 3358 583 3359 583 3360 608 3361 609 3362 583 3363 609 3364 584 3365 584 3366 609 3367 610 3368 584 3369 610 3370 585 3371 585 3372 610 3373 611 3374 585 3375 611 3376 586 3377 586 3378 611 3379 612 3380 586 3381 612 3382 587 3383 587 3384 612 3385 613 3386 587 3387 613 3388 588 3389 588 3390 613 3391 614 3392 588 3393 614 3394 589 3395 589 3396 614 3397 615 3398 589 3399 615 3400 590 3401 590 3402 615 3403 616 3404 590 3405 616 3406 591 3407 591 3408 616 3409 617 3410 591 3411 617 3412 592 3413 592 3414 617 3415 618 3416 592 3417 618 3418 593 3419 593 3420 618 3421 619 3422 593 3423 619 3424 594 3425 594 3426 619 3427 620 3428 594 3429 620 3430 595 3431 595 3432 620 3433 621 3434 595 3435 621 3436 596 3437 596 3438 621 3439 622 3440 596 3441 622 3442 597 3443 597 3444 622 3445 623 3446 597 3447 623 3448 598 3449 598 3450 623 3451 624 3452 598 3453 624 3454 599 3455 600 3456 625 3457 626 3458 600 3459 626 3460 601 3461 601 3462 626 3463 627 3464 601 3465 627 3466 602 3467 602 3468 627 3469 628 3470 602 3471 628 3472 603 3473 603 3474 628 3475 629 3476 603 3477 629 3478 604 3479 604 3480 629 3481 630 3482 604 3483 630 3484 605 3485 605 3486 630 3487 631 3488 605 3489 631 3490 606 3491 606 3492 631 3493 632 3494 606 3495 632 3496 607 3497 607 3498 632 3499 633 3500 607 3501 633 3502 608 3503 608 3504 633 3505 634 3506 608 3507 634 3508 609 3509 609 3510 634 3511 635 3512 609 3513 635 3514 610 3515 610 3516 635 3517 636 3518 610 3519 636 3520 611 3521 611 3522 636 3523 637 3524 611 3525 637 3526 612 3527 612 3528 637 3529 638 3530 612 3531 638 3532 613 3533 613 3534 638 3535 639 3536 613 3537 639 3538 614 3539 614 3540 639 3541 640 3542 614 3543 640 3544 615 3545 615 3546 640 3547 641 3548 615 3549 641 3550 616 3551 616 3552 641 3553 642 3554 616 3555 642 3556 617 3557 617 3558 642 3559 643 3560 617 3561 643 3562 618 3563 618 3564 643 3565 644 3566 618 3567 644 3568 619 3569 619 3570 644 3571 645 3572 619 3573 645 3574 620 3575 620 3576 645 3577 646 3578 620 3579 646 3580 621 3581 621 3582 646 3583 647 3584 621 3585 647 3586 622 3587 622 3588 647 3589 648 3590 622 3591 648 3592 623 3593 623 3594 648 3595 649 3596 623 3597 649 3598 624 3599 625 3600 650 3601 651 3602 625 3603 651 3604 626 3605 626 3606 651 3607 652 3608 626 3609 652 3610 627 3611 627 3612 652 3613 653 3614 627 3615 653 3616 628 3617 628 3618 653 3619 654 3620 628 3621 654 3622 629 3623 629 3624 654 3625 655 3626 629 3627 655 3628 630 3629 630 3630 655 3631 656 3632 630 3633 656 3634 631 3635 631 3636 656 3637 657 3638 631 3639 657 3640 632 3641 632 3642 657 3643 658 3644 632 3645 658 3646 633 3647 633 3648 658 3649 659 3650 633 3651 659 3652 634 3653 634 3654 659 3655 660 3656 634 3657 660 3658 635 3659 635 3660 660 3661 661 3662 635 3663 661 3664 636 3665 636 3666 661 3667 662 3668 636 3669 662 3670 637 3671 637 3672 662 3673 663 3674 637 3675 663 3676 638 3677 638 3678 663 3679 664 3680 638 3681 664 3682 639 3683 639 3684 664 3685 665 3686 639 3687 665 3688 640 3689 640 3690 665 3691 666 3692 640 3693 666 3694 641 3695 641 3696 666 3697 667 3698 641 3699 667 3700 642 3701 642 3702 667 3703 668 3704 642 3705 668 3706 643 3707 643 3708 668 3709 669 3710 643 3711 669 3712 644 3713 644 3714 669 3715 670 3716 644 3717 670 3718 645 3719 645 3720 670 3721 671 3722 645 3723 671 3724 646 3725 646 3726 671 3727 672 3728 646 3729 672 3730 647 3731 647 3732 672 3733 673 3734 647 3735 673 3736 648 3737 648 3738 673 3739 674 3740 648 3741 674 3742 649 3743 650 3744 675 3745 676 3746 650 3747 676 3748 651 3749 651 3750 676 3751 677 3752 651 3753 677 3754 652 3755 652 3756 677 3757 678 3758 652 3759 678 3760 653 3761 653 3762 678 3763 679 3764 653 3765 679 3766 654 3767 654 3768 679 3769 680 3770 654 3771 680 3772 655 3773 655 3774 680 3775 681 3776 655 3777 681 3778 656 3779 656 3780 681 3781 682 3782 656 3783 682 3784 657 3785 657 3786 682 3787 683 3788 657 3789 683 3790 658 3791 658 3792 683 3793 684 3794 658 3795 684 3796 659 3797 659 3798 684 3799 685 3800 659 3801 685 3802 660 3803 660 3804 685 3805 686 3806 660 3807 686 3808 661 3809 661 3810 686 3811 687 3812 661 3813 687 3814 662 3815 662 3816 687 3817 688 3818 662 3819 688 3820 663 3821 663 3822 688 3823 689 3824 663 3825 689 3826 664 3827 664 3828 689 3829 690 3830 664 3831 690 3832 665 3833 665 3834 690 3835 691 3836 665 3837 691 3838 666 3839 666 3840 691 3841 692 3842 666 3843 692 3844 667 3845 667 3846 692 3847 693 3848 667 3849 693 3850 668 3851 668 3852 693 3853 694 3854 668 3855 694 3856 669 3857 669 3858 694 3859 695 3860 669 3861 695 3862 670 3863 670 3864 695 3865 696 3866 670 3867 696 3868 671 3869 671 3870 696 3871 697 3872 671 3873 697 3874 672 3875 672 3876 697 3877 698 3878 672 3879 698 3880 673 3881 673 3882 698 3883 699 3884 673 3885 699 3886 674 3887 675 3888 700 3889 701 3890 675 3891 701 3892 676 3893 676 3894 701 3895 702 3896 676 3897 702 3898 677 3899 677 3900 702 3901 703 3902 677 3903 703 3904 678 3905 678 3906 703 3907 704 3908 678 3909 704 3910 679 3911 679 3912 704 3913 705 3914 679 3915 705 3916 680 3917 680 3918 705 3919 706 3920 680 3921 706 3922 681 3923 681 3924 706 3925 707 3926 681 3927 707 3928 682 3929 682 3930 707 3931 708 3932 682 3933 708 3934 683 3935 683 3936 708 3937 709 3938 683 3939 709 3940 684 3941 684 3942 709 3943 710 3944 684 3945 710 3946 685 3947 685 3948 710 3949 711 3950 685 3951 711 3952 686 3953 686 3954 711 3955 712 3956 686 3957 712 3958 687 3959 687 3960 712 3961 713 3962 687 3963 713 3964 688 3965 688 3966 713 3967 714 3968 688 3969 714 3970 689 3971 689 3972 714 3973 715 3974 689 3975 715 3976 690 3977 690 3978 715 3979 716 3980 690 3981 716 3982 691 3983 691 3984 716 3985 717 3986 691 3987 717 3988 692 3989 692 3990 717 3991 718 3992 692 3993 718 3994 693 3995 693 3996 718 3997 719 3998 693 3999 719 4000 694 4001 694 4002 719 4003 720 4004 694 4005 720 4006 695 4007 695 4008 720 4009 721 4010 695 4011 721 4012 696 4013 696 4014 721 4015 722 4016 696 4017 722 4018 697 4019 697 4020 722 4021 723 4022 697 4023 723 4024 698 4025 698 4026 723 4027 724 4028 698 4029 724 4030 699 4031 700 4032 725 4033 726 4034 700 4035 726 4036 701 4037 701 4038 726 4039 727 4040 701 4041 727 4042 702 4043 702 4044 727 4045 728 4046 702 4047 728 4048 703 4049 703 4050 728 4051 729 4052 703 4053 729 4054 704 4055 704 4056 729 4057 730 4058 704 4059 730 4060 705 4061 705 4062 730 4063 731 4064 705 4065 731 4066 706 4067 706 4068 731 4069 732 4070 706 4071 732 4072 707 4073 707 4074 732 4075 733 4076 707 4077 733 4078 708 4079 708 4080 733 4081 734 4082 708 4083 734 4084 709 4085 709 4086 734 4087 735 4088 709 4089 735 4090 710 4091 710 4092 735 4093 736 4094 710 4095 736 4096 711 4097 711 4098 736 4099 737 4100 711 4101 737 4102 712 4103 712 4104 737 4105 738 4106 712 4107 738 4108 713 4109 713 4110 738 4111 739 4112 713 4113 739 4114 714 4115 714 4116 739 4117 740 4118 714 4119 740 4120 715 4121 715 4122 740 4123 741 4124 715 4125 741 4126 716 4127 716 4128 741 4129 742 4130 716 4131 742 4132 717 4133 717 4134 742 4135 743 4136 717 4137 743 4138 718 4139 718 4140 743 4141 744 4142 718 4143 744 4144 719 4145 719 4146 744 4147 745 4148 719 4149 745 4150 720 4151 720 4152 745 4153 746 4154 720 4155 746 4156 721 4157 721 4158 746 4159 747 4160 721 4161 747 4162 722 4163 722 4164 747 4165 748 4166 722 4167 748 4168 723 4169 723 4170 748 4171 749 4172 723 4173 749 4174 724 4175 725 4176 750 4177 751 4178 725 4179 751 4180 726 4181 726 4182 751 4183 752 4184 726 4185 752 4186 727 4187 727 4188 752 4189 753 4190 727 4191 753 4192 728 4193 728 4194 753 4195 754 4196 728 4197 754 4198 729 4199 729 4200 754 4201 755 4202 729 4203 755 4204 730 4205 730 4206 755 4207 756 4208 730 4209 756 4210 731 4211 731 4212 756 4213 757 4214 731 4215 757 4216 732 4217 732 4218 757 4219 758 4220 732 4221 758 4222 733 4223 733 4224 758 4225 759 4226 733 4227 759 4228 734 4229 734 4230 759 4231 760 4232 734 4233 760 4234 735 4235 735 4236 760 4237 761 4238 735 4239 761 4240 736 4241 736 4242 761 4243 762 4244 736 4245 762 4246 737 4247 737 4248 762 4249 763 4250 737 4251 763 4252 738 4253 738 4254 763 4255 764 4256 738 4257 764 4258 739 4259 739 4260 764 4261 765 4262 739 4263 765 4264 740 4265 740 4266 765 4267 766 4268 740 4269 766 4270 741 4271 741 4272 766 4273 767 4274 741 4275 767 4276 742 4277 742 4278 767 4279 768 4280 742 4281 768 4282 743 4283 743 4284 768 4285 769 4286 743 4287 769 4288 744 4289 744 4290 769 4291 770 4292 744 4293 770 4294 745 4295 745 4296 770 4297 771 4298 745 4299 771 4300 746 4301 746 4302 771 4303 772 4304 746 4305 772 4306 747 4307 747 4308 772 4309 773 4310 747 4311 773 4312 748 4313 748 4314 773 4315 774 4316 748 4317 774 4318 749 4319 750 4320 775 4321 776 4322 750 4323 776 4324 751 4325 751 4326 776 4327 777 4328 751 4329 777 4330 752 4331 752 4332 777 4333 778 4334 752 4335 778 4336 753 4337 753 4338 778 4339 779 4340 753 4341 779 4342 754 4343 754 4344 779 4345 780 4346 754 4347 780 4348 755 4349 755 4350 780 4351 781 4352 755 4353 781 4354 756 4355 756 4356 781 4357 782 4358 756 4359 782 4360 757 4361 757 4362 782 4363 783 4364 757 4365 783 4366 758 4367 758 4368 783 4369 784 4370 758 4371 784 4372 759 4373 759 4374 784 4375 785 4376 759 4377 785 4378 760 4379 760 4380 785 4381 786 4382 760 4383 786 4384 761 4385 761 4386 786 4387 787 4388 761 4389 787 4390 762 4391 762 4392 787 4393 788 4394 762 4395 788 4396 763 4397 763 4398 788 4399 789 4400 763 4401 789 4402 764 4403 764 4404 789 4405 790 4406 764 4407 790 4408 765 4409 765 4410 790 4411 791 4412 765 4413 791 4414 766 4415 766 4416 791 4417 792 4418 766 4419 792 4420 767 4421 767 4422 792 4423 793 4424 767 4425 793 4426 768 4427 768 4428 793 4429 794 4430 768 4431 794 4432 769 4433 769 4434 794 4435 795 4436 769 4437 795 4438 770 4439 770 4440 795 4441 796 4442 770 4443 796 4444 771 4445 771 4446 796 4447 797 4448 771 4449 797 4450 772 4451 772 4452 797 4453 798 4454 772 4455 798 4456 773 4457 773 4458 798 4459 799 4460 773 4461 799 4462 774 4463 775 4464 800 4465 801 4466 775 4467 801 4468 776 4469 776 4470 801 4471 802 4472 776 4473 802 4474 777 4475 777 4476 802 4477 803 4478 777 4479 803 4480 778 4481 778 4482 803 4483 804 4484 778 4485 804 4486 779 4487 779 4488 804 4489 805 4490 779 4491 805 4492 780 4493 780 4494 805 4495 806 4496 780 4497 806 4498 781 4499 781 4500 806 4501 807 4502 781 4503 807 4504 782 4505 782 4506 807 4507 808 4508 782 4509 808 4510 783 4511 783 4512 808 4513 809 4514 783 4515 809 4516 784 4517 784 4518 809 4519 810 4520 784 4521 810 4522 785 4523 785 4524 810 4525 811 4526 785 4527 811 4528 786 4529 786 4530 811 4531 812 4532 786 4533 812 4534 787 4535 787 4536 812 4537 813 4538 787 4539 813 4540 788 4541 788 4542 813 4543 814 4544 788 4545 814 4546 789 4547 789 4548 814 4549 815 4550 789 4551 815 4552 790 4553 790 4554 815 4555 816 4556 790 4557 816 4558 791 4559 791 4560 816 4561 817 4562 791 4563 817 4564 792 4565 792 4566 817 4567 818 4568 792 4569 818 4570 793 4571 793 4572 818 4573 819 4574 793 4575 819 4576 794 4577 794 4578 819 4579 820 4580 794 4581 820 4582 795 4583 795 4584 820 4585 821 4586 795 4587 821 4588 796 4589 796 4590 821 4591 822 4592 796 4593 822 4594 797 4595 797 4596 822 4597 823 4598 797 4599 823 4600 798 4601 798 4602 823 4603 824 4604 798 4605 824 4606 799 4607 800 4608 825 4609 826 4610 800 4611 826 4612 801 4613 801 4614 826 4615 827 4616 801 4617 827 4618 802 4619 802 4620 827 4621 828 4622 802 4623 828 4624 803 4625 803 4626 828 4627 829 4628 803 4629 829 4630 804 4631 804 4632 829 4633 830 4634 804 4635 830 4636 805 4637 805 4638 830 4639 831 4640 805 4641 831 4642 806 4643 806 4644 831 4645 832 4646 806 4647 832 4648 807 4649 807 4650 832 4651 833 4652 807 4653 833 4654 808 4655 808 4656 833 4657 834 4658 808 4659 834 4660 809 4661 809 4662 834 4663 835 4664 809 4665 835 4666 810 4667 810 4668 835 4669 836 4670 810 4671 836 4672 811 4673 811 4674 836 4675 837 4676 811 4677 837 4678 812 4679 812 4680 837 4681 838 4682 812 4683 838 4684 813 4685 813 4686 838 4687 839 4688 813 4689 839 4690 814 4691 814 4692 839 4693 840 4694 814 4695 840 4696 815 4697 815 4698 840 4699 841 4700 815 4701 841 4702 816 4703 816 4704 841 4705 842 4706 816 4707 842 4708 817 4709 817 4710 842 4711 843 4712 817 4713 843 4714 818 4715 818 4716 843 4717 844 4718 818 4719 844 4720 819 4721 819 4722 844 4723 845 4724 819 4725 845 4726 820 4727 820 4728 845 4729 846 4730 820 4731 846 4732 821 4733 821 4734 846 4735 847 4736 821 4737 847 4738 822 4739 822 4740 847 4741 848 4742 822 4743 848 4744 823 4745 823 4746 848 4747 849 4748 823 4749 849 4750 824 4751 825 4752 850 4753 851 4754 825 4755 851 4756 826 4757 826 4758 851 4759 852 4760 826 4761 852 4762 827 4763 827 4764 852 4765 853 4766 827 4767 853 4768 828 4769 828 4770 853 4771 854 4772 828 4773 854 4774 829 4775 829 4776 854 4777 855 4778 829 4779 855 4780 830 4781 830 4782 855 4783 856 4784 830 4785 856 4786 831 4787 831 4788 856 4789 857 4790 831 4791 857 4792 832 4793 832 4794 857 4795 858 4796 832 4797 858 4798 833 4799 833 4800 858 4801 859 4802 833 4803 859 4804 834 4805 834 4806 859 4807 860 4808 834 4809 860 4810 835 4811 835 4812 860 4813 861 4814 835 4815 861 4816 836 4817 836 4818 861 4819 862 4820 836 4821 862 4822 837 4823 837 4824 862 4825 863 4826 837 4827 863 4828 838 4829 838 4830 863 4831 864 4832 838 4833 864 4834 839 4835 839 4836 864 4837 865 4838 839 4839 865 4840 840 4841 840 4842 865 4843 866 4844 840 4845 866 4846 841 4847 841 4848 866 4849 867 4850 841 4851 867 4852 842 4853 842 4854 867 4855 868 4856 842 4857 868 4858 843 4859 843 4860 868 4861 869 4862 843 4863 869 4864 844 4865 844 4866 869 4867 870 4868 844 4869 870 4870 845 4871 845 4872 870 4873 871 4874 845 4875 871 4876 846 4877 846 4878 871 4879 872 4880 846 4881 872 4882 847 4883 847 4884 872 4885 873 4886 847 4887 873 4888 848 4889 848 4890 873 4891 874 4892 848 4893 874 4894 849 4895 850 4896 875 4897 876 4898 850 4899 876 4900 851 4901 851 4902 876 4903 877 4904 851 4905 877 4906 852 4907 852 4908 877 4909 878 4910 852 4911 878 4912 853 4913 853 4914 878 4915 879 4916 853 4917 879 4918 854 4919 854 4920 879 4921 880 4922 854 4923 880 4924 855 4925 855 4926 880 4927 881 4928 855 4929 881 4930 856 4931 856 4932 881 4933 882 4934 856 4935 882 4936 857 4937 857 4938 882 4939 883 4940 857 4941 883 4942 858 4943 858 4944 883 4945 884 4946 858 4947 884 4948 859 4949 859 4950 884 4951 885 4952 859 4953 885 4954 860 4955 860 4956 885 4957 886 4958 860 4959 886 4960 861 4961 861 4962 886 4963 887 4964 861 4965 887 4966 862 4967 862 4968 887 4969 888 4970 862 4971 888 4972 863 4973 863 4974 888 4975 889 4976 863 4977 889 4978 864 4979 864 4980 889 4981 890 4982 864 4983 890 4984 865 4985 865 4986 890 4987 891 4988 865 4989 891 4990 866 4991 866 4992 891 4993 892 4994 866 4995 892 4996 867 4997 867 4998 892 4999 893 5000 867 5001 893 5002 868 5003 868 5004 893 5005 894 5006 868 5007 894 5008 869 5009 869 5010 894 5011 895 5012 869 5013 895 5014 870 5015 870 5016 895 5017 896 5018 870 5019 896 5020 871 5021 871 5022 896 5023 897 5024 871 5025 897 5026 872 5027 872 5028 897 5029 898 5030 872 5031 898 5032 873 5033 873 5034 898 5035 899 5036 873 5037 899 5038 874 5039 875 5040 900 5041 901 5042 875 5043 901 5044 876 5045 876 5046 901 5047 902 5048 876 5049 902 5050 877 5051 877 5052 902 5053 903 5054 877 5055 903 5056 878 5057 878 5058 903 5059 904 5060 878 5061 904 5062 879 5063 879 5064 904 5065 905 5066 879 5067 905 5068 880 5069 880 5070 905 5071 906 5072 880 5073 906 5074 881 5075 881 5076 906 5077 907 5078 881 5079 907 5080 882 5081 882 5082 907 5083 908 5084 882 5085 908 5086 883 5087 883 5088 908 5089 909 5090 883 5091 909 5092 884 5093 884 5094 909 5095 910 5096 884 5097 910 5098 885 5099 885 5100 910 5101 911 5102 885 5103 911 5104 886 5105 886 5106 911 5107 912 5108 886 5109 912 5110 887 5111 887 5112 912 5113 913 5114 887 5115 913 5116 888 5117 888 5118 913 5119 914 5120 888 5121 914 5122 889 5123 889 5124 914 5125 915 5126 889 5127 915 5128 890 5129 890 5130 915 5131 916 5132 890 5133 916 5134 891 5135 891 5136 916 5137 917 5138 891 5139 917 5140 892 5141 892 5142 917 5143 918 5144 892 5145 918 5146 893 5147 893 5148 918 5149 919 5150 893 5151 919 5152 894 5153 894 5154 919 5155 920 5156 894 5157 920 5158 895 5159 895 5160 920 5161 921 5162 895 5163 921 5164 896 5165 896 5166 921 5167 922 5168 896 5169 922 5170 897 5171 897 5172 922 5173 923 5174 897 5175 923 5176 898 5177 898 5178 923 5179 924 5180 898 5181 924 5182 899 5183 900 5184 925 5185 926 5186 900 5187 926 5188 901 5189 901 5190 926 5191 927 5192 901 5193 927 5194 902 5195 902 5196 927 5197 928 5198 902 5199 928 5200 903 5201 903 5202 928 5203 929 5204 903 5205 929 5206 904 5207 904 5208 929 5209 930 5210 904 5211 930 5212 905 5213 905 5214 930 5215 931 5216 905 5217 931 5218 906 5219 906 5220 931 5221 932 5222 906 5223 932 5224 907 5225 907 5226 932 5227 933 5228 907 5229 933 5230 908 5231 908 5232 933 5233 934 5234 908 5235 934 5236 909 5237 909 5238 934 5239 935 5240 909 5241 935 5242 910 5243 910 5244 935 5245 936 5246 910 5247 936 5248 911 5249 911 5250 936 5251 937 5252 911 5253 937 5254 912 5255 912 5256 937 5257 938 5258 912 5259 938 5260 913 5261 913 5262 938 5263 939 5264 913 5265 939 5266 914 5267 914 5268 939 5269 940 5270 914 5271 940 5272 915 5273 915 5274 940 5275 941 5276 915 5277 941 5278 916 5279 916 5280 941 5281 942 5282 916 5283 942 5284 917 5285 917 5286 942 5287 943 5288 917 5289 943 5290 918 5291 918 5292 943 5293 944 5294 918 5295 944 5296 919 5297 919 5298 944 5299 945 5300 919 5301 945 5302 920 5303 920 5304 945 5305 946 5306 920 5307 946 5308 921 5309 921 5310 946 5311 947 5312 921 5313 947 5314 922 5315 922 5316 947 5317 948 5318 922 5319 948 5320 923 5321 923 5322 948 5323 949 5324 923 5325 949 5326 924 5327 925 5328 950 5329 951 5330 925 5331 951 5332 926 5333 926 5334 951 5335 952 5336 926 5337 952 5338 927 5339 927 5340 952 5341 953 5342 927 5343 953 5344 928 5345 928 5346 953 5347 954 5348 928 5349 954 5350 929 5351 929 5352 954 5353 955 5354 929 5355 955 5356 930 5357 930 5358 955 5359 956 5360 930 5361 956 5362 931 5363 931 5364 956 5365 957 5366 931 5367 957 5368 932 5369 932 5370 957 5371 958 5372 932 5373 958 5374 933 5375 933 5376 958 5377 959 5378 933 5379 959 5380 934 5381 934 5382 959 5383 960 5384 934 5385 960 5386 935 5387 935 5388 960 5389 961 5390 935 5391 961 5392 936 5393 936 5394 961 5395 962 5396 936 5397 962 5398 937 5399 937 5400 962 5401 963 5402 937 5403 963 5404 938 5405 938 5406 963 5407 964 5408 938 5409 964 5410 939 5411 939 5412 964 5413 965 5414 939 5415 965 5416 940 5417 940 5418 965 5419 966 5420 940 5421 966 5422 941 5423 941 5424 966 5425 967 5426 941 5427 967 5428 942 5429 942 5430 967 5431 968 5432 942 5433 968 5434 943 5435 943 5436 968 5437 969 5438 943 5439 969 5440 944 5441 944 5442 969 5443 970 5444 944 5445 970 5446 945 5447 945 5448 970 5449 971 5450 945 5451 971 5452 946 5453 946 5454 971 5455 972 5456 946 5457 972 5458 947 5459 947 5460 972 5461 973 5462 947 5463 973 5464 948 5465 948 5466 973 5467 974 5468 948 5469 974 5470 949 5471 950 5472 975 5473 976 5474 950 5475 976 5476 951 5477 951 5478 976 5479 977 5480 951 5481 977 5482 952 5483 952 5484 977 5485 978 5486 952 5487 978 5488 953 5489 953 5490 978 5491 979 5492 953 5493 979 5494 954 5495 954 5496 979 5497 980 5498 954 5499 980 5500 955 5501 955 5502 980 5503 981 5504 955 5505 981 5506 956 5507 956 5508 981 5509 982 5510 956 5511 982 5512 957 5513 957 5514 982 5515 983 5516 957 5517 983 5518 958 5519 958 5520 983 5521 984 5522 958 5523 984 5524 959 5525 959 5526 984 5527 985 5528 959 5529 985 5530 960 5531 960 5532 985 5533 986 5534 960 5535 986 5536 961 5537 961 5538 986 5539 987 5540 961 5541 987 5542 962 5543 962 5544 987 5545 988 5546 962 5547 988 5548 963 5549 963 5550 988 5551 989 5552 963 5553 989 5554 964 5555 964 5556 989 5557 990 5558 964 5559 990 5560 965 5561 965 5562 990 5563 991 5564 965 5565 991 5566 966 5567 966 5568 991 5569 992 5570 966 5571 992 5572 967 5573 967 5574 992 5575 993 5576 967 5577 993 5578 968 5579 968 5580 993 5581 994 5582 968 5583 994 5584 969 5585 969 5586 994 5587 995 5588 969 5589 995 5590 970 5591 970 5592 995 5593 996 5594 970 5595 996 5596 971 5597 971 5598 996 5599 997 5600 971 5601 997 5602 972 5603 972 5604 997 5605 998 5606 972 5607 998 5608 973 5609 973 5610 998 5611 999 5612 973 5613 999 5614 974 5615 1000 5616 0 5617 1 5618 1000 5619 1 5620 2 5621 1000 5622 2 5623 3 5624 1000 5625 3 5626 4 5627 1000 5628 4 5629 5 5630 1000 5631 5 5632 6 5633 1000 5634 6 5635 7 5636 1000 5637 7 5638 8 5639 1000 5640 8 5641 9 5642 1000 5643 9 5644 10 5645 1000 5646 10 5647 11 5648 1000 5649 11 5650 12 5651 1000 5652 12 5653 13 5654 1000 5655 13 5656 14 5657 1000 5658 14 5659 15 5660 1000 5661 15 5662 16 5663 1000 5664 16 5665 17 5666 1000 5667 17 5668 18 5669 1000 5670 18 5671 19 5672 1000 5673 19 5674 20 5675 1000 5676 20 5677 21 5678 1000 5679 21 5680 22 5681 1000 5682 22 5683 23 5684 1000 5685 23 5686 24 5687 1000 5688 24 5689 0 5690 1001 5691 976 5692 975 5693 1001 5694 977 5695 976 5696 1001 5697 978 5698 977 5699 1001 5700 979 5701 978 5702 1001 5703 980 5704 979 5705 1001 5706 981 5707 980 5708 1001 5709 982 5710 981 5711 1001 5712 983 5713 982 5714 1001 5715 984 5716 983 5717 1001 5718 985 5719 984 5720 1001 5721 986 5722 985 5723 1001 5724 987 5725 986 5726 1001 5727 988 5728 987 5729 1001 5730 989 5731 988 5732 1001 5733 990 5734 989 5735 1001 5736 991 5737 990 5738 1001 5739 992 5740 991 5741 1001 5742 993 5743 992 5744 1001 5745 994 5746 993 5747 1001 5748 995 5749 994 5750 1001 5751 996 5752 995 5753 1001 5754 997 5755 996 5756 1001 5757 998 5758 997 5759 1001 5760 999 5761 998 5762 1001 5763 975 5764 999 5765</p>
        </triangles>
      </mesh>
    </geometry>
  </library_geometries>

  <library_visual_scenes>
    <visual_scene id="Scene" name="Scene">
      <node id="hull_node" name="hull" type="NODE">
        <instance_geometry url="#hull">
          <bind_material>
            <technique_common>
              <instance_material symbol="hull_mat"
                                 target="#hull_mat"/>
            </technique_common>
          </bind_material>
        </instance_geometry>
      </node>
    </visual_scene>
  </library_visual_scenes>

  <scene>
    <instance_visual_scene url="#Scene"/>
  </scene>
</COLLADA>
