<?xml version="1.0" encoding="utf-8"?>
<COLLADA xmlns="http://www.collada.org/2005/11/COLLADASchema" version="1.4.1">
  <asset>
    <created>2025-01-01</created>
    <modified>2025-01-01</modified>
    <unit name="meter" meter="1"/>
    <up_axis>Z_UP</up_axis>
  </asset>

  <library_effects>
    <effect id="hull_small_effect">
      <profile_COMMON>
        <technique sid="common">
          <phong>
            <emission><color>0 0 0 1</color></emission>
            <ambient><color>0.1 0.1 0.1 1</color></ambient>
            <diffuse><color>0.2 0.55 0.7 1.0</color></diffuse>
            <specular><color>0.4 0.4 0.4 1</color></specular>
            <shininess><float>40</float></shininess>
          </phong>
        </technique>
      </profile_COMMON>
    </effect>
  </library_effects>

  <library_materials>
    <material id="hull_small_mat" name="hull_small_mat">
      <instance_effect url="#hull_small_effect"/>
    </material>
  </library_materials>

  <library_geometries>
    <geometry id="hull_small" name="hull_small">
      <mesh>
        <source id="hull_small-positions">
          <float_array id="hull_small-positions-array" count="1806">
            -2.000000 -0.080000 -0.000000 -2.000000 -0.078463 -0.016388 -2.000000 -0.073910 -0.032145 -2.000000 -0.066518 -0.046668 -2.000000 -0.056569 -0.059397 -2.000000 -0.044446 -0.069843 -2.000000 -0.030615 -0.077606 -2.000000 -0.015607 -0.082386 -2.000000 -0.000000 -0.084000 -2.000000 0.015607 -0.082386 -2.000000 0.030615 -0.077606 -2.000000 0.044446 -0.069843 -2.000000 0.056569 -0.059397 -2.000000 0.066518 -0.046668 -2.000000 0.073910 -0.032145 -2.000000 0.078463 -0.016388 -2.000000 0.080000 -0.000000 -2.000000 0.040000 0.000000 -2.000000 0.000000 0.000000 -2.000000 -0.040000 0.000000 -1.862069 -0.095981 -0.000000 -1.862069 -0.094137 -0.019661 -1.862069 -0.088675 -0.038567 -1.862069 -0.079805 -0.055990 -1.862069 -0.067869 -0.071262 -1.862069 -0.053324 -0.083796 -1.862069 -0.036730 -0.093109 -1.862069 -0.018725 -0.098844 -1.862069 -0.000000 -0.100780 -1.862069 0.018725 -0.098844 -1.862069 0.036730 -0.093109 -1.862069 0.053324 -0.083796 -1.862069 0.067869 -0.071262 -1.862069 0.079805 -0.055990 -1.862069 0.088675 -0.038567 -1.862069 0.094137 -0.019661 -1.862069 0.095981 -0.000000 -1.862069 0.047990 0.000000 -1.862069 0.000000 0.000000 -1.862069 -0.047990 0.000000 -1.724138 -0.110820 -0.000000 -1.724138 -0.108691 -0.022701 -1.724138 -0.102385 -0.044530 -1.724138 -0.092144 -0.064647 -1.724138 -0.078362 -0.082280 -1.724138 -0.061569 -0.096751 -1.724138 -0.042409 -0.107504 -1.724138 -0.021620 -0.114126 -1.724138 -0.000000 -0.116361 -1.724138 0.021620 -0.114126 -1.724138 0.042409 -0.107504 -1.724138 0.061569 -0.096751 -1.724138 0.078362 -0.082280 -1.724138 0.092144 -0.064647 -1.724138 0.102385 -0.044530 -1.724138 0.108691 -0.022701 -1.724138 0.110820 -0.000000 -1.724138 0.055410 0.000000 -1.724138 0.000000 0.000000 -1.724138 -0.055410 0.000000 -1.586207 -0.124518 -0.000000 -1.586207 -0.122126 -0.025507 -1.586207 -0.115040 -0.050034 -1.586207 -0.103533 -0.072638 -1.586207 -0.088048 -0.092450 -1.586207 -0.069179 -0.108710 -1.586207 -0.047651 -0.120792 -1.586207 -0.024292 -0.128232 -1.586207 -0.000000 -0.130744 -1.586207 0.024292 -0.128232 -1.586207 0.047651 -0.120792 -1.586207 0.069179 -0.108710 -1.586207 0.088048 -0.092450 -1.586207 0.103533 -0.072638 -1.586207 0.115040 -0.050034 -1.586207 0.122126 -0.025507 -1.586207 0.124518 -0.000000 -1.586207 0.062259 0.000000 -1.586207 0.000000 0.000000 -1.586207 -0.062259 0.000000 -1.448276 -0.137075 -0.000000 -1.448276 -0.134441 -0.028079 -1.448276 -0.126641 -0.055079 -1.448276 -0.113974 -0.079962 -1.448276 -0.096927 -0.101773 -1.448276 -0.076155 -0.119672 -1.448276 -0.052456 -0.132973 -1.448276 -0.026742 -0.141163 -1.448276 -0.000000 -0.143929 -1.448276 0.026742 -0.141163 -1.448276 0.052456 -0.132973 -1.448276 0.076155 -0.119672 -1.448276 0.096927 -0.101773 -1.448276 0.113974 -0.079962 -1.448276 0.126641 -0.055079 -1.448276 0.134441 -0.028079 -1.448276 0.137075 -0.000000 -1.448276 0.068537 0.000000 -1.448276 0.000000 0.000000 -1.448276 -0.068537 0.000000 -1.310345 -0.148490 -0.000000 -1.310345 -0.145637 -0.030417 -1.310345 -0.137187 -0.059666 -1.310345 -0.123465 -0.086621 -1.310345 -0.104998 -0.110248 -1.310345 -0.082497 -0.129638 -1.310345 -0.056825 -0.144046 -1.310345 -0.028969 -0.152919 -1.310345 -0.000000 -0.155914 -1.310345 0.028969 -0.152919 -1.310345 0.056825 -0.144046 -1.310345 0.082497 -0.129638 -1.310345 0.104998 -0.110248 -1.310345 0.123465 -0.086621 -1.310345 0.137187 -0.059666 -1.310345 0.145637 -0.030417 -1.310345 0.148490 -0.000000 -1.310345 0.074245 0.000000 -1.310345 0.000000 0.000000 -1.310345 -0.074245 0.000000 -1.172414 -0.158763 -0.000000 -1.172414 -0.155713 -0.032522 -1.172414 -0.146678 -0.063794 -1.172414 -0.132007 -0.092614 -1.172414 -0.112263 -0.117876 -1.172414 -0.088204 -0.138607 -1.172414 -0.060756 -0.154012 -1.172414 -0.030973 -0.163498 -1.172414 -0.000000 -0.166702 -1.172414 0.030973 -0.163498 -1.172414 0.060756 -0.154012 -1.172414 0.088204 -0.138607 -1.172414 0.112263 -0.117876 -1.172414 0.132007 -0.092614 -1.172414 0.146678 -0.063794 -1.172414 0.155713 -0.032522 -1.172414 0.158763 -0.000000 -1.172414 0.079382 0.000000 -1.172414 0.000000 0.000000 -1.172414 -0.079382 0.000000 -1.034483 -0.167895 -0.000000 -1.034483 -0.164669 -0.034392 -1.034483 -0.155115 -0.067463 -1.034483 -0.139600 -0.097942 -1.034483 -0.118720 -0.124656 -1.034483 -0.093278 -0.146580 -1.034483 -0.064251 -0.162871 -1.034483 -0.032755 -0.172903 -1.034483 -0.000000 -0.176290 -1.034483 0.032755 -0.172903 -1.034483 0.064251 -0.162871 -1.034483 0.093278 -0.146580 -1.034483 0.118720 -0.124656 -1.034483 0.139600 -0.097942 -1.034483 0.155115 -0.067463 -1.034483 0.164669 -0.034392 -1.034483 0.167895 -0.000000 -1.034483 0.083948 0.000000 -1.034483 0.000000 0.000000 -1.034483 -0.083948 0.000000 -0.896552 -0.175886 -0.000000 -0.896552 -0.172506 -0.036029 -0.896552 -0.162497 -0.070674 -0.896552 -0.146244 -0.102603 -0.896552 -0.124370 -0.130589 -0.896552 -0.097717 -0.153556 -0.896552 -0.067309 -0.170622 -0.896552 -0.034314 -0.181132 -0.896552 -0.000000 -0.184680 -0.896552 0.034314 -0.181132 -0.896552 0.067309 -0.170622 -0.896552 0.097717 -0.153556 -0.896552 0.124370 -0.130589 -0.896552 0.146244 -0.102603 -0.896552 0.162497 -0.070674 -0.896552 0.172506 -0.036029 -0.896552 0.175886 -0.000000 -0.896552 0.087943 0.000000 -0.896552 0.000000 0.000000 -0.896552 -0.087943 0.000000 -0.758621 -0.182735 -0.000000 -0.758621 -0.179224 -0.037432 -0.758621 -0.168825 -0.073426 -0.758621 -0.151938 -0.106598 -0.758621 -0.129213 -0.135674 -0.758621 -0.101522 -0.159535 -0.758621 -0.069930 -0.177266 -0.758621 -0.035650 -0.188185 -0.758621 -0.000000 -0.191872 -0.758621 0.035650 -0.188185 -0.758621 0.069930 -0.177266 -0.758621 0.101522 -0.159535 -0.758621 0.129213 -0.135674 -0.758621 0.151938 -0.106598 -0.758621 0.168825 -0.073426 -0.758621 0.179224 -0.037432 -0.758621 0.182735 -0.000000 -0.758621 0.091367 0.000000 -0.758621 0.000000 0.000000 -0.758621 -0.091367 0.000000 -0.620690 -0.188442 -0.000000 -0.620690 -0.184821 -0.038601 -0.620690 -0.174098 -0.075719 -0.620690 -0.156684 -0.109928 -0.620690 -0.133249 -0.139911 -0.620690 -0.104693 -0.164518 -0.620690 -0.072114 -0.182803 -0.620690 -0.036763 -0.194063 -0.620690 -0.000000 -0.197864 -0.620690 0.036763 -0.194063 -0.620690 0.072114 -0.182803 -0.620690 0.104693 -0.164518 -0.620690 0.133249 -0.139911 -0.620690 0.156684 -0.109928 -0.620690 0.174098 -0.075719 -0.620690 0.184821 -0.038601 -0.620690 0.188442 -0.000000 -0.620690 0.094221 0.000000 -0.620690 0.000000 0.000000 -0.620690 -0.094221 0.000000 -0.482759 -0.193008 -0.000000 -0.482759 -0.189300 -0.039537 -0.482759 -0.178316 -0.077554 -0.482759 -0.160481 -0.112591 -0.482759 -0.136477 -0.143301 -0.482759 -0.107230 -0.168505 -0.482759 -0.073861 -0.187232 -0.482759 -0.037654 -0.198765 -0.482759 -0.000000 -0.202659 -0.482759 0.037654 -0.198765 -0.482759 0.073861 -0.187232 -0.482759 0.107230 -0.168505 -0.482759 0.136477 -0.143301 -0.482759 0.160481 -0.112591 -0.482759 0.178316 -0.077554 -0.482759 0.189300 -0.039537 -0.482759 0.193008 -0.000000 -0.482759 0.096504 0.000000 -0.482759 0.000000 0.000000 -0.482759 -0.096504 0.000000 -0.344828 -0.196433 -0.000000 -0.344828 -0.192658 -0.040238 -0.344828 -0.181480 -0.078930 -0.344828 -0.163328 -0.114589 -0.344828 -0.138899 -0.145844 -0.344828 -0.109132 -0.171494 -0.344828 -0.075172 -0.190554 -0.344828 -0.038322 -0.202291 -0.344828 -0.000000 -0.206254 -0.344828 0.038322 -0.202291 -0.344828 0.075172 -0.190554 -0.344828 0.109132 -0.171494 -0.344828 0.138899 -0.145844 -0.344828 0.163328 -0.114589 -0.344828 0.181480 -0.078930 -0.344828 0.192658 -0.040238 -0.344828 0.196433 -0.000000 -0.344828 0.098216 0.000000 -0.344828 0.000000 0.000000 -0.344828 -0.098216 0.000000 -0.206897 -0.198716 -0.000000 -0.206897 -0.194898 -0.040706 -0.206897 -0.183589 -0.079848 -0.206897 -0.165226 -0.115921 -0.206897 -0.140513 -0.147539 -0.206897 -0.110401 -0.173487 -0.206897 -0.076045 -0.192769 -0.206897 -0.038768 -0.204642 -0.206897 -0.000000 -0.208652 -0.206897 0.038768 -0.204642 -0.206897 0.076045 -0.192769 -0.206897 0.110401 -0.173487 -0.206897 0.140513 -0.147539 -0.206897 0.165226 -0.115921 -0.206897 0.183589 -0.079848 -0.206897 0.194898 -0.040706 -0.206897 0.198716 -0.000000 -0.206897 0.099358 0.000000 -0.206897 0.000000 0.000000 -0.206897 -0.099358 0.000000 -0.068966 -0.199857 -0.000000 -0.068966 -0.196017 -0.040940 -0.068966 -0.184644 -0.080306 -0.068966 -0.166175 -0.116587 -0.068966 -0.141320 -0.148386 -0.068966 -0.111035 -0.174484 -0.068966 -0.076482 -0.193876 -0.068966 -0.038990 -0.205818 -0.068966 -0.000000 -0.209850 -0.068966 0.038990 -0.205818 -0.068966 0.076482 -0.193876 -0.068966 0.111035 -0.174484 -0.068966 0.141320 -0.148386 -0.068966 0.166175 -0.116587 -0.068966 0.184644 -0.080306 -0.068966 0.196017 -0.040940 -0.068966 0.199857 -0.000000 -0.068966 0.099929 0.000000 -0.068966 0.000000 0.000000 -0.068966 -0.099929 0.000000 0.068966 -0.199674 -0.000000 0.068966 -0.195837 -0.040902 0.068966 -0.184474 -0.080232 0.068966 -0.166022 -0.116479 0.068966 -0.141191 -0.148250 0.068966 -0.110933 -0.174324 0.068966 -0.076412 -0.193698 0.068966 -0.038954 -0.205629 0.068966 -0.000000 -0.209657 0.068966 0.038954 -0.205629 0.068966 0.076412 -0.193698 0.068966 0.110933 -0.174324 0.068966 0.141191 -0.148250 0.068966 0.166022 -0.116479 0.068966 0.184474 -0.080232 0.068966 0.195837 -0.040902 0.068966 0.199674 -0.000000 0.068966 0.099837 0.000000 0.068966 0.000000 0.000000 0.068966 -0.099837 0.000000 0.206897 -0.197642 -0.000000 0.206897 -0.193844 -0.040486 0.206897 -0.182597 -0.079416 0.206897 -0.164333 -0.115294 0.206897 -0.139754 -0.146741 0.206897 -0.109804 -0.172550 0.206897 -0.075634 -0.191727 0.206897 -0.038558 -0.203536 0.206897 -0.000000 -0.207524 0.206897 0.038558 -0.203536 0.206897 0.075634 -0.191727 0.206897 0.109804 -0.172550 0.206897 0.139754 -0.146741 0.206897 0.164333 -0.115294 0.206897 0.182597 -0.079416 0.206897 0.193844 -0.040486 0.206897 0.197642 -0.000000 0.206897 0.098821 0.000000 0.206897 0.000000 0.000000 0.206897 -0.098821 0.000000 0.344828 -0.194085 -0.000000 0.344828 -0.190356 -0.039757 0.344828 -0.179311 -0.077987 0.344828 -0.161376 -0.113219 0.344828 -0.137239 -0.144101 0.344828 -0.107828 -0.169445 0.344828 -0.074273 -0.188277 0.344828 -0.037864 -0.199873 0.344828 -0.000000 -0.203789 0.344828 0.037864 -0.199873 0.344828 0.074273 -0.188277 0.344828 0.107828 -0.169445 0.344828 0.137239 -0.144101 0.344828 0.161376 -0.113219 0.344828 0.179311 -0.077987 0.344828 0.190356 -0.039757 0.344828 0.194085 -0.000000 0.344828 0.097042 0.000000 0.344828 0.000000 0.000000 0.344828 -0.097042 0.000000 0.482759 -0.189161 -0.000000 0.482759 -0.185526 -0.038749 0.482759 -0.174762 -0.076008 0.482759 -0.157282 -0.110347 0.482759 -0.133757 -0.140445 0.482759 -0.105092 -0.165146 0.482759 -0.072389 -0.183500 0.482759 -0.036903 -0.194803 0.482759 -0.000000 -0.198619 0.482759 0.036903 -0.194803 0.482759 0.072389 -0.183500 0.482759 0.105092 -0.165146 0.482759 0.133757 -0.140445 0.482759 0.157282 -0.110347 0.482759 0.174762 -0.076008 0.482759 0.185526 -0.038749 0.482759 0.189161 -0.000000 0.482759 0.094581 0.000000 0.482759 0.000000 0.000000 0.482759 -0.094581 0.000000 0.620690 -0.182961 -0.000000 0.620690 -0.179445 -0.037479 0.620690 -0.169034 -0.073517 0.620690 -0.152126 -0.106730 0.620690 -0.129373 -0.135841 0.620690 -0.101648 -0.159733 0.620690 -0.070016 -0.177485 0.620690 -0.035694 -0.188418 0.620690 -0.000000 -0.192109 0.620690 0.035694 -0.188418 0.620690 0.070016 -0.177485 0.620690 0.101648 -0.159733 0.620690 0.129373 -0.135841 0.620690 0.152126 -0.106730 0.620690 0.169034 -0.073517 0.620690 0.179445 -0.037479 0.620690 0.182961 -0.000000 0.620690 0.091480 0.000000 0.620690 0.000000 0.000000 0.620690 -0.091480 0.000000 0.758621 -0.175548 -0.000000 0.758621 -0.172175 -0.035960 0.758621 -0.162185 -0.070538 0.758621 -0.145963 -0.102406 0.758621 -0.124131 -0.130338 0.758621 -0.097529 -0.153261 0.758621 -0.067179 -0.170294 0.758621 -0.034248 -0.180783 0.758621 -0.000000 -0.184325 0.758621 0.034248 -0.180783 0.758621 0.067179 -0.170294 0.758621 0.097529 -0.153261 0.758621 0.124131 -0.130338 0.758621 0.145963 -0.102406 0.758621 0.162185 -0.070538 0.758621 0.172175 -0.035960 0.758621 0.175548 -0.000000 0.758621 0.087774 0.000000 0.758621 0.000000 0.000000 0.758621 -0.087774 0.000000 0.896552 -0.166970 -0.000000 0.896552 -0.163762 -0.034203 0.896552 -0.154260 -0.067091 0.896552 -0.138830 -0.097402 0.896552 -0.118066 -0.123969 0.896552 -0.092764 -0.145772 0.896552 -0.063897 -0.161973 0.896552 -0.032574 -0.171950 0.896552 -0.000000 -0.175318 0.896552 0.032574 -0.171950 0.896552 0.063897 -0.161973 0.896552 0.092764 -0.145772 0.896552 0.118066 -0.123969 0.896552 0.138830 -0.097402 0.896552 0.154260 -0.067091 0.896552 0.163762 -0.034203 0.896552 0.166970 -0.000000 0.896552 0.083485 0.000000 0.896552 0.000000 0.000000 0.896552 -0.083485 0.000000 1.034483 -0.157266 -0.000000 1.034483 -0.154244 -0.032215 1.034483 -0.145295 -0.063192 1.034483 -0.130762 -0.091741 1.034483 -0.111204 -0.116764 1.034483 -0.087372 -0.137300 1.034483 -0.060183 -0.152559 1.034483 -0.030681 -0.161956 1.034483 -0.000000 -0.165129 1.034483 0.030681 -0.161956 1.034483 0.060183 -0.152559 1.034483 0.087372 -0.137300 1.034483 0.111204 -0.116764 1.034483 0.130762 -0.091741 1.034483 0.145295 -0.063192 1.034483 0.154244 -0.032215 1.034483 0.157266 -0.000000 1.034483 0.078633 0.000000 1.034483 0.000000 0.000000 1.034483 -0.078633 0.000000 1.172414 -0.146467 -0.000000 1.172414 -0.143653 -0.030003 1.172414 -0.135318 -0.058853 1.172414 -0.121783 -0.085441 1.172414 -0.103568 -0.108746 1.172414 -0.081373 -0.127872 1.172414 -0.056051 -0.142084 1.172414 -0.028574 -0.150836 1.172414 -0.000000 -0.153791 1.172414 0.028574 -0.150836 1.172414 0.056051 -0.142084 1.172414 0.081373 -0.127872 1.172414 0.103568 -0.108746 1.172414 0.121783 -0.085441 1.172414 0.135318 -0.058853 1.172414 0.143653 -0.030003 1.172414 0.146467 -0.000000 1.172414 0.073234 0.000000 1.172414 0.000000 0.000000 1.172414 -0.073234 0.000000 1.310345 -0.134601 -0.000000 1.310345 -0.132015 -0.027572 1.310345 -0.124356 -0.054085 1.310345 -0.111917 -0.078520 1.310345 -0.095178 -0.099936 1.310345 -0.074781 -0.117513 1.310345 -0.051510 -0.130573 1.310345 -0.026259 -0.138616 1.310345 -0.000000 -0.141332 1.310345 0.026259 -0.138616 1.310345 0.051510 -0.130573 1.310345 0.074781 -0.117513 1.310345 0.095178 -0.099936 1.310345 0.111917 -0.078520 1.310345 0.124356 -0.054085 1.310345 0.132015 -0.027572 1.310345 0.134601 -0.000000 1.310345 0.067301 0.000000 1.310345 0.000000 0.000000 1.310345 -0.067301 0.000000 1.448276 -0.121692 -0.000000 1.448276 -0.119354 -0.024928 1.448276 -0.112429 -0.048898 1.448276 -0.101183 -0.070989 1.448276 -0.086049 -0.090352 1.448276 -0.067608 -0.106242 1.448276 -0.046569 -0.118050 1.448276 -0.023741 -0.125321 1.448276 -0.000000 -0.127777 1.448276 0.023741 -0.125321 1.448276 0.046569 -0.118050 1.448276 0.067608 -0.106242 1.448276 0.086049 -0.090352 1.448276 0.101183 -0.070989 1.448276 0.112429 -0.048898 1.448276 0.119354 -0.024928 1.448276 0.121692 -0.000000 1.448276 0.060846 0.000000 1.448276 0.000000 0.000000 1.448276 -0.060846 0.000000 1.586207 -0.107759 -0.000000 1.586207 -0.105689 -0.022074 1.586207 -0.099557 -0.043300 1.586207 -0.089599 -0.062861 1.586207 -0.076197 -0.080007 1.586207 -0.059868 -0.094079 1.586207 -0.041238 -0.104535 1.586207 -0.021023 -0.110973 1.586207 -0.000000 -0.113147 1.586207 0.021023 -0.110973 1.586207 0.041238 -0.104535 1.586207 0.059868 -0.094079 1.586207 0.076197 -0.080007 1.586207 0.089599 -0.062861 1.586207 0.099557 -0.043300 1.586207 0.105689 -0.022074 1.586207 0.107759 -0.000000 1.586207 0.053880 0.000000 1.586207 0.000000 0.000000 1.586207 -0.053880 0.000000 1.724138 -0.092822 -0.000000 1.724138 -0.091039 -0.019014 1.724138 -0.085757 -0.037298 1.724138 -0.077179 -0.054148 1.724138 -0.065635 -0.068917 1.724138 -0.051569 -0.081038 1.724138 -0.035522 -0.090045 1.724138 -0.018109 -0.095591 1.724138 -0.000000 -0.097464 1.724138 0.018109 -0.095591 1.724138 0.035522 -0.090045 1.724138 0.051569 -0.081038 1.724138 0.065635 -0.068917 1.724138 0.077179 -0.054148 1.724138 0.085757 -0.037298 1.724138 0.091039 -0.019014 1.724138 0.092822 -0.000000 1.724138 0.046411 0.000000 1.724138 0.000000 0.000000 1.724138 -0.046411 0.000000 1.862069 -0.076898 -0.000000 1.862069 -0.075420 -0.015752 1.862069 -0.071044 -0.030899 1.862069 -0.063938 -0.044858 1.862069 -0.054375 -0.057094 1.862069 -0.042722 -0.067135 1.862069 -0.029427 -0.074596 1.862069 -0.015002 -0.079191 1.862069 -0.000000 -0.080743 1.862069 0.015002 -0.079191 1.862069 0.029427 -0.074596 1.862069 0.042722 -0.067135 1.862069 0.054375 -0.057094 1.862069 0.063938 -0.044858 1.862069 0.071044 -0.030899 1.862069 0.075420 -0.015752 1.862069 0.076898 -0.000000 1.862069 0.038449 0.000000 1.862069 0.000000 0.000000 1.862069 -0.038449 0.000000 2.000000 -0.060000 -0.000000 2.000000 -0.058847 -0.012291 2.000000 -0.055433 -0.024109 2.000000 -0.049888 -0.035001 2.000000 -0.042426 -0.044548 2.000000 -0.033334 -0.052383 2.000000 -0.022961 -0.058204 2.000000 -0.011705 -0.061789 2.000000 -0.000000 -0.063000 2.000000 0.011705 -0.061789 2.000000 0.022961 -0.058204 2.000000 0.033334 -0.052383 2.000000 0.042426 -0.044548 2.000000 0.049888 -0.035001 2.000000 0.055433 -0.024109 2.000000 0.058847 -0.012291 2.000000 0.060000 -0.000000 2.000000 0.030000 0.000000 2.000000 0.000000 0.000000 2.000000 -0.030000 0.000000 2.000000 -0.000000 -0.031982 -2.000000 -0.000000 -0.042643
          </float_array>
          <technique_common>
            <accessor source="#hull_small-positions-array" count="602" stride="3">
              <param name="X" type="float"/>
              <param name="Y" type="float"/>
              <param name="Z" type="float"/>
            </accessor>
          </technique_common>
        </source>

        <source id="hull_small-normals">
          <float_array id="hull_small-normals-array" count="11160">
            0.114596 0.989070 0.092776 0.114596 0.989070 0.092776 0.114596 0.989070 0.092776 0.114596 0.989070 0.092776 0.114596 0.989070 0.092776 0.114596 0.989070 0.092776 0.114991 0.954338 0.275710 0.114991 0.954338 0.275710 0.114991 0.954338 0.275710 0.114991 0.954338 0.275710 0.114991 0.954338 0.275710 0.114991 0.954338 0.275710 0.115731 0.885187 0.450612 0.115731 0.885187 0.450612 0.115731 0.885187 0.450612 0.115731 0.885187 0.450612 0.115731 0.885187 0.450612 0.115731 0.885187 0.450612 0.116720 0.782506 0.611605 0.116720 0.782506 0.611605 0.116720 0.782506 0.611605 0.116720 0.782506 0.611605 0.116720 0.782506 0.611605 0.116720 0.782506 0.611605 0.117821 0.648238 0.752267 0.117821 0.648238 0.752267 0.117821 0.648238 0.752267 0.117821 0.648238 0.752267 0.117821 0.648238 0.752267 0.117821 0.648238 0.752267 0.118865 0.485954 0.865863 0.118865 0.485954 0.865863 0.118865 0.485954 0.865863 0.118865 0.485954 0.865863 0.118865 0.485954 0.865863 0.118865 0.485954 0.865863 0.119683 0.301310 0.945985 0.119683 0.301310 0.945985 0.119683 0.301310 0.945985 0.119683 0.301310 0.945985 0.119683 0.301310 0.945985 0.119683 0.301310 0.945985 0.120133 0.102122 0.987491 0.120133 0.102122 0.987491 0.120133 0.102122 0.987491 0.120133 0.102122 0.987491 0.120133 0.102122 0.987491 0.120133 0.102122 0.987491 0.120133 -0.102122 0.987491 0.120133 -0.102122 0.987491 0.120133 -0.102122 0.987491 0.120133 -0.102122 0.987491 0.120133 -0.102122 0.987491 0.120133 -0.102122 0.987491 0.119683 -0.301310 0.945985 0.119683 -0.301310 0.945985 0.119683 -0.301310 0.945985 0.119683 -0.301310 0.945985 0.119683 -0.301310 0.945985 0.119683 -0.301310 0.945985 0.118865 -0.485954 0.865863 0.118865 -0.485954 0.865863 0.118865 -0.485954 0.865863 0.118865 -0.485954 0.865863 0.118865 -0.485954 0.865863 0.118865 -0.485954 0.865863 0.117821 -0.648238 0.752267 0.117821 -0.648238 0.752267 0.117821 -0.648238 0.752267 0.117821 -0.648238 0.752267 0.117821 -0.648238 0.752267 0.117821 -0.648238 0.752267 0.116720 -0.782506 0.611605 0.116720 -0.782506 0.611605 0.116720 -0.782506 0.611605 0.116720 -0.782506 0.611605 0.116720 -0.782506 0.611605 0.116720 -0.782506 0.611605 0.115731 -0.885187 0.450612 0.115731 -0.885187 0.450612 0.115731 -0.885187 0.450612 0.115731 -0.885187 0.450612 0.115731 -0.885187 0.450612 0.115731 -0.885187 0.450612 0.114991 -0.954338 0.275710 0.114991 -0.954338 0.275710 0.114991 -0.954338 0.275710 0.114991 -0.954338 0.275710 0.114991 -0.954338 0.275710 0.114991 -0.954338 0.275710 0.114596 -0.989070 0.092776 0.114596 -0.989070 0.092776 0.114596 -0.989070 0.092776 0.114596 -0.989070 0.092776 0.114596 -0.989070 0.092776 0.114596 -0.989070 0.092776 0.000000 -0.000000 -1.000000 0.000000 -0.000000 -1.000000 0.000000 -0.000000 -1.000000 0.000000 -0.000000 -1.000000 0.000000 -0.000000 -1.000000 0.000000 -0.000000 -1.000000 0.000000 0.000000 -1.000000 0.000000 0.000000 -1.000000 0.000000 0.000000 -1.000000 0.000000 0.000000 -1.000000 0.000000 0.000000 -1.000000 0.000000 0.000000 -1.000000 0.000000 0.000000 -1.000000 0.000000 0.000000 -1.000000 0.000000 0.000000 -1.000000 0.000000 0.000000 -1.000000 0.000000 0.000000 -1.000000 0.000000 0.000000 -1.000000 0.000000 0.000000 -1.000000 0.000000 0.000000 -1.000000 0.000000 0.000000 -1.000000 0.000000 0.000000 -1.000000 0.000000 0.000000 -1.000000 0.000000 0.000000 -1.000000 0.106507 0.989966 0.092860 0.106507 0.989966 0.092860 0.106507 0.989966 0.092860 0.106507 0.989966 0.092860 0.106507 0.989966 0.092860 0.106507 0.989966 0.092860 0.106874 0.955208 0.275961 0.106874 0.955208 0.275961 0.106874 0.955208 0.275961 0.106874 0.955208 0.275961 0.106874 0.955208 0.275961 0.106874 0.955208 0.275961 0.107564 0.886004 0.451028 0.107564 0.886004 0.451028 0.107564 0.886004 0.451028 0.107564 0.886004 0.451028 0.107564 0.886004 0.451028 0.107564 0.886004 0.451028 0.108485 0.783241 0.612180 0.108485 0.783241 0.612180 0.108485 0.783241 0.612180 0.108485 0.783241 0.612180 0.108485 0.783241 0.612180 0.108485 0.783241 0.612180 0.109510 0.648859 0.752987 0.109510 0.648859 0.752987 0.109510 0.648859 0.752987 0.109510 0.648859 0.752987 0.109510 0.648859 0.752987 0.109510 0.648859 0.752987 0.110482 0.486428 0.866707 0.110482 0.486428 0.866707 0.110482 0.486428 0.866707 0.110482 0.486428 0.866707 0.110482 0.486428 0.866707 0.110482 0.486428 0.866707 0.111244 0.301607 0.946920 0.111244 0.301607 0.946920 0.111244 0.301607 0.946920 0.111244 0.301607 0.946920 0.111244 0.301607 0.946920 0.111244 0.301607 0.946920 0.111664 0.102224 0.988474 0.111664 0.102224 0.988474 0.111664 0.102224 0.988474 0.111664 0.102224 0.988474 0.111664 0.102224 0.988474 0.111664 0.102224 0.988474 0.111664 -0.102224 0.988474 0.111664 -0.102224 0.988474 0.111664 -0.102224 0.988474 0.111664 -0.102224 0.988474 0.111664 -0.102224 0.988474 0.111664 -0.102224 0.988474 0.111244 -0.301607 0.946920 0.111244 -0.301607 0.946920 0.111244 -0.301607 0.946920 0.111244 -0.301607 0.946920 0.111244 -0.301607 0.946920 0.111244 -0.301607 0.946920 0.110482 -0.486428 0.866707 0.110482 -0.486428 0.866707 0.110482 -0.486428 0.866707 0.110482 -0.486428 0.866707 0.110482 -0.486428 0.866707 0.110482 -0.486428 0.866707 0.109510 -0.648859 0.752987 0.109510 -0.648859 0.752987 0.109510 -0.648859 0.752987 0.109510 -0.648859 0.752987 0.109510 -0.648859 0.752987 0.109510 -0.648859 0.752987 0.108485 -0.783241 0.612180 0.108485 -0.783241 0.612180 0.108485 -0.783241 0.612180 0.108485 -0.783241 0.612180 0.108485 -0.783241 0.612180 0.108485 -0.783241 0.612180 0.107564 -0.886004 0.451028 0.107564 -0.886004 0.451028 0.107564 -0.886004 0.451028 0.107564 -0.886004 0.451028 0.107564 -0.886004 0.451028 0.107564 -0.886004 0.451028 0.106874 -0.955208 0.275961 0.106874 -0.955208 0.275961 0.106874 -0.955208 0.275961 0.106874 -0.955208 0.275961 0.106874 -0.955208 0.275961 0.106874 -0.955208 0.275961 0.106507 -0.989966 0.092860 0.106507 -0.989966 0.092860 0.106507 -0.989966 0.092860 0.106507 -0.989966 0.092860 0.106507 -0.989966 0.092860 0.106507 -0.989966 0.092860 0.000000 -0.000000 -1.000000 0.000000 -0.000000 -1.000000 0.000000 -0.000000 -1.000000 0.000000 -0.000000 -1.000000 0.000000 -0.000000 -1.000000 0.000000 -0.000000 -1.000000 0.000000 0.000000 -1.000000 0.000000 0.000000 -1.000000 0.000000 0.000000 -1.000000 0.000000 0.000000 -1.000000 0.000000 0.000000 -1.000000 0.000000 0.000000 -1.000000 0.000000 0.000000 -1.000000 0.000000 0.000000 -1.000000 0.000000 0.000000 -1.000000 0.000000 0.000000 -1.000000 0.000000 0.000000 -1.000000 0.000000 0.000000 -1.000000 0.000000 0.000000 -1.000000 0.000000 0.000000 -1.000000 0.000000 0.000000 -1.000000 0.000000 0.000000 -1.000000 0.000000 0.000000 -1.000000 0.000000 0.000000 -1.000000 0.098396 0.990798 0.092938 0.098396 0.990798 0.092938 0.098396 0.990798 0.092938 0.098396 0.990798 0.092938 0.098396 0.990798 0.092938 0.098396 0.990798 0.092938 0.098737 0.956016 0.276195 0.098737 0.956016 0.276195 0.098737 0.956016 0.276195 0.098737 0.956016 0.276195 0.098737 0.956016 0.276195 0.098737 0.956016 0.276195 0.099375 0.886764 0.451414 0.099375 0.886764 0.451414 0.099375 0.886764 0.451414 0.099375 0.886764 0.451414 0.099375 0.886764 0.451414 0.099375 0.886764 0.451414 0.100227 0.783924 0.612714 0.100227 0.783924 0.612714 0.100227 0.783924 0.612714 0.100227 0.783924 0.612714 0.100227 0.783924 0.612714 0.100227 0.783924 0.612714 0.101176 0.649435 0.753656 0.101176 0.649435 0.753656 0.101176 0.649435 0.753656 0.101176 0.649435 0.753656 0.101176 0.649435 0.753656 0.101176 0.649435 0.753656 0.102076 0.486868 0.867491 0.102076 0.486868 0.867491 0.102076 0.486868 0.867491 0.102076 0.486868 0.867491 0.102076 0.486868 0.867491 0.102076 0.486868 0.867491 0.102781 0.301884 0.947788 0.102781 0.301884 0.947788 0.102781 0.301884 0.947788 0.102781 0.301884 0.947788 0.102781 0.301884 0.947788 0.102781 0.301884 0.947788 0.103169 0.102318 0.989387 0.103169 0.102318 0.989387 0.103169 0.102318 0.989387 0.103169 0.102318 0.989387 0.103169 0.102318 0.989387 0.103169 0.102318 0.989387 0.103169 -0.102318 0.989387 0.103169 -0.102318 0.989387 0.103169 -0.102318 0.989387 0.103169 -0.102318 0.989387 0.103169 -0.102318 0.989387 0.103169 -0.102318 0.989387 0.102781 -0.301884 0.947788 0.102781 -0.301884 0.947788 0.102781 -0.301884 0.947788 0.102781 -0.301884 0.947788 0.102781 -0.301884 0.947788 0.102781 -0.301884 0.947788 0.102076 -0.486868 0.867491 0.102076 -0.486868 0.867491 0.102076 -0.486868 0.867491 0.102076 -0.486868 0.867491 0.102076 -0.486868 0.867491 0.102076 -0.486868 0.867491 0.101176 -0.649435 0.753656 0.101176 -0.649435 0.753656 0.101176 -0.649435 0.753656 0.101176 -0.649435 0.753656 0.101176 -0.649435 0.753656 0.101176 -0.649435 0.753656 0.100227 -0.783924 0.612714 0.100227 -0.783924 0.612714 0.100227 -0.783924 0.612714 0.100227 -0.783924 0.612714 0.100227 -0.783924 0.612714 0.100227 -0.783924 0.612714 0.099375 -0.886764 0.451414 0.099375 -0.886764 0.451414 0.099375 -0.886764 0.451414 0.099375 -0.886764 0.451414 0.099375 -0.886764 0.451414 0.099375 -0.886764 0.451414 0.098737 -0.956016 0.276195 0.098737 -0.956016 0.276195 0.098737 -0.956016 0.276195 0.098737 -0.956016 0.276195 0.098737 -0.956016 0.276195 0.098737 -0.956016 0.276195 0.098396 -0.990798 0.092938 0.098396 -0.990798 0.092938 0.098396 -0.990798 0.092938 0.098396 -0.990798 0.092938 0.098396 -0.990798 0.092938 0.098396 -0.990798 0.092938 0.000000 -0.000000 -1.000000 0.000000 -0.000000 -1.000000 0.000000 -0.000000 -1.000000 0.000000 -0.000000 -1.000000 0.000000 -0.000000 -1.000000 0.000000 -0.000000 -1.000000 0.000000 0.000000 -1.000000 0.000000 0.000000 -1.000000 0.000000 0.000000 -1.000000 0.000000 0.000000 -1.000000 0.000000 0.000000 -1.000000 0.000000 0.000000 -1.000000 0.000000 0.000000 -1.000000 0.000000 0.000000 -1.000000 0.000000 0.000000 -1.000000 0.000000 0.000000 -1.000000 0.000000 0.000000 -1.000000 0.000000 0.000000 -1.000000 0.000000 0.000000 -1.000000 0.000000 0.000000 -1.000000 0.000000 0.000000 -1.000000 0.000000 0.000000 -1.000000 0.000000 0.000000 -1.000000 0.000000 0.000000 -1.000000 0.090267 0.991565 0.093010 0.090267 0.991565 0.093010 0.090267 0.991565 0.093010 0.090267 0.991565 0.093010 0.090267 0.991565 0.093010 0.090267 0.991565 0.093010 0.090579 0.956762 0.276410 0.090579 0.956762 0.276410 0.090579 0.956762 0.276410 0.090579 0.956762 0.276410 0.090579 0.956762 0.276410 0.090579 0.956762 0.276410 0.091165 0.887464 0.451771 0.091165 0.887464 0.451771 0.091165 0.887464 0.451771 0.091165 0.887464 0.451771 0.091165 0.887464 0.451771 0.091165 0.887464 0.451771 0.091949 0.784553 0.613206 0.091949 0.784553 0.613206 0.091949 0.784553 0.613206 0.091949 0.784553 0.613206 0.091949 0.784553 0.613206 0.091949 0.784553 0.613206 0.092820 0.649967 0.754273 0.092820 0.649967 0.754273 0.092820 0.649967 0.754273 0.092820 0.649967 0.754273 0.092820 0.649967 0.754273 0.092820 0.649967 0.754273 0.093647 0.487273 0.868214 0.093647 0.487273 0.868214 0.093647 0.487273 0.868214 0.093647 0.487273 0.868214 0.093647 0.487273 0.868214 0.093647 0.487273 0.868214 0.094296 0.302139 0.948589 0.094296 0.302139 0.948589 0.094296 0.302139 0.948589 0.094296 0.302139 0.948589 0.094296 0.302139 0.948589 0.094296 0.302139 0.948589 0.094652 0.102406 0.990229 0.094652 0.102406 0.990229 0.094652 0.102406 0.990229 0.094652 0.102406 0.990229 0.094652 0.102406 0.990229 0.094652 0.102406 0.990229 0.094652 -0.102406 0.990229 0.094652 -0.102406 0.990229 0.094652 -0.102406 0.990229 0.094652 -0.102406 0.990229 0.094652 -0.102406 0.990229 0.094652 -0.102406 0.990229 0.094296 -0.302139 0.948589 0.094296 -0.302139 0.948589 0.094296 -0.302139 0.948589 0.094296 -0.302139 0.948589 0.094296 -0.302139 0.948589 0.094296 -0.302139 0.948589 0.093647 -0.487273 0.868214 0.093647 -0.487273 0.868214 0.093647 -0.487273 0.868214 0.093647 -0.487273 0.868214 0.093647 -0.487273 0.868214 0.093647 -0.487273 0.868214 0.092820 -0.649967 0.754273 0.092820 -0.649967 0.754273 0.092820 -0.649967 0.754273 0.092820 -0.649967 0.754273 0.092820 -0.649967 0.754273 0.092820 -0.649967 0.754273 0.091949 -0.784553 0.613206 0.091949 -0.784553 0.613206 0.091949 -0.784553 0.613206 0.091949 -0.784553 0.613206 0.091949 -0.784553 0.613206 0.091949 -0.784553 0.613206 0.091165 -0.887464 0.451771 0.091165 -0.887464 0.451771 0.091165 -0.887464 0.451771 0.091165 -0.887464 0.451771 0.091165 -0.887464 0.451771 0.091165 -0.887464 0.451771 0.090579 -0.956762 0.276410 0.090579 -0.956762 0.276410 0.090579 -0.956762 0.276410 0.090579 -0.956762 0.276410 0.090579 -0.956762 0.276410 0.090579 -0.956762 0.276410 0.090267 -0.991565 0.093010 0.090267 -0.991565 0.093010 0.090267 -0.991565 0.093010 0.090267 -0.991565 0.093010 0.090267 -0.991565 0.093010 0.090267 -0.991565 0.093010 0.000000 -0.000000 -1.000000 0.000000 -0.000000 -1.000000 0.000000 -0.000000 -1.000000 0.000000 -0.000000 -1.000000 0.000000 -0.000000 -1.000000 0.000000 -0.000000 -1.000000 0.000000 0.000000 -1.000000 0.000000 0.000000 -1.000000 0.000000 0.000000 -1.000000 0.000000 0.000000 -1.000000 0.000000 0.000000 -1.000000 0.000000 0.000000 -1.000000 0.000000 0.000000 -1.000000 0.000000 0.000000 -1.000000 0.000000 0.000000 -1.000000 0.000000 0.000000 -1.000000 0.000000 0.000000 -1.000000 0.000000 0.000000 -1.000000 0.000000 0.000000 -1.000000 0.000000 0.000000 -1.000000 0.000000 0.000000 -1.000000 0.000000 0.000000 -1.000000 0.000000 0.000000 -1.000000 0.000000 0.000000 -1.000000 0.082119 0.992267 0.093076 0.082119 0.992267 0.093076 0.082119 0.992267 0.093076 0.082119 0.992267 0.093076 0.082119 0.992267 0.093076 0.082119 0.992267 0.093076 0.082403 0.957444 0.276607 0.082403 0.957444 0.276607 0.082403 0.957444 0.276607 0.082403 0.957444 0.276607 0.082403 0.957444 0.276607 0.082403 0.957444 0.276607 0.082938 0.888105 0.452097 0.082938 0.888105 0.452097 0.082938 0.888105 0.452097 0.082938 0.888105 0.452097 0.082938 0.888105 0.452097 0.082938 0.888105 0.452097 0.083651 0.785130 0.613656 0.083651 0.785130 0.613656 0.083651 0.785130 0.613656 0.083651 0.785130 0.613656 0.083651 0.785130 0.613656 0.083651 0.785130 0.613656 0.084445 0.650453 0.754838 0.084445 0.650453 0.754838 0.084445 0.650453 0.754838 0.084445 0.650453 0.754838 0.084445 0.650453 0.754838 0.084445 0.650453 0.754838 0.085199 0.487645 0.868875 0.085199 0.487645 0.868875 0.085199 0.487645 0.868875 0.085199 0.487645 0.868875 0.085199 0.487645 0.868875 0.085199 0.487645 0.868875 0.085790 0.302372 0.949321 0.085790 0.302372 0.949321 0.085790 0.302372 0.949321 0.085790 0.302372 0.949321 0.085790 0.302372 0.949321 0.085790 0.302372 0.949321 0.086114 0.102485 0.991000 0.086114 0.102485 0.991000 0.086114 0.102485 0.991000 0.086114 0.102485 0.991000 0.086114 0.102485 0.991000 0.086114 0.102485 0.991000 0.086114 -0.102485 0.991000 0.086114 -0.102485 0.991000 0.086114 -0.102485 0.991000 0.086114 -0.102485 0.991000 0.086114 -0.102485 0.991000 0.086114 -0.102485 0.991000 0.085790 -0.302372 0.949321 0.085790 -0.302372 0.949321 0.085790 -0.302372 0.949321 0.085790 -0.302372 0.949321 0.085790 -0.302372 0.949321 0.085790 -0.302372 0.949321 0.085199 -0.487645 0.868875 0.085199 -0.487645 0.868875 0.085199 -0.487645 0.868875 0.085199 -0.487645 0.868875 0.085199 -0.487645 0.868875 0.085199 -0.487645 0.868875 0.084445 -0.650453 0.754838 0.084445 -0.650453 0.754838 0.084445 -0.650453 0.754838 0.084445 -0.650453 0.754838 0.084445 -0.650453 0.754838 0.084445 -0.650453 0.754838 0.083651 -0.785130 0.613656 0.083651 -0.785130 0.613656 0.083651 -0.785130 0.613656 0.083651 -0.785130 0.613656 0.083651 -0.785130 0.613656 0.083651 -0.785130 0.613656 0.082938 -0.888105 0.452097 0.082938 -0.888105 0.452097 0.082938 -0.888105 0.452097 0.082938 -0.888105 0.452097 0.082938 -0.888105 0.452097 0.082938 -0.888105 0.452097 0.082403 -0.957444 0.276607 0.082403 -0.957444 0.276607 0.082403 -0.957444 0.276607 0.082403 -0.957444 0.276607 0.082403 -0.957444 0.276607 0.082403 -0.957444 0.276607 0.082119 -0.992267 0.093076 0.082119 -0.992267 0.093076 0.082119 -0.992267 0.093076 0.082119 -0.992267 0.093076 0.082119 -0.992267 0.093076 0.082119 -0.992267 0.093076 0.000000 -0.000000 -1.000000 0.000000 -0.000000 -1.000000 0.000000 -0.000000 -1.000000 0.000000 -0.000000 -1.000000 0.000000 -0.000000 -1.000000 0.000000 -0.000000 -1.000000 0.000000 0.000000 -1.000000 0.000000 0.000000 -1.000000 0.000000 0.000000 -1.000000 0.000000 0.000000 -1.000000 0.000000 0.000000 -1.000000 0.000000 0.000000 -1.000000 0.000000 0.000000 -1.000000 0.000000 0.000000 -1.000000 0.000000 0.000000 -1.000000 0.000000 0.000000 -1.000000 0.000000 0.000000 -1.000000 0.000000 0.000000 -1.000000 0.000000 0.000000 -1.000000 0.000000 0.000000 -1.000000 0.000000 0.000000 -1.000000 0.000000 0.000000 -1.000000 0.000000 0.000000 -1.000000 0.000000 0.000000 -1.000000 0.073954 0.992903 0.093136 0.073954 0.992903 0.093136 0.073954 0.992903 0.093136 0.073954 0.992903 0.093136 0.073954 0.992903 0.093136 0.073954 0.992903 0.093136 0.074211 0.958062 0.276786 0.074211 0.958062 0.276786 0.074211 0.958062 0.276786 0.074211 0.958062 0.276786 0.074211 0.958062 0.276786 0.074211 0.958062 0.276786 0.074693 0.888685 0.452393 0.074693 0.888685 0.452393 0.074693 0.888685 0.452393 0.074693 0.888685 0.452393 0.074693 0.888685 0.452393 0.074693 0.888685 0.452393 0.075336 0.785652 0.614065 0.075336 0.785652 0.614065 0.075336 0.785652 0.614065 0.075336 0.785652 0.614065 0.075336 0.785652 0.614065 0.075336 0.785652 0.614065 0.076052 0.650894 0.755349 0.076052 0.650894 0.755349 0.076052 0.650894 0.755349 0.076052 0.650894 0.755349 0.076052 0.650894 0.755349 0.076052 0.650894 0.755349 0.076732 0.487981 0.869475 0.076732 0.487981 0.869475 0.076732 0.487981 0.869475 0.076732 0.487981 0.869475 0.076732 0.487981 0.869475 0.076732 0.487981 0.869475 0.077265 0.302584 0.949986 0.077265 0.302584 0.949986 0.077265 0.302584 0.949986 0.077265 0.302584 0.949986 0.077265 0.302584 0.949986 0.077265 0.302584 0.949986 0.077558 0.102558 0.991699 0.077558 0.102558 0.991699 0.077558 0.102558 0.991699 0.077558 0.102558 0.991699 0.077558 0.102558 0.991699 0.077558 0.102558 0.991699 0.077558 -0.102558 0.991699 0.077558 -0.102558 0.991699 0.077558 -0.102558 0.991699 0.077558 -0.102558 0.991699 0.077558 -0.102558 0.991699 0.077558 -0.102558 0.991699 0.077265 -0.302584 0.949986 0.077265 -0.302584 0.949986 0.077265 -0.302584 0.949986 0.077265 -0.302584 0.949986 0.077265 -0.302584 0.949986 0.077265 -0.302584 0.949986 0.076732 -0.487981 0.869475 0.076732 -0.487981 0.869475 0.076732 -0.487981 0.869475 0.076732 -0.487981 0.869475 0.076732 -0.487981 0.869475 0.076732 -0.487981 0.869475 0.076052 -0.650894 0.755349 0.076052 -0.650894 0.755349 0.076052 -0.650894 0.755349 0.076052 -0.650894 0.755349 0.076052 -0.650894 0.755349 0.076052 -0.650894 0.755349 0.075336 -0.785652 0.614065 0.075336 -0.785652 0.614065 0.075336 -0.785652 0.614065 0.075336 -0.785652 0.614065 0.075336 -0.785652 0.614065 0.075336 -0.785652 0.614065 0.074693 -0.888685 0.452393 0.074693 -0.888685 0.452393 0.074693 -0.888685 0.452393 0.074693 -0.888685 0.452393 0.074693 -0.888685 0.452393 0.074693 -0.888685 0.452393 0.074211 -0.958062 0.276786 0.074211 -0.958062 0.276786 0.074211 -0.958062 0.276786 0.074211 -0.958062 0.276786 0.074211 -0.958062 0.276786 0.074211 -0.958062 0.276786 0.073954 -0.992903 0.093136 0.073954 -0.992903 0.093136 0.073954 -0.992903 0.093136 0.073954 -0.992903 0.093136 0.073954 -0.992903 0.093136 0.073954 -0.992903 0.093136 0.000000 -0.000000 -1.000000 0.000000 -0.000000 -1.000000 0.000000 -0.000000 -1.000000 0.000000 -0.000000 -1.000000 0.000000 -0.000000 -1.000000 0.000000 -0.000000 -1.000000 0.000000 0.000000 -1.000000 0.000000 0.000000 -1.000000 0.000000 0.000000 -1.000000 0.000000 0.000000 -1.000000 0.000000 0.000000 -1.000000 0.000000 0.000000 -1.000000 0.000000 0.000000 -1.000000 0.000000 0.000000 -1.000000 0.000000 0.000000 -1.000000 0.000000 0.000000 -1.000000 0.000000 0.000000 -1.000000 0.000000 0.000000 -1.000000 0.000000 0.000000 -1.000000 0.000000 0.000000 -1.000000 0.000000 0.000000 -1.000000 0.000000 0.000000 -1.000000 0.000000 0.000000 -1.000000 0.000000 0.000000 -1.000000 0.065775 0.993473 0.093189 0.065775 0.993473 0.093189 0.065775 0.993473 0.093189 0.065775 0.993473 0.093189 0.065775 0.993473 0.093189 0.065775 0.993473 0.093189 0.066003 0.958616 0.276946 0.066003 0.958616 0.276946 0.066003 0.958616 0.276946 0.066003 0.958616 0.276946 0.066003 0.958616 0.276946 0.066003 0.958616 0.276946 0.066432 0.889206 0.452658 0.066432 0.889206 0.452658 0.066432 0.889206 0.452658 0.066432 0.889206 0.452658 0.066432 0.889206 0.452658 0.066432 0.889206 0.452658 0.067006 0.786120 0.614431 0.067006 0.786120 0.614431 0.067006 0.786120 0.614431 0.067006 0.786120 0.614431 0.067006 0.786120 0.614431 0.067006 0.786120 0.614431 0.067643 0.651290 0.755808 0.067643 0.651290 0.755808 0.067643 0.651290 0.755808 0.067643 0.651290 0.755808 0.067643 0.651290 0.755808 0.067643 0.651290 0.755808 0.068248 0.488283 0.870013 0.068248 0.488283 0.870013 0.068248 0.488283 0.870013 0.068248 0.488283 0.870013 0.068248 0.488283 0.870013 0.068248 0.488283 0.870013 0.068723 0.302774 0.950582 0.068723 0.302774 0.950582 0.068723 0.302774 0.950582 0.068723 0.302774 0.950582 0.068723 0.302774 0.950582 0.068723 0.302774 0.950582 0.068984 0.102622 0.992326 0.068984 0.102622 0.992326 0.068984 0.102622 0.992326 0.068984 0.102622 0.992326 0.068984 0.102622 0.992326 0.068984 0.102622 0.992326 0.068984 -0.102622 0.992326 0.068984 -0.102622 0.992326 0.068984 -0.102622 0.992326 0.068984 -0.102622 0.992326 0.068984 -0.102622 0.992326 0.068984 -0.102622 0.992326 0.068723 -0.302774 0.950582 0.068723 -0.302774 0.950582 0.068723 -0.302774 0.950582 0.068723 -0.302774 0.950582 0.068723 -0.302774 0.950582 0.068723 -0.302774 0.950582 0.068248 -0.488283 0.870013 0.068248 -0.488283 0.870013 0.068248 -0.488283 0.870013 0.068248 -0.488283 0.870013 0.068248 -0.488283 0.870013 0.068248 -0.488283 0.870013 0.067643 -0.651290 0.755808 0.067643 -0.651290 0.755808 0.067643 -0.651290 0.755808 0.067643 -0.651290 0.755808 0.067643 -0.651290 0.755808 0.067643 -0.651290 0.755808 0.067006 -0.786120 0.614431 0.067006 -0.786120 0.614431 0.067006 -0.786120 0.614431 0.067006 -0.786120 0.614431 0.067006 -0.786120 0.614431 0.067006 -0.786120 0.614431 0.066432 -0.889206 0.452658 0.066432 -0.889206 0.452658 0.066432 -0.889206 0.452658 0.066432 -0.889206 0.452658 0.066432 -0.889206 0.452658 0.066432 -0.889206 0.452658 0.066003 -0.958616 0.276946 0.066003 -0.958616 0.276946 0.066003 -0.958616 0.276946 0.066003 -0.958616 0.276946 0.066003 -0.958616 0.276946 0.066003 -0.958616 0.276946 0.065775 -0.993473 0.093189 0.065775 -0.993473 0.093189 0.065775 -0.993473 0.093189 0.065775 -0.993473 0.093189 0.065775 -0.993473 0.093189 0.065775 -0.993473 0.093189 0.000000 -0.000000 -1.000000 0.000000 -0.000000 -1.000000 0.000000 -0.000000 -1.000000 0.000000 -0.000000 -1.000000 0.000000 -0.000000 -1.000000 0.000000 -0.000000 -1.000000 0.000000 0.000000 -1.000000 0.000000 0.000000 -1.000000 0.000000 0.000000 -1.000000 0.000000 0.000000 -1.000000 0.000000 0.000000 -1.000000 0.000000 0.000000 -1.000000 0.000000 0.000000 -1.000000 0.000000 0.000000 -1.000000 0.000000 0.000000 -1.000000 0.000000 0.000000 -1.000000 0.000000 0.000000 -1.000000 0.000000 0.000000 -1.000000 0.000000 0.000000 -1.000000 0.000000 0.000000 -1.000000 0.000000 0.000000 -1.000000 0.000000 0.000000 -1.000000 0.000000 0.000000 -1.000000 0.000000 0.000000 -1.000000 0.057582 0.993977 0.093236 0.057582 0.993977 0.093236 0.057582 0.993977 0.093236 0.057582 0.993977 0.093236 0.057582 0.993977 0.093236 0.057582 0.993977 0.093236 0.057783 0.959106 0.277087 0.057783 0.959106 0.277087 0.057783 0.959106 0.277087 0.057783 0.959106 0.277087 0.057783 0.959106 0.277087 0.057783 0.959106 0.277087 0.058158 0.889666 0.452892 0.058158 0.889666 0.452892 0.058158 0.889666 0.452892 0.058158 0.889666 0.452892 0.058158 0.889666 0.452892 0.058158 0.889666 0.452892 0.058661 0.786534 0.614754 0.058661 0.786534 0.614754 0.058661 0.786534 0.614754 0.058661 0.786534 0.614754 0.058661 0.786534 0.614754 0.058661 0.786534 0.614754 0.059219 0.651639 0.756214 0.059219 0.651639 0.756214 0.059219 0.651639 0.756214 0.059219 0.651639 0.756214 0.059219 0.651639 0.756214 0.059219 0.651639 0.756214 0.059750 0.488550 0.870488 0.059750 0.488550 0.870488 0.059750 0.488550 0.870488 0.059750 0.488550 0.870488 0.059750 0.488550 0.870488 0.059750 0.488550 0.870488 0.060166 0.302941 0.951108 0.060166 0.302941 0.951108 0.060166 0.302941 0.951108 0.060166 0.302941 0.951108 0.060166 0.302941 0.951108 0.060166 0.302941 0.951108 0.060394 0.102680 0.992879 0.060394 0.102680 0.992879 0.060394 0.102680 0.992879 0.060394 0.102680 0.992879 0.060394 0.102680 0.992879 0.060394 0.102680 0.992879 0.060394 -0.102680 0.992879 0.060394 -0.102680 0.992879 0.060394 -0.102680 0.992879 0.060394 -0.102680 0.992879 0.060394 -0.102680 0.992879 0.060394 -0.102680 0.992879 0.060166 -0.302941 0.951108 0.060166 -0.302941 0.951108 0.060166 -0.302941 0.951108 0.060166 -0.302941 0.951108 0.060166 -0.302941 0.951108 0.060166 -0.302941 0.951108 0.059750 -0.488550 0.870488 0.059750 -0.488550 0.870488 0.059750 -0.488550 0.870488 0.059750 -0.488550 0.870488 0.059750 -0.488550 0.870488 0.059750 -0.488550 0.870488 0.059219 -0.651639 0.756214 0.059219 -0.651639 0.756214 0.059219 -0.651639 0.756214 0.059219 -0.651639 0.756214 0.059219 -0.651639 0.756214 0.059219 -0.651639 0.756214 0.058661 -0.786534 0.614754 0.058661 -0.786534 0.614754 0.058661 -0.786534 0.614754 0.058661 -0.786534 0.614754 0.058661 -0.786534 0.614754 0.058661 -0.786534 0.614754 0.058158 -0.889666 0.452892 0.058158 -0.889666 0.452892 0.058158 -0.889666 0.452892 0.058158 -0.889666 0.452892 0.058158 -0.889666 0.452892 0.058158 -0.889666 0.452892 0.057783 -0.959106 0.277087 0.057783 -0.959106 0.277087 0.057783 -0.959106 0.277087 0.057783 -0.959106 0.277087 0.057783 -0.959106 0.277087 0.057783 -0.959106 0.277087 0.057582 -0.993977 0.093236 0.057582 -0.993977 0.093236 0.057582 -0.993977 0.093236 0.057582 -0.993977 0.093236 0.057582 -0.993977 0.093236 0.057582 -0.993977 0.093236 0.000000 -0.000000 -1.000000 0.000000 -0.000000 -1.000000 0.000000 -0.000000 -1.000000 0.000000 -0.000000 -1.000000 0.000000 -0.000000 -1.000000 0.000000 -0.000000 -1.000000 0.000000 0.000000 -1.000000 0.000000 0.000000 -1.000000 0.000000 0.000000 -1.000000 0.000000 0.000000 -1.000000 0.000000 0.000000 -1.000000 0.000000 0.000000 -1.000000 0.000000 0.000000 -1.000000 0.000000 0.000000 -1.000000 0.000000 0.000000 -1.000000 0.000000 0.000000 -1.000000 0.000000 0.000000 -1.000000 0.000000 0.000000 -1.000000 0.000000 0.000000 -1.000000 0.000000 0.000000 -1.000000 0.000000 0.000000 -1.000000 0.000000 0.000000 -1.000000 0.000000 0.000000 -1.000000 0.000000 0.000000 -1.000000 0.049378 0.994415 0.093277 0.049378 0.994415 0.093277 0.049378 0.994415 0.093277 0.049378 0.994415 0.093277 0.049378 0.994415 0.093277 0.049378 0.994415 0.093277 0.049550 0.959531 0.277210 0.049550 0.959531 0.277210 0.049550 0.959531 0.277210 0.049550 0.959531 0.277210 0.049550 0.959531 0.277210 0.049550 0.959531 0.277210 0.049872 0.890066 0.453095 0.049872 0.890066 0.453095 0.049872 0.890066 0.453095 0.049872 0.890066 0.453095 0.049872 0.890066 0.453095 0.049872 0.890066 0.453095 0.050304 0.786894 0.615035 0.050304 0.786894 0.615035 0.050304 0.786894 0.615035 0.050304 0.786894 0.615035 0.050304 0.786894 0.615035 0.050304 0.786894 0.615035 0.050783 0.651943 0.756566 0.050783 0.651943 0.756566 0.050783 0.651943 0.756566 0.050783 0.651943 0.756566 0.050783 0.651943 0.756566 0.050783 0.651943 0.756566 0.051238 0.488781 0.870900 0.051238 0.488781 0.870900 0.051238 0.488781 0.870900 0.051238 0.488781 0.870900 0.051238 0.488781 0.870900 0.051238 0.488781 0.870900 0.051595 0.303087 0.951565 0.051595 0.303087 0.951565 0.051595 0.303087 0.951565 0.051595 0.303087 0.951565 0.051595 0.303087 0.951565 0.051595 0.303087 0.951565 0.051792 0.102729 0.993360 0.051792 0.102729 0.993360 0.051792 0.102729 0.993360 0.051792 0.102729 0.993360 0.051792 0.102729 0.993360 0.051792 0.102729 0.993360 0.051792 -0.102729 0.993360 0.051792 -0.102729 0.993360 0.051792 -0.102729 0.993360 0.051792 -0.102729 0.993360 0.051792 -0.102729 0.993360 0.051792 -0.102729 0.993360 0.051595 -0.303087 0.951565 0.051595 -0.303087 0.951565 0.051595 -0.303087 0.951565 0.051595 -0.303087 0.951565 0.051595 -0.303087 0.951565 0.051595 -0.303087 0.951565 0.051238 -0.488781 0.870900 0.051238 -0.488781 0.870900 0.051238 -0.488781 0.870900 0.051238 -0.488781 0.870900 0.051238 -0.488781 0.870900 0.051238 -0.488781 0.870900 0.050783 -0.651943 0.756566 0.050783 -0.651943 0.756566 0.050783 -0.651943 0.756566 0.050783 -0.651943 0.756566 0.050783 -0.651943 0.756566 0.050783 -0.651943 0.756566 0.050304 -0.786894 0.615035 0.050304 -0.786894 0.615035 0.050304 -0.786894 0.615035 0.050304 -0.786894 0.615035 0.050304 -0.786894 0.615035 0.050304 -0.786894 0.615035 0.049872 -0.890066 0.453095 0.049872 -0.890066 0.453095 0.049872 -0.890066 0.453095 0.049872 -0.890066 0.453095 0.049872 -0.890066 0.453095 0.049872 -0.890066 0.453095 0.049550 -0.959531 0.277210 0.049550 -0.959531 0.277210 0.049550 -0.959531 0.277210 0.049550 -0.959531 0.277210 0.049550 -0.959531 0.277210 0.049550 -0.959531 0.277210 0.049378 -0.994415 0.093277 0.049378 -0.994415 0.093277 0.049378 -0.994415 0.093277 0.049378 -0.994415 0.093277 0.049378 -0.994415 0.093277 0.049378 -0.994415 0.093277 0.000000 -0.000000 -1.000000 0.000000 -0.000000 -1.000000 0.000000 -0.000000 -1.000000 0.000000 -0.000000 -1.000000 0.000000 -0.000000 -1.000000 0.000000 -0.000000 -1.000000 0.000000 0.000000 -1.000000 0.000000 0.000000 -1.000000 0.000000 0.000000 -1.000000 0.000000 0.000000 -1.000000 0.000000 0.000000 -1.000000 0.000000 0.000000 -1.000000 0.000000 0.000000 -1.000000 0.000000 0.000000 -1.000000 0.000000 0.000000 -1.000000 0.000000 0.000000 -1.000000 0.000000 0.000000 -1.000000 0.000000 0.000000 -1.000000 0.000000 0.000000 -1.000000 0.000000 0.000000 -1.000000 0.000000 0.000000 -1.000000 0.000000 0.000000 -1.000000 0.000000 0.000000 -1.000000 0.000000 0.000000 -1.000000 0.041164 0.994786 0.093312 0.041164 0.994786 0.093312 0.041164 0.994786 0.093312 0.041164 0.994786 0.093312 0.041164 0.994786 0.093312 0.041164 0.994786 0.093312 0.041307 0.959891 0.277314 0.041307 0.959891 0.277314 0.041307 0.959891 0.277314 0.041307 0.959891 0.277314 0.041307 0.959891 0.277314 0.041307 0.959891 0.277314 0.041576 0.890404 0.453268 0.041576 0.890404 0.453268 0.041576 0.890404 0.453268 0.041576 0.890404 0.453268 0.041576 0.890404 0.453268 0.041576 0.890404 0.453268 0.041936 0.787198 0.615273 0.041936 0.787198 0.615273 0.041936 0.787198 0.615273 0.041936 0.787198 0.615273 0.041936 0.787198 0.615273 0.041936 0.787198 0.615273 0.042336 0.652200 0.756864 0.042336 0.652200 0.756864 0.042336 0.652200 0.756864 0.042336 0.652200 0.756864 0.042336 0.652200 0.756864 0.042336 0.652200 0.756864 0.042716 0.488977 0.871250 0.042716 0.488977 0.871250 0.042716 0.488977 0.871250 0.042716 0.488977 0.871250 0.042716 0.488977 0.871250 0.042716 0.488977 0.871250 0.043014 0.303210 0.951952 0.043014 0.303210 0.951952 0.043014 0.303210 0.951952 0.043014 0.303210 0.951952 0.043014 0.303210 0.951952 0.043014 0.303210 0.951952 0.043177 0.102771 0.993767 0.043177 0.102771 0.993767 0.043177 0.102771 0.993767 0.043177 0.102771 0.993767 0.043177 0.102771 0.993767 0.043177 0.102771 0.993767 0.043177 -0.102771 0.993767 0.043177 -0.102771 0.993767 0.043177 -0.102771 0.993767 0.043177 -0.102771 0.993767 0.043177 -0.102771 0.993767 0.043177 -0.102771 0.993767 0.043014 -0.303210 0.951952 0.043014 -0.303210 0.951952 0.043014 -0.303210 0.951952 0.043014 -0.303210 0.951952 0.043014 -0.303210 0.951952 0.043014 -0.303210 0.951952 0.042716 -0.488977 0.871250 0.042716 -0.488977 0.871250 0.042716 -0.488977 0.871250 0.042716 -0.488977 0.871250 0.042716 -0.488977 0.871250 0.042716 -0.488977 0.871250 0.042336 -0.652200 0.756864 0.042336 -0.652200 0.756864 0.042336 -0.652200 0.756864 0.042336 -0.652200 0.756864 0.042336 -0.652200 0.756864 0.042336 -0.652200 0.756864 0.041936 -0.787198 0.615273 0.041936 -0.787198 0.615273 0.041936 -0.787198 0.615273 0.041936 -0.787198 0.615273 0.041936 -0.787198 0.615273 0.041936 -0.787198 0.615273 0.041576 -0.890404 0.453268 0.041576 -0.890404 0.453268 0.041576 -0.890404 0.453268 0.041576 -0.890404 0.453268 0.041576 -0.890404 0.453268 0.041576 -0.890404 0.453268 0.041307 -0.959891 0.277314 0.041307 -0.959891 0.277314 0.041307 -0.959891 0.277314 0.041307 -0.959891 0.277314 0.041307 -0.959891 0.277314 0.041307 -0.959891 0.277314 0.041164 -0.994786 0.093312 0.041164 -0.994786 0.093312 0.041164 -0.994786 0.093312 0.041164 -0.994786 0.093312 0.041164 -0.994786 0.093312 0.041164 -0.994786 0.093312 0.000000 -0.000000 -1.000000 0.000000 -0.000000 -1.000000 0.000000 -0.000000 -1.000000 0.000000 -0.000000 -1.000000 0.000000 -0.000000 -1.000000 0.000000 -0.000000 -1.000000 0.000000 0.000000 -1.000000 0.000000 0.000000 -1.000000 0.000000 0.000000 -1.000000 0.000000 0.000000 -1.000000 0.000000 0.000000 -1.000000 0.000000 0.000000 -1.000000 0.000000 0.000000 -1.000000 0.000000 0.000000 -1.000000 0.000000 0.000000 -1.000000 0.000000 0.000000 -1.000000 0.000000 0.000000 -1.000000 0.000000 0.000000 -1.000000 0.000000 0.000000 -1.000000 0.000000 0.000000 -1.000000 0.000000 0.000000 -1.000000 0.000000 0.000000 -1.000000 0.000000 0.000000 -1.000000 0.000000 0.000000 -1.000000 0.032941 0.995089 0.093341 0.032941 0.995089 0.093341 0.032941 0.995089 0.093341 0.032941 0.995089 0.093341 0.032941 0.995089 0.093341 0.032941 0.995089 0.093341 0.033056 0.960186 0.277399 0.033056 0.960186 0.277399 0.033056 0.960186 0.277399 0.033056 0.960186 0.277399 0.033056 0.960186 0.277399 0.033056 0.960186 0.277399 0.033271 0.890681 0.453409 0.033271 0.890681 0.453409 0.033271 0.890681 0.453409 0.033271 0.890681 0.453409 0.033271 0.890681 0.453409 0.033271 0.890681 0.453409 0.033559 0.787447 0.615468 0.033559 0.787447 0.615468 0.033559 0.787447 0.615468 0.033559 0.787447 0.615468 0.033559 0.787447 0.615468 0.033559 0.787447 0.615468 0.033880 0.652410 0.757109 0.033880 0.652410 0.757109 0.033880 0.652410 0.757109 0.033880 0.652410 0.757109 0.033880 0.652410 0.757109 0.033880 0.652410 0.757109 0.034184 0.489138 0.871536 0.034184 0.489138 0.871536 0.034184 0.489138 0.871536 0.034184 0.489138 0.871536 0.034184 0.489138 0.871536 0.034184 0.489138 0.871536 0.034422 0.303311 0.952270 0.034422 0.303311 0.952270 0.034422 0.303311 0.952270 0.034422 0.303311 0.952270 0.034422 0.303311 0.952270 0.034422 0.303311 0.952270 0.034554 0.102806 0.994101 0.034554 0.102806 0.994101 0.034554 0.102806 0.994101 0.034554 0.102806 0.994101 0.034554 0.102806 0.994101 0.034554 0.102806 0.994101 0.034554 -0.102806 0.994101 0.034554 -0.102806 0.994101 0.034554 -0.102806 0.994101 0.034554 -0.102806 0.994101 0.034554 -0.102806 0.994101 0.034554 -0.102806 0.994101 0.034422 -0.303311 0.952270 0.034422 -0.303311 0.952270 0.034422 -0.303311 0.952270 0.034422 -0.303311 0.952270 0.034422 -0.303311 0.952270 0.034422 -0.303311 0.952270 0.034184 -0.489138 0.871536 0.034184 -0.489138 0.871536 0.034184 -0.489138 0.871536 0.034184 -0.489138 0.871536 0.034184 -0.489138 0.871536 0.034184 -0.489138 0.871536 0.033880 -0.652410 0.757109 0.033880 -0.652410 0.757109 0.033880 -0.652410 0.757109 0.033880 -0.652410 0.757109 0.033880 -0.652410 0.757109 0.033880 -0.652410 0.757109 0.033559 -0.787447 0.615468 0.033559 -0.787447 0.615468 0.033559 -0.787447 0.615468 0.033559 -0.787447 0.615468 0.033559 -0.787447 0.615468 0.033559 -0.787447 0.615468 0.033271 -0.890681 0.453409 0.033271 -0.890681 0.453409 0.033271 -0.890681 0.453409 0.033271 -0.890681 0.453409 0.033271 -0.890681 0.453409 0.033271 -0.890681 0.453409 0.033056 -0.960186 0.277399 0.033056 -0.960186 0.277399 0.033056 -0.960186 0.277399 0.033056 -0.960186 0.277399 0.033056 -0.960186 0.277399 0.033056 -0.960186 0.277399 0.032941 -0.995089 0.093341 0.032941 -0.995089 0.093341 0.032941 -0.995089 0.093341 0.032941 -0.995089 0.093341 0.032941 -0.995089 0.093341 0.032941 -0.995089 0.093341 0.000000 -0.000000 -1.000000 0.000000 -0.000000 -1.000000 0.000000 -0.000000 -1.000000 0.000000 -0.000000 -1.000000 0.000000 -0.000000 -1.000000 0.000000 -0.000000 -1.000000 0.000000 0.000000 -1.000000 0.000000 0.000000 -1.000000 0.000000 0.000000 -1.000000 0.000000 0.000000 -1.000000 0.000000 0.000000 -1.000000 0.000000 0.000000 -1.000000 0.000000 0.000000 -1.000000 0.000000 0.000000 -1.000000 0.000000 0.000000 -1.000000 0.000000 0.000000 -1.000000 0.000000 0.000000 -1.000000 0.000000 0.000000 -1.000000 0.000000 0.000000 -1.000000 0.000000 0.000000 -1.000000 0.000000 0.000000 -1.000000 0.000000 0.000000 -1.000000 0.000000 0.000000 -1.000000 0.000000 0.000000 -1.000000 0.024712 0.995325 0.093363 0.024712 0.995325 0.093363 0.024712 0.995325 0.093363 0.024712 0.995325 0.093363 0.024712 0.995325 0.093363 0.024712 0.995325 0.093363 0.024798 0.960415 0.277466 0.024798 0.960415 0.277466 0.024798 0.960415 0.277466 0.024798 0.960415 0.277466 0.024798 0.960415 0.277466 0.024798 0.960415 0.277466 0.024960 0.890897 0.453519 0.024960 0.890897 0.453519 0.024960 0.890897 0.453519 0.024960 0.890897 0.453519 0.024960 0.890897 0.453519 0.024960 0.890897 0.453519 0.025176 0.787641 0.615620 0.025176 0.787641 0.615620 0.025176 0.787641 0.615620 0.025176 0.787641 0.615620 0.025176 0.787641 0.615620 0.025176 0.787641 0.615620 0.025416 0.652574 0.757299 0.025416 0.652574 0.757299 0.025416 0.652574 0.757299 0.025416 0.652574 0.757299 0.025416 0.652574 0.757299 0.025416 0.652574 0.757299 0.025644 0.489263 0.871759 0.025644 0.489263 0.871759 0.025644 0.489263 0.871759 0.025644 0.489263 0.871759 0.025644 0.489263 0.871759 0.025644 0.489263 0.871759 0.025824 0.303390 0.952517 0.025824 0.303390 0.952517 0.025824 0.303390 0.952517 0.025824 0.303390 0.952517 0.025824 0.303390 0.952517 0.025824 0.303390 0.952517 0.025922 0.102833 0.994361 0.025922 0.102833 0.994361 0.025922 0.102833 0.994361 0.025922 0.102833 0.994361 0.025922 0.102833 0.994361 0.025922 0.102833 0.994361 0.025922 -0.102833 0.994361 0.025922 -0.102833 0.994361 0.025922 -0.102833 0.994361 0.025922 -0.102833 0.994361 0.025922 -0.102833 0.994361 0.025922 -0.102833 0.994361 0.025824 -0.303390 0.952517 0.025824 -0.303390 0.952517 0.025824 -0.303390 0.952517 0.025824 -0.303390 0.952517 0.025824 -0.303390 0.952517 0.025824 -0.303390 0.952517 0.025644 -0.489263 0.871759 0.025644 -0.489263 0.871759 0.025644 -0.489263 0.871759 0.025644 -0.489263 0.871759 0.025644 -0.489263 0.871759 0.025644 -0.489263 0.871759 0.025416 -0.652574 0.757299 0.025416 -0.652574 0.757299 0.025416 -0.652574 0.757299 0.025416 -0.652574 0.757299 0.025416 -0.652574 0.757299 0.025416 -0.652574 0.757299 0.025176 -0.787641 0.615620 0.025176 -0.787641 0.615620 0.025176 -0.787641 0.615620 0.025176 -0.787641 0.615620 0.025176 -0.787641 0.615620 0.025176 -0.787641 0.615620 0.024960 -0.890897 0.453519 0.024960 -0.890897 0.453519 0.024960 -0.890897 0.453519 0.024960 -0.890897 0.453519 0.024960 -0.890897 0.453519 0.024960 -0.890897 0.453519 0.024798 -0.960415 0.277466 0.024798 -0.960415 0.277466 0.024798 -0.960415 0.277466 0.024798 -0.960415 0.277466 0.024798 -0.960415 0.277466 0.024798 -0.960415 0.277466 0.024712 -0.995325 0.093363 0.024712 -0.995325 0.093363 0.024712 -0.995325 0.093363 0.024712 -0.995325 0.093363 0.024712 -0.995325 0.093363 0.024712 -0.995325 0.093363 0.000000 -0.000000 -1.000000 0.000000 -0.000000 -1.000000 0.000000 -0.000000 -1.000000 0.000000 -0.000000 -1.000000 0.000000 -0.000000 -1.000000 0.000000 -0.000000 -1.000000 0.000000 0.000000 -1.000000 0.000000 0.000000 -1.000000 0.000000 0.000000 -1.000000 0.000000 0.000000 -1.000000 0.000000 0.000000 -1.000000 0.000000 0.000000 -1.000000 0.000000 0.000000 -1.000000 0.000000 0.000000 -1.000000 0.000000 0.000000 -1.000000 0.000000 0.000000 -1.000000 0.000000 0.000000 -1.000000 0.000000 0.000000 -1.000000 0.000000 0.000000 -1.000000 0.000000 0.000000 -1.000000 0.000000 0.000000 -1.000000 0.000000 0.000000 -1.000000 0.000000 0.000000 -1.000000 0.000000 0.000000 -1.000000 0.016477 0.995494 0.093379 0.016477 0.995494 0.093379 0.016477 0.995494 0.093379 0.016477 0.995494 0.093379 0.016477 0.995494 0.093379 0.016477 0.995494 0.093379 0.016535 0.960580 0.277513 0.016535 0.960580 0.277513 0.016535 0.960580 0.277513 0.016535 0.960580 0.277513 0.016535 0.960580 0.277513 0.016535 0.960580 0.277513 0.016643 0.891051 0.453597 0.016643 0.891051 0.453597 0.016643 0.891051 0.453597 0.016643 0.891051 0.453597 0.016643 0.891051 0.453597 0.016643 0.891051 0.453597 0.016787 0.787780 0.615728 0.016787 0.787780 0.615728 0.016787 0.787780 0.615728 0.016787 0.787780 0.615728 0.016787 0.787780 0.615728 0.016787 0.787780 0.615728 0.016947 0.652691 0.757435 0.016947 0.652691 0.757435 0.016947 0.652691 0.757435 0.016947 0.652691 0.757435 0.016947 0.652691 0.757435 0.016947 0.652691 0.757435 0.017099 0.489353 0.871918 0.017099 0.489353 0.871918 0.017099 0.489353 0.871918 0.017099 0.489353 0.871918 0.017099 0.489353 0.871918 0.017099 0.489353 0.871918 0.017219 0.303446 0.952693 0.017219 0.303446 0.952693 0.017219 0.303446 0.952693 0.017219 0.303446 0.952693 0.017219 0.303446 0.952693 0.017219 0.303446 0.952693 0.017285 0.102852 0.994546 0.017285 0.102852 0.994546 0.017285 0.102852 0.994546 0.017285 0.102852 0.994546 0.017285 0.102852 0.994546 0.017285 0.102852 0.994546 0.017285 -0.102852 0.994546 0.017285 -0.102852 0.994546 0.017285 -0.102852 0.994546 0.017285 -0.102852 0.994546 0.017285 -0.102852 0.994546 0.017285 -0.102852 0.994546 0.017219 -0.303446 0.952693 0.017219 -0.303446 0.952693 0.017219 -0.303446 0.952693 0.017219 -0.303446 0.952693 0.017219 -0.303446 0.952693 0.017219 -0.303446 0.952693 0.017099 -0.489353 0.871918 0.017099 -0.489353 0.871918 0.017099 -0.489353 0.871918 0.017099 -0.489353 0.871918 0.017099 -0.489353 0.871918 0.017099 -0.489353 0.871918 0.016947 -0.652691 0.757435 0.016947 -0.652691 0.757435 0.016947 -0.652691 0.757435 0.016947 -0.652691 0.757435 0.016947 -0.652691 0.757435 0.016947 -0.652691 0.757435 0.016787 -0.787780 0.615728 0.016787 -0.787780 0.615728 0.016787 -0.787780 0.615728 0.016787 -0.787780 0.615728 0.016787 -0.787780 0.615728 0.016787 -0.787780 0.615728 0.016643 -0.891051 0.453597 0.016643 -0.891051 0.453597 0.016643 -0.891051 0.453597 0.016643 -0.891051 0.453597 0.016643 -0.891051 0.453597 0.016643 -0.891051 0.453597 0.016535 -0.960580 0.277513 0.016535 -0.960580 0.277513 0.016535 -0.960580 0.277513 0.016535 -0.960580 0.277513 0.016535 -0.960580 0.277513 0.016535 -0.960580 0.277513 0.016477 -0.995494 0.093379 0.016477 -0.995494 0.093379 0.016477 -0.995494 0.093379 0.016477 -0.995494 0.093379 0.016477 -0.995494 0.093379 0.016477 -0.995494 0.093379 0.000000 -0.000000 -1.000000 0.000000 -0.000000 -1.000000 0.000000 -0.000000 -1.000000 0.000000 -0.000000 -1.000000 0.000000 -0.000000 -1.000000 0.000000 -0.000000 -1.000000 0.000000 0.000000 -1.000000 0.000000 0.000000 -1.000000 0.000000 0.000000 -1.000000 0.000000 0.000000 -1.000000 0.000000 0.000000 -1.000000 0.000000 0.000000 -1.000000 0.000000 0.000000 -1.000000 0.000000 0.000000 -1.000000 0.000000 0.000000 -1.000000 0.000000 0.000000 -1.000000 0.000000 0.000000 -1.000000 0.000000 0.000000 -1.000000 0.000000 0.000000 -1.000000 0.000000 0.000000 -1.000000 0.000000 0.000000 -1.000000 0.000000 0.000000 -1.000000 0.000000 0.000000 -1.000000 0.000000 0.000000 -1.000000 0.008239 0.995596 0.093388 0.008239 0.995596 0.093388 0.008239 0.995596 0.093388 0.008239 0.995596 0.093388 0.008239 0.995596 0.093388 0.008239 0.995596 0.093388 0.008268 0.960678 0.277541 0.008268 0.960678 0.277541 0.008268 0.960678 0.277541 0.008268 0.960678 0.277541 0.008268 0.960678 0.277541 0.008268 0.960678 0.277541 0.008322 0.891144 0.453644 0.008322 0.891144 0.453644 0.008322 0.891144 0.453644 0.008322 0.891144 0.453644 0.008322 0.891144 0.453644 0.008322 0.891144 0.453644 0.008394 0.787863 0.615793 0.008394 0.787863 0.615793 0.008394 0.787863 0.615793 0.008394 0.787863 0.615793 0.008394 0.787863 0.615793 0.008394 0.787863 0.615793 0.008474 0.652761 0.757516 0.008474 0.652761 0.757516 0.008474 0.652761 0.757516 0.008474 0.652761 0.757516 0.008474 0.652761 0.757516 0.008474 0.652761 0.757516 0.008551 0.489406 0.872014 0.008551 0.489406 0.872014 0.008551 0.489406 0.872014 0.008551 0.489406 0.872014 0.008551 0.489406 0.872014 0.008551 0.489406 0.872014 0.008610 0.303480 0.952799 0.008610 0.303480 0.952799 0.008610 0.303480 0.952799 0.008610 0.303480 0.952799 0.008610 0.303480 0.952799 0.008610 0.303480 0.952799 0.008643 0.102864 0.994658 0.008643 0.102864 0.994658 0.008643 0.102864 0.994658 0.008643 0.102864 0.994658 0.008643 0.102864 0.994658 0.008643 0.102864 0.994658 0.008643 -0.102864 0.994658 0.008643 -0.102864 0.994658 0.008643 -0.102864 0.994658 0.008643 -0.102864 0.994658 0.008643 -0.102864 0.994658 0.008643 -0.102864 0.994658 0.008610 -0.303480 0.952799 0.008610 -0.303480 0.952799 0.008610 -0.303480 0.952799 0.008610 -0.303480 0.952799 0.008610 -0.303480 0.952799 0.008610 -0.303480 0.952799 0.008551 -0.489406 0.872014 0.008551 -0.489406 0.872014 0.008551 -0.489406 0.872014 0.008551 -0.489406 0.872014 0.008551 -0.489406 0.872014 0.008551 -0.489406 0.872014 0.008474 -0.652761 0.757516 0.008474 -0.652761 0.757516 0.008474 -0.652761 0.757516 0.008474 -0.652761 0.757516 0.008474 -0.652761 0.757516 0.008474 -0.652761 0.757516 0.008394 -0.787863 0.615793 0.008394 -0.787863 0.615793 0.008394 -0.787863 0.615793 0.008394 -0.787863 0.615793 0.008394 -0.787863 0.615793 0.008394 -0.787863 0.615793 0.008322 -0.891144 0.453644 0.008322 -0.891144 0.453644 0.008322 -0.891144 0.453644 0.008322 -0.891144 0.453644 0.008322 -0.891144 0.453644 0.008322 -0.891144 0.453644 0.008268 -0.960678 0.277541 0.008268 -0.960678 0.277541 0.008268 -0.960678 0.277541 0.008268 -0.960678 0.277541 0.008268 -0.960678 0.277541 0.008268 -0.960678 0.277541 0.008239 -0.995596 0.093388 0.008239 -0.995596 0.093388 0.008239 -0.995596 0.093388 0.008239 -0.995596 0.093388 0.008239 -0.995596 0.093388 0.008239 -0.995596 0.093388 0.000000 -0.000000 -1.000000 0.000000 -0.000000 -1.000000 0.000000 -0.000000 -1.000000 0.000000 -0.000000 -1.000000 0.000000 -0.000000 -1.000000 0.000000 -0.000000 -1.000000 0.000000 0.000000 -1.000000 0.000000 0.000000 -1.000000 0.000000 0.000000 -1.000000 0.000000 0.000000 -1.000000 0.000000 0.000000 -1.000000 0.000000 0.000000 -1.000000 0.000000 0.000000 -1.000000 0.000000 0.000000 -1.000000 0.000000 0.000000 -1.000000 0.000000 0.000000 -1.000000 0.000000 0.000000 -1.000000 0.000000 0.000000 -1.000000 0.000000 0.000000 -1.000000 0.000000 0.000000 -1.000000 0.000000 0.000000 -1.000000 0.000000 0.000000 -1.000000 0.000000 0.000000 -1.000000 0.000000 0.000000 -1.000000 -0.001326 0.995629 0.093391 -0.001326 0.995629 0.093391 -0.001326 0.995629 0.093391 -0.001326 0.995629 0.093391 -0.001326 0.995629 0.093391 -0.001326 0.995629 0.093391 -0.001331 0.960710 0.277551 -0.001331 0.960710 0.277551 -0.001331 0.960710 0.277551 -0.001331 0.960710 0.277551 -0.001331 0.960710 0.277551 -0.001331 0.960710 0.277551 -0.001340 0.891174 0.453660 -0.001340 0.891174 0.453660 -0.001340 0.891174 0.453660 -0.001340 0.891174 0.453660 -0.001340 0.891174 0.453660 -0.001340 0.891174 0.453660 -0.001351 0.787890 0.615814 -0.001351 0.787890 0.615814 -0.001351 0.787890 0.615814 -0.001351 0.787890 0.615814 -0.001351 0.787890 0.615814 -0.001351 0.787890 0.615814 -0.001364 0.652784 0.757543 -0.001364 0.652784 0.757543 -0.001364 0.652784 0.757543 -0.001364 0.652784 0.757543 -0.001364 0.652784 0.757543 -0.001364 0.652784 0.757543 -0.001377 0.489424 0.872045 -0.001377 0.489424 0.872045 -0.001377 0.489424 0.872045 -0.001377 0.489424 0.872045 -0.001377 0.489424 0.872045 -0.001377 0.489424 0.872045 -0.001386 0.303491 0.952833 -0.001386 0.303491 0.952833 -0.001386 0.303491 0.952833 -0.001386 0.303491 0.952833 -0.001386 0.303491 0.952833 -0.001386 0.303491 0.952833 -0.001391 0.102867 0.994694 -0.001391 0.102867 0.994694 -0.001391 0.102867 0.994694 -0.001391 0.102867 0.994694 -0.001391 0.102867 0.994694 -0.001391 0.102867 0.994694 -0.001391 -0.102867 0.994694 -0.001391 -0.102867 0.994694 -0.001391 -0.102867 0.994694 -0.001391 -0.102867 0.994694 -0.001391 -0.102867 0.994694 -0.001391 -0.102867 0.994694 -0.001386 -0.303491 0.952833 -0.001386 -0.303491 0.952833 -0.001386 -0.303491 0.952833 -0.001386 -0.303491 0.952833 -0.001386 -0.303491 0.952833 -0.001386 -0.303491 0.952833 -0.001377 -0.489424 0.872045 -0.001377 -0.489424 0.872045 -0.001377 -0.489424 0.872045 -0.001377 -0.489424 0.872045 -0.001377 -0.489424 0.872045 -0.001377 -0.489424 0.872045 -0.001364 -0.652784 0.757543 -0.001364 -0.652784 0.757543 -0.001364 -0.652784 0.757543 -0.001364 -0.652784 0.757543 -0.001364 -0.652784 0.757543 -0.001364 -0.652784 0.757543 -0.001351 -0.787890 0.615814 -0.001351 -0.787890 0.615814 -0.001351 -0.787890 0.615814 -0.001351 -0.787890 0.615814 -0.001351 -0.787890 0.615814 -0.001351 -0.787890 0.615814 -0.001340 -0.891174 0.453660 -0.001340 -0.891174 0.453660 -0.001340 -0.891174 0.453660 -0.001340 -0.891174 0.453660 -0.001340 -0.891174 0.453660 -0.001340 -0.891174 0.453660 -0.001331 -0.960710 0.277551 -0.001331 -0.960710 0.277551 -0.001331 -0.960710 0.277551 -0.001331 -0.960710 0.277551 -0.001331 -0.960710 0.277551 -0.001331 -0.960710 0.277551 -0.001326 -0.995629 0.093391 -0.001326 -0.995629 0.093391 -0.001326 -0.995629 0.093391 -0.001326 -0.995629 0.093391 -0.001326 -0.995629 0.093391 -0.001326 -0.995629 0.093391 -0.000000 -0.000000 -1.000000 -0.000000 -0.000000 -1.000000 -0.000000 -0.000000 -1.000000 -0.000000 -0.000000 -1.000000 -0.000000 -0.000000 -1.000000 -0.000000 -0.000000 -1.000000 0.000000 0.000000 -1.000000 0.000000 0.000000 -1.000000 0.000000 0.000000 -1.000000 0.000000 0.000000 -1.000000 0.000000 0.000000 -1.000000 0.000000 0.000000 -1.000000 0.000000 0.000000 -1.000000 0.000000 0.000000 -1.000000 0.000000 0.000000 -1.000000 0.000000 0.000000 -1.000000 0.000000 0.000000 -1.000000 0.000000 0.000000 -1.000000 0.000000 0.000000 -1.000000 0.000000 0.000000 -1.000000 0.000000 0.000000 -1.000000 0.000000 0.000000 -1.000000 0.000000 0.000000 -1.000000 0.000000 0.000000 -1.000000 -0.014666 0.995522 0.093381 -0.014666 0.995522 0.093381 -0.014666 0.995522 0.093381 -0.014666 0.995522 0.093381 -0.014666 0.995522 0.093381 -0.014666 0.995522 0.093381 -0.014717 0.960607 0.277521 -0.014717 0.960607 0.277521 -0.014717 0.960607 0.277521 -0.014717 0.960607 0.277521 -0.014717 0.960607 0.277521 -0.014717 0.960607 0.277521 -0.014813 0.891077 0.453610 -0.014813 0.891077 0.453610 -0.014813 0.891077 0.453610 -0.014813 0.891077 0.453610 -0.014813 0.891077 0.453610 -0.014813 0.891077 0.453610 -0.014942 0.787803 0.615746 -0.014942 0.787803 0.615746 -0.014942 0.787803 0.615746 -0.014942 0.787803 0.615746 -0.014942 0.787803 0.615746 -0.014942 0.787803 0.615746 -0.015085 0.652711 0.757457 -0.015085 0.652711 0.757457 -0.015085 0.652711 0.757457 -0.015085 0.652711 0.757457 -0.015085 0.652711 0.757457 -0.015085 0.652711 0.757457 -0.015220 0.489367 0.871945 -0.015220 0.489367 0.871945 -0.015220 0.489367 0.871945 -0.015220 0.489367 0.871945 -0.015220 0.489367 0.871945 -0.015220 0.489367 0.871945 -0.015326 0.303455 0.952722 -0.015326 0.303455 0.952722 -0.015326 0.303455 0.952722 -0.015326 0.303455 0.952722 -0.015326 0.303455 0.952722 -0.015326 0.303455 0.952722 -0.015385 0.102855 0.994577 -0.015385 0.102855 0.994577 -0.015385 0.102855 0.994577 -0.015385 0.102855 0.994577 -0.015385 0.102855 0.994577 -0.015385 0.102855 0.994577 -0.015385 -0.102855 0.994577 -0.015385 -0.102855 0.994577 -0.015385 -0.102855 0.994577 -0.015385 -0.102855 0.994577 -0.015385 -0.102855 0.994577 -0.015385 -0.102855 0.994577 -0.015326 -0.303455 0.952722 -0.015326 -0.303455 0.952722 -0.015326 -0.303455 0.952722 -0.015326 -0.303455 0.952722 -0.015326 -0.303455 0.952722 -0.015326 -0.303455 0.952722 -0.015220 -0.489367 0.871945 -0.015220 -0.489367 0.871945 -0.015220 -0.489367 0.871945 -0.015220 -0.489367 0.871945 -0.015220 -0.489367 0.871945 -0.015220 -0.489367 0.871945 -0.015085 -0.652711 0.757457 -0.015085 -0.652711 0.757457 -0.015085 -0.652711 0.757457 -0.015085 -0.652711 0.757457 -0.015085 -0.652711 0.757457 -0.015085 -0.652711 0.757457 -0.014942 -0.787803 0.615746 -0.014942 -0.787803 0.615746 -0.014942 -0.787803 0.615746 -0.014942 -0.787803 0.615746 -0.014942 -0.787803 0.615746 -0.014942 -0.787803 0.615746 -0.014813 -0.891077 0.453610 -0.014813 -0.891077 0.453610 -0.014813 -0.891077 0.453610 -0.014813 -0.891077 0.453610 -0.014813 -0.891077 0.453610 -0.014813 -0.891077 0.453610 -0.014717 -0.960607 0.277521 -0.014717 -0.960607 0.277521 -0.014717 -0.960607 0.277521 -0.014717 -0.960607 0.277521 -0.014717 -0.960607 0.277521 -0.014717 -0.960607 0.277521 -0.014666 -0.995522 0.093381 -0.014666 -0.995522 0.093381 -0.014666 -0.995522 0.093381 -0.014666 -0.995522 0.093381 -0.014666 -0.995522 0.093381 -0.014666 -0.995522 0.093381 -0.000000 -0.000000 -1.000000 -0.000000 -0.000000 -1.000000 -0.000000 -0.000000 -1.000000 -0.000000 -0.000000 -1.000000 -0.000000 -0.000000 -1.000000 -0.000000 -0.000000 -1.000000 0.000000 0.000000 -1.000000 0.000000 0.000000 -1.000000 0.000000 0.000000 -1.000000 0.000000 0.000000 -1.000000 0.000000 0.000000 -1.000000 0.000000 0.000000 -1.000000 0.000000 0.000000 -1.000000 0.000000 0.000000 -1.000000 0.000000 0.000000 -1.000000 0.000000 0.000000 -1.000000 0.000000 0.000000 -1.000000 0.000000 0.000000 -1.000000 0.000000 0.000000 -1.000000 0.000000 0.000000 -1.000000 0.000000 0.000000 -1.000000 0.000000 0.000000 -1.000000 0.000000 0.000000 -1.000000 0.000000 0.000000 -1.000000 -0.025664 0.995302 0.093361 -0.025664 0.995302 0.093361 -0.025664 0.995302 0.093361 -0.025664 0.995302 0.093361 -0.025664 0.995302 0.093361 -0.025664 0.995302 0.093361 -0.025754 0.960392 0.277459 -0.025754 0.960392 0.277459 -0.025754 0.960392 0.277459 -0.025754 0.960392 0.277459 -0.025754 0.960392 0.277459 -0.025754 0.960392 0.277459 -0.025922 0.890875 0.453507 -0.025922 0.890875 0.453507 -0.025922 0.890875 0.453507 -0.025922 0.890875 0.453507 -0.025922 0.890875 0.453507 -0.025922 0.890875 0.453507 -0.026146 0.787622 0.615604 -0.026146 0.787622 0.615604 -0.026146 0.787622 0.615604 -0.026146 0.787622 0.615604 -0.026146 0.787622 0.615604 -0.026146 0.787622 0.615604 -0.026396 0.652557 0.757279 -0.026396 0.652557 0.757279 -0.026396 0.652557 0.757279 -0.026396 0.652557 0.757279 -0.026396 0.652557 0.757279 -0.026396 0.652557 0.757279 -0.026633 0.489251 0.871737 -0.026633 0.489251 0.871737 -0.026633 0.489251 0.871737 -0.026633 0.489251 0.871737 -0.026633 0.489251 0.871737 -0.026633 0.489251 0.871737 -0.026819 0.303382 0.952492 -0.026819 0.303382 0.952492 -0.026819 0.303382 0.952492 -0.026819 0.303382 0.952492 -0.026819 0.303382 0.952492 -0.026819 0.303382 0.952492 -0.026921 0.102830 0.994335 -0.026921 0.102830 0.994335 -0.026921 0.102830 0.994335 -0.026921 0.102830 0.994335 -0.026921 0.102830 0.994335 -0.026921 0.102830 0.994335 -0.026921 -0.102830 0.994335 -0.026921 -0.102830 0.994335 -0.026921 -0.102830 0.994335 -0.026921 -0.102830 0.994335 -0.026921 -0.102830 0.994335 -0.026921 -0.102830 0.994335 -0.026819 -0.303382 0.952492 -0.026819 -0.303382 0.952492 -0.026819 -0.303382 0.952492 -0.026819 -0.303382 0.952492 -0.026819 -0.303382 0.952492 -0.026819 -0.303382 0.952492 -0.026633 -0.489251 0.871737 -0.026633 -0.489251 0.871737 -0.026633 -0.489251 0.871737 -0.026633 -0.489251 0.871737 -0.026633 -0.489251 0.871737 -0.026633 -0.489251 0.871737 -0.026396 -0.652557 0.757279 -0.026396 -0.652557 0.757279 -0.026396 -0.652557 0.757279 -0.026396 -0.652557 0.757279 -0.026396 -0.652557 0.757279 -0.026396 -0.652557 0.757279 -0.026146 -0.787622 0.615604 -0.026146 -0.787622 0.615604 -0.026146 -0.787622 0.615604 -0.026146 -0.787622 0.615604 -0.026146 -0.787622 0.615604 -0.026146 -0.787622 0.615604 -0.025922 -0.890875 0.453507 -0.025922 -0.890875 0.453507 -0.025922 -0.890875 0.453507 -0.025922 -0.890875 0.453507 -0.025922 -0.890875 0.453507 -0.025922 -0.890875 0.453507 -0.025754 -0.960392 0.277459 -0.025754 -0.960392 0.277459 -0.025754 -0.960392 0.277459 -0.025754 -0.960392 0.277459 -0.025754 -0.960392 0.277459 -0.025754 -0.960392 0.277459 -0.025664 -0.995302 0.093361 -0.025664 -0.995302 0.093361 -0.025664 -0.995302 0.093361 -0.025664 -0.995302 0.093361 -0.025664 -0.995302 0.093361 -0.025664 -0.995302 0.093361 -0.000000 -0.000000 -1.000000 -0.000000 -0.000000 -1.000000 -0.000000 -0.000000 -1.000000 -0.000000 -0.000000 -1.000000 -0.000000 -0.000000 -1.000000 -0.000000 -0.000000 -1.000000 0.000000 0.000000 -1.000000 0.000000 0.000000 -1.000000 0.000000 0.000000 -1.000000 0.000000 0.000000 -1.000000 0.000000 0.000000 -1.000000 0.000000 0.000000 -1.000000 0.000000 0.000000 -1.000000 0.000000 0.000000 -1.000000 0.000000 0.000000 -1.000000 0.000000 0.000000 -1.000000 0.000000 0.000000 -1.000000 0.000000 0.000000 -1.000000 0.000000 0.000000 -1.000000 0.000000 0.000000 -1.000000 0.000000 0.000000 -1.000000 0.000000 0.000000 -1.000000 0.000000 0.000000 -1.000000 0.000000 0.000000 -1.000000 -0.035520 0.995001 0.093332 -0.035520 0.995001 0.093332 -0.035520 0.995001 0.093332 -0.035520 0.995001 0.093332 -0.035520 0.995001 0.093332 -0.035520 0.995001 0.093332 -0.035644 0.960100 0.277375 -0.035644 0.960100 0.277375 -0.035644 0.960100 0.277375 -0.035644 0.960100 0.277375 -0.035644 0.960100 0.277375 -0.035644 0.960100 0.277375 -0.035876 0.890601 0.453368 -0.035876 0.890601 0.453368 -0.035876 0.890601 0.453368 -0.035876 0.890601 0.453368 -0.035876 0.890601 0.453368 -0.035876 0.890601 0.453368 -0.036187 0.787375 0.615411 -0.036187 0.787375 0.615411 -0.036187 0.787375 0.615411 -0.036187 0.787375 0.615411 -0.036187 0.787375 0.615411 -0.036187 0.787375 0.615411 -0.036532 0.652349 0.757038 -0.036532 0.652349 0.757038 -0.036532 0.652349 0.757038 -0.036532 0.652349 0.757038 -0.036532 0.652349 0.757038 -0.036532 0.652349 0.757038 -0.036860 0.489092 0.871453 -0.036860 0.489092 0.871453 -0.036860 0.489092 0.871453 -0.036860 0.489092 0.871453 -0.036860 0.489092 0.871453 -0.036860 0.489092 0.871453 -0.037117 0.303282 0.952178 -0.037117 0.303282 0.952178 -0.037117 0.303282 0.952178 -0.037117 0.303282 0.952178 -0.037117 0.303282 0.952178 -0.037117 0.303282 0.952178 -0.037259 0.102796 0.994004 -0.037259 0.102796 0.994004 -0.037259 0.102796 0.994004 -0.037259 0.102796 0.994004 -0.037259 0.102796 0.994004 -0.037259 0.102796 0.994004 -0.037259 -0.102796 0.994004 -0.037259 -0.102796 0.994004 -0.037259 -0.102796 0.994004 -0.037259 -0.102796 0.994004 -0.037259 -0.102796 0.994004 -0.037259 -0.102796 0.994004 -0.037117 -0.303282 0.952178 -0.037117 -0.303282 0.952178 -0.037117 -0.303282 0.952178 -0.037117 -0.303282 0.952178 -0.037117 -0.303282 0.952178 -0.037117 -0.303282 0.952178 -0.036860 -0.489092 0.871453 -0.036860 -0.489092 0.871453 -0.036860 -0.489092 0.871453 -0.036860 -0.489092 0.871453 -0.036860 -0.489092 0.871453 -0.036860 -0.489092 0.871453 -0.036532 -0.652349 0.757038 -0.036532 -0.652349 0.757038 -0.036532 -0.652349 0.757038 -0.036532 -0.652349 0.757038 -0.036532 -0.652349 0.757038 -0.036532 -0.652349 0.757038 -0.036187 -0.787375 0.615411 -0.036187 -0.787375 0.615411 -0.036187 -0.787375 0.615411 -0.036187 -0.787375 0.615411 -0.036187 -0.787375 0.615411 -0.036187 -0.787375 0.615411 -0.035876 -0.890601 0.453368 -0.035876 -0.890601 0.453368 -0.035876 -0.890601 0.453368 -0.035876 -0.890601 0.453368 -0.035876 -0.890601 0.453368 -0.035876 -0.890601 0.453368 -0.035644 -0.960100 0.277375 -0.035644 -0.960100 0.277375 -0.035644 -0.960100 0.277375 -0.035644 -0.960100 0.277375 -0.035644 -0.960100 0.277375 -0.035644 -0.960100 0.277375 -0.035520 -0.995001 0.093332 -0.035520 -0.995001 0.093332 -0.035520 -0.995001 0.093332 -0.035520 -0.995001 0.093332 -0.035520 -0.995001 0.093332 -0.035520 -0.995001 0.093332 -0.000000 -0.000000 -1.000000 -0.000000 -0.000000 -1.000000 -0.000000 -0.000000 -1.000000 -0.000000 -0.000000 -1.000000 -0.000000 -0.000000 -1.000000 -0.000000 -0.000000 -1.000000 0.000000 0.000000 -1.000000 0.000000 0.000000 -1.000000 0.000000 0.000000 -1.000000 0.000000 0.000000 -1.000000 0.000000 0.000000 -1.000000 0.000000 0.000000 -1.000000 0.000000 0.000000 -1.000000 0.000000 0.000000 -1.000000 0.000000 0.000000 -1.000000 0.000000 0.000000 -1.000000 0.000000 0.000000 -1.000000 0.000000 0.000000 -1.000000 0.000000 0.000000 -1.000000 0.000000 0.000000 -1.000000 0.000000 0.000000 -1.000000 0.000000 0.000000 -1.000000 0.000000 0.000000 -1.000000 0.000000 0.000000 -1.000000 -0.044710 0.994634 0.093298 -0.044710 0.994634 0.093298 -0.044710 0.994634 0.093298 -0.044710 0.994634 0.093298 -0.044710 0.994634 0.093298 -0.044710 0.994634 0.093298 -0.044866 0.959744 0.277271 -0.044866 0.959744 0.277271 -0.044866 0.959744 0.277271 -0.044866 0.959744 0.277271 -0.044866 0.959744 0.277271 -0.044866 0.959744 0.277271 -0.045158 0.890266 0.453197 -0.045158 0.890266 0.453197 -0.045158 0.890266 0.453197 -0.045158 0.890266 0.453197 -0.045158 0.890266 0.453197 -0.045158 0.890266 0.453197 -0.045549 0.787073 0.615176 -0.045549 0.787073 0.615176 -0.045549 0.787073 0.615176 -0.045549 0.787073 0.615176 -0.045549 0.787073 0.615176 -0.045549 0.787073 0.615176 -0.045983 0.652094 0.756742 -0.045983 0.652094 0.756742 -0.045983 0.652094 0.756742 -0.045983 0.652094 0.756742 -0.045983 0.652094 0.756742 -0.045983 0.652094 0.756742 -0.046396 0.488897 0.871107 -0.046396 0.488897 0.871107 -0.046396 0.488897 0.871107 -0.046396 0.488897 0.871107 -0.046396 0.488897 0.871107 -0.046396 0.488897 0.871107 -0.046719 0.303160 0.951794 -0.046719 0.303160 0.951794 -0.046719 0.303160 0.951794 -0.046719 0.303160 0.951794 -0.046719 0.303160 0.951794 -0.046719 0.303160 0.951794 -0.046897 0.102754 0.993601 -0.046897 0.102754 0.993601 -0.046897 0.102754 0.993601 -0.046897 0.102754 0.993601 -0.046897 0.102754 0.993601 -0.046897 0.102754 0.993601 -0.046897 -0.102754 0.993601 -0.046897 -0.102754 0.993601 -0.046897 -0.102754 0.993601 -0.046897 -0.102754 0.993601 -0.046897 -0.102754 0.993601 -0.046897 -0.102754 0.993601 -0.046719 -0.303160 0.951794 -0.046719 -0.303160 0.951794 -0.046719 -0.303160 0.951794 -0.046719 -0.303160 0.951794 -0.046719 -0.303160 0.951794 -0.046719 -0.303160 0.951794 -0.046396 -0.488897 0.871107 -0.046396 -0.488897 0.871107 -0.046396 -0.488897 0.871107 -0.046396 -0.488897 0.871107 -0.046396 -0.488897 0.871107 -0.046396 -0.488897 0.871107 -0.045983 -0.652094 0.756742 -0.045983 -0.652094 0.756742 -0.045983 -0.652094 0.756742 -0.045983 -0.652094 0.756742 -0.045983 -0.652094 0.756742 -0.045983 -0.652094 0.756742 -0.045549 -0.787073 0.615176 -0.045549 -0.787073 0.615176 -0.045549 -0.787073 0.615176 -0.045549 -0.787073 0.615176 -0.045549 -0.787073 0.615176 -0.045549 -0.787073 0.615176 -0.045158 -0.890266 0.453197 -0.045158 -0.890266 0.453197 -0.045158 -0.890266 0.453197 -0.045158 -0.890266 0.453197 -0.045158 -0.890266 0.453197 -0.045158 -0.890266 0.453197 -0.044866 -0.959744 0.277271 -0.044866 -0.959744 0.277271 -0.044866 -0.959744 0.277271 -0.044866 -0.959744 0.277271 -0.044866 -0.959744 0.277271 -0.044866 -0.959744 0.277271 -0.044710 -0.994634 0.093298 -0.044710 -0.994634 0.093298 -0.044710 -0.994634 0.093298 -0.044710 -0.994634 0.093298 -0.044710 -0.994634 0.093298 -0.044710 -0.994634 0.093298 -0.000000 -0.000000 -1.000000 -0.000000 -0.000000 -1.000000 -0.000000 -0.000000 -1.000000 -0.000000 -0.000000 -1.000000 -0.000000 -0.000000 -1.000000 -0.000000 -0.000000 -1.000000 0.000000 0.000000 -1.000000 0.000000 0.000000 -1.000000 0.000000 0.000000 -1.000000 0.000000 0.000000 -1.000000 0.000000 0.000000 -1.000000 0.000000 0.000000 -1.000000 0.000000 0.000000 -1.000000 0.000000 0.000000 -1.000000 0.000000 0.000000 -1.000000 0.000000 0.000000 -1.000000 0.000000 0.000000 -1.000000 0.000000 0.000000 -1.000000 0.000000 0.000000 -1.000000 0.000000 0.000000 -1.000000 0.000000 0.000000 -1.000000 0.000000 0.000000 -1.000000 0.000000 0.000000 -1.000000 0.000000 0.000000 -1.000000 -0.053433 0.994207 0.093258 -0.053433 0.994207 0.093258 -0.053433 0.994207 0.093258 -0.053433 0.994207 0.093258 -0.053433 0.994207 0.093258 -0.053433 0.994207 0.093258 -0.053619 0.959329 0.277152 -0.053619 0.959329 0.277152 -0.053619 0.959329 0.277152 -0.053619 0.959329 0.277152 -0.053619 0.959329 0.277152 -0.053619 0.959329 0.277152 -0.053968 0.889876 0.452999 -0.053968 0.889876 0.452999 -0.053968 0.889876 0.452999 -0.053968 0.889876 0.452999 -0.053968 0.889876 0.452999 -0.053968 0.889876 0.452999 -0.054435 0.786723 0.614902 -0.054435 0.786723 0.614902 -0.054435 0.786723 0.614902 -0.054435 0.786723 0.614902 -0.054435 0.786723 0.614902 -0.054435 0.786723 0.614902 -0.054953 0.651798 0.756399 -0.054953 0.651798 0.756399 -0.054953 0.651798 0.756399 -0.054953 0.651798 0.756399 -0.054953 0.651798 0.756399 -0.054953 0.651798 0.756399 -0.055446 0.488671 0.870704 -0.055446 0.488671 0.870704 -0.055446 0.488671 0.870704 -0.055446 0.488671 0.870704 -0.055446 0.488671 0.870704 -0.055446 0.488671 0.870704 -0.055832 0.303018 0.951348 -0.055832 0.303018 0.951348 -0.055832 0.303018 0.951348 -0.055832 0.303018 0.951348 -0.055832 0.303018 0.951348 -0.055832 0.303018 0.951348 -0.056044 0.102706 0.993132 -0.056044 0.102706 0.993132 -0.056044 0.102706 0.993132 -0.056044 0.102706 0.993132 -0.056044 0.102706 0.993132 -0.056044 0.102706 0.993132 -0.056044 -0.102706 0.993132 -0.056044 -0.102706 0.993132 -0.056044 -0.102706 0.993132 -0.056044 -0.102706 0.993132 -0.056044 -0.102706 0.993132 -0.056044 -0.102706 0.993132 -0.055832 -0.303018 0.951348 -0.055832 -0.303018 0.951348 -0.055832 -0.303018 0.951348 -0.055832 -0.303018 0.951348 -0.055832 -0.303018 0.951348 -0.055832 -0.303018 0.951348 -0.055446 -0.488671 0.870704 -0.055446 -0.488671 0.870704 -0.055446 -0.488671 0.870704 -0.055446 -0.488671 0.870704 -0.055446 -0.488671 0.870704 -0.055446 -0.488671 0.870704 -0.054953 -0.651798 0.756399 -0.054953 -0.651798 0.756399 -0.054953 -0.651798 0.756399 -0.054953 -0.651798 0.756399 -0.054953 -0.651798 0.756399 -0.054953 -0.651798 0.756399 -0.054435 -0.786723 0.614902 -0.054435 -0.786723 0.614902 -0.054435 -0.786723 0.614902 -0.054435 -0.786723 0.614902 -0.054435 -0.786723 0.614902 -0.054435 -0.786723 0.614902 -0.053968 -0.889876 0.452999 -0.053968 -0.889876 0.452999 -0.053968 -0.889876 0.452999 -0.053968 -0.889876 0.452999 -0.053968 -0.889876 0.452999 -0.053968 -0.889876 0.452999 -0.053619 -0.959329 0.277152 -0.053619 -0.959329 0.277152 -0.053619 -0.959329 0.277152 -0.053619 -0.959329 0.277152 -0.053619 -0.959329 0.277152 -0.053619 -0.959329 0.277152 -0.053433 -0.994207 0.093258 -0.053433 -0.994207 0.093258 -0.053433 -0.994207 0.093258 -0.053433 -0.994207 0.093258 -0.053433 -0.994207 0.093258 -0.053433 -0.994207 0.093258 -0.000000 -0.000000 -1.000000 -0.000000 -0.000000 -1.000000 -0.000000 -0.000000 -1.000000 -0.000000 -0.000000 -1.000000 -0.000000 -0.000000 -1.000000 -0.000000 -0.000000 -1.000000 0.000000 0.000000 -1.000000 0.000000 0.000000 -1.000000 0.000000 0.000000 -1.000000 0.000000 0.000000 -1.000000 0.000000 0.000000 -1.000000 0.000000 0.000000 -1.000000 0.000000 0.000000 -1.000000 0.000000 0.000000 -1.000000 0.000000 0.000000 -1.000000 0.000000 0.000000 -1.000000 0.000000 0.000000 -1.000000 0.000000 0.000000 -1.000000 0.000000 0.000000 -1.000000 0.000000 0.000000 -1.000000 0.000000 0.000000 -1.000000 0.000000 0.000000 -1.000000 0.000000 0.000000 -1.000000 0.000000 0.000000 -1.000000 -0.061799 0.993726 0.093213 -0.061799 0.993726 0.093213 -0.061799 0.993726 0.093213 -0.061799 0.993726 0.093213 -0.061799 0.993726 0.093213 -0.061799 0.993726 0.093213 -0.062014 0.958862 0.277017 -0.062014 0.958862 0.277017 -0.062014 0.958862 0.277017 -0.062014 0.958862 0.277017 -0.062014 0.958862 0.277017 -0.062014 0.958862 0.277017 -0.062417 0.889437 0.452775 -0.062417 0.889437 0.452775 -0.062417 0.889437 0.452775 -0.062417 0.889437 0.452775 -0.062417 0.889437 0.452775 -0.062417 0.889437 0.452775 -0.062956 0.786328 0.614593 -0.062956 0.786328 0.614593 -0.062956 0.786328 0.614593 -0.062956 0.786328 0.614593 -0.062956 0.786328 0.614593 -0.062956 0.786328 0.614593 -0.063555 0.651465 0.756012 -0.063555 0.651465 0.756012 -0.063555 0.651465 0.756012 -0.063555 0.651465 0.756012 -0.063555 0.651465 0.756012 -0.063555 0.651465 0.756012 -0.064125 0.488417 0.870251 -0.064125 0.488417 0.870251 -0.064125 0.488417 0.870251 -0.064125 0.488417 0.870251 -0.064125 0.488417 0.870251 -0.064125 0.488417 0.870251 -0.064571 0.302858 0.950846 -0.064571 0.302858 0.950846 -0.064571 0.302858 0.950846 -0.064571 0.302858 0.950846 -0.064571 0.302858 0.950846 -0.064571 0.302858 0.950846 -0.064816 0.102651 0.992603 -0.064816 0.102651 0.992603 -0.064816 0.102651 0.992603 -0.064816 0.102651 0.992603 -0.064816 0.102651 0.992603 -0.064816 0.102651 0.992603 -0.064816 -0.102651 0.992603 -0.064816 -0.102651 0.992603 -0.064816 -0.102651 0.992603 -0.064816 -0.102651 0.992603 -0.064816 -0.102651 0.992603 -0.064816 -0.102651 0.992603 -0.064571 -0.302858 0.950846 -0.064571 -0.302858 0.950846 -0.064571 -0.302858 0.950846 -0.064571 -0.302858 0.950846 -0.064571 -0.302858 0.950846 -0.064571 -0.302858 0.950846 -0.064125 -0.488417 0.870251 -0.064125 -0.488417 0.870251 -0.064125 -0.488417 0.870251 -0.064125 -0.488417 0.870251 -0.064125 -0.488417 0.870251 -0.064125 -0.488417 0.870251 -0.063555 -0.651465 0.756012 -0.063555 -0.651465 0.756012 -0.063555 -0.651465 0.756012 -0.063555 -0.651465 0.756012 -0.063555 -0.651465 0.756012 -0.063555 -0.651465 0.756012 -0.062956 -0.786328 0.614593 -0.062956 -0.786328 0.614593 -0.062956 -0.786328 0.614593 -0.062956 -0.786328 0.614593 -0.062956 -0.786328 0.614593 -0.062956 -0.786328 0.614593 -0.062417 -0.889437 0.452775 -0.062417 -0.889437 0.452775 -0.062417 -0.889437 0.452775 -0.062417 -0.889437 0.452775 -0.062417 -0.889437 0.452775 -0.062417 -0.889437 0.452775 -0.062014 -0.958862 0.277017 -0.062014 -0.958862 0.277017 -0.062014 -0.958862 0.277017 -0.062014 -0.958862 0.277017 -0.062014 -0.958862 0.277017 -0.062014 -0.958862 0.277017 -0.061799 -0.993726 0.093213 -0.061799 -0.993726 0.093213 -0.061799 -0.993726 0.093213 -0.061799 -0.993726 0.093213 -0.061799 -0.993726 0.093213 -0.061799 -0.993726 0.093213 -0.000000 -0.000000 -1.000000 -0.000000 -0.000000 -1.000000 -0.000000 -0.000000 -1.000000 -0.000000 -0.000000 -1.000000 -0.000000 -0.000000 -1.000000 -0.000000 -0.000000 -1.000000 0.000000 0.000000 -1.000000 0.000000 0.000000 -1.000000 0.000000 0.000000 -1.000000 0.000000 0.000000 -1.000000 0.000000 0.000000 -1.000000 0.000000 0.000000 -1.000000 0.000000 0.000000 -1.000000 0.000000 0.000000 -1.000000 0.000000 0.000000 -1.000000 0.000000 0.000000 -1.000000 0.000000 0.000000 -1.000000 0.000000 0.000000 -1.000000 0.000000 0.000000 -1.000000 0.000000 0.000000 -1.000000 0.000000 0.000000 -1.000000 0.000000 0.000000 -1.000000 0.000000 0.000000 -1.000000 0.000000 0.000000 -1.000000 -0.069876 0.993196 0.093163 -0.069876 0.993196 0.093163 -0.069876 0.993196 0.093163 -0.069876 0.993196 0.093163 -0.069876 0.993196 0.093163 -0.069876 0.993196 0.093163 -0.070119 0.958346 0.276868 -0.070119 0.958346 0.276868 -0.070119 0.958346 0.276868 -0.070119 0.958346 0.276868 -0.070119 0.958346 0.276868 -0.070119 0.958346 0.276868 -0.070575 0.888953 0.452529 -0.070575 0.888953 0.452529 -0.070575 0.888953 0.452529 -0.070575 0.888953 0.452529 -0.070575 0.888953 0.452529 -0.070575 0.888953 0.452529 -0.071183 0.785892 0.614253 -0.071183 0.785892 0.614253 -0.071183 0.785892 0.614253 -0.071183 0.785892 0.614253 -0.071183 0.785892 0.614253 -0.071183 0.785892 0.614253 -0.071860 0.651097 0.755585 -0.071860 0.651097 0.755585 -0.071860 0.651097 0.755585 -0.071860 0.651097 0.755585 -0.071860 0.651097 0.755585 -0.071860 0.651097 0.755585 -0.072503 0.488136 0.869751 -0.072503 0.488136 0.869751 -0.072503 0.488136 0.869751 -0.072503 0.488136 0.869751 -0.072503 0.488136 0.869751 -0.072503 0.488136 0.869751 -0.073006 0.302681 0.950292 -0.073006 0.302681 0.950292 -0.073006 0.302681 0.950292 -0.073006 0.302681 0.950292 -0.073006 0.302681 0.950292 -0.073006 0.302681 0.950292 -0.073283 0.102591 0.992021 -0.073283 0.102591 0.992021 -0.073283 0.102591 0.992021 -0.073283 0.102591 0.992021 -0.073283 0.102591 0.992021 -0.073283 0.102591 0.992021 -0.073283 -0.102591 0.992021 -0.073283 -0.102591 0.992021 -0.073283 -0.102591 0.992021 -0.073283 -0.102591 0.992021 -0.073283 -0.102591 0.992021 -0.073283 -0.102591 0.992021 -0.073006 -0.302681 0.950292 -0.073006 -0.302681 0.950292 -0.073006 -0.302681 0.950292 -0.073006 -0.302681 0.950292 -0.073006 -0.302681 0.950292 -0.073006 -0.302681 0.950292 -0.072503 -0.488136 0.869751 -0.072503 -0.488136 0.869751 -0.072503 -0.488136 0.869751 -0.072503 -0.488136 0.869751 -0.072503 -0.488136 0.869751 -0.072503 -0.488136 0.869751 -0.071860 -0.651097 0.755585 -0.071860 -0.651097 0.755585 -0.071860 -0.651097 0.755585 -0.071860 -0.651097 0.755585 -0.071860 -0.651097 0.755585 -0.071860 -0.651097 0.755585 -0.071183 -0.785892 0.614253 -0.071183 -0.785892 0.614253 -0.071183 -0.785892 0.614253 -0.071183 -0.785892 0.614253 -0.071183 -0.785892 0.614253 -0.071183 -0.785892 0.614253 -0.070575 -0.888953 0.452529 -0.070575 -0.888953 0.452529 -0.070575 -0.888953 0.452529 -0.070575 -0.888953 0.452529 -0.070575 -0.888953 0.452529 -0.070575 -0.888953 0.452529 -0.070119 -0.958346 0.276868 -0.070119 -0.958346 0.276868 -0.070119 -0.958346 0.276868 -0.070119 -0.958346 0.276868 -0.070119 -0.958346 0.276868 -0.070119 -0.958346 0.276868 -0.069876 -0.993196 0.093163 -0.069876 -0.993196 0.093163 -0.069876 -0.993196 0.093163 -0.069876 -0.993196 0.093163 -0.069876 -0.993196 0.093163 -0.069876 -0.993196 0.093163 -0.000000 -0.000000 -1.000000 -0.000000 -0.000000 -1.000000 -0.000000 -0.000000 -1.000000 -0.000000 -0.000000 -1.000000 -0.000000 -0.000000 -1.000000 -0.000000 -0.000000 -1.000000 0.000000 0.000000 -1.000000 0.000000 0.000000 -1.000000 0.000000 0.000000 -1.000000 0.000000 0.000000 -1.000000 0.000000 0.000000 -1.000000 0.000000 0.000000 -1.000000 0.000000 0.000000 -1.000000 0.000000 0.000000 -1.000000 0.000000 0.000000 -1.000000 0.000000 0.000000 -1.000000 0.000000 0.000000 -1.000000 0.000000 0.000000 -1.000000 0.000000 0.000000 -1.000000 0.000000 0.000000 -1.000000 0.000000 0.000000 -1.000000 0.000000 0.000000 -1.000000 0.000000 0.000000 -1.000000 0.000000 0.000000 -1.000000 -0.077711 0.992619 0.093109 -0.077711 0.992619 0.093109 -0.077711 0.992619 0.093109 -0.077711 0.992619 0.093109 -0.077711 0.992619 0.093109 -0.077711 0.992619 0.093109 -0.077981 0.957785 0.276706 -0.077981 0.957785 0.276706 -0.077981 0.957785 0.276706 -0.077981 0.957785 0.276706 -0.077981 0.957785 0.276706 -0.077981 0.957785 0.276706 -0.078487 0.888426 0.452260 -0.078487 0.888426 0.452260 -0.078487 0.888426 0.452260 -0.078487 0.888426 0.452260 -0.078487 0.888426 0.452260 -0.078487 0.888426 0.452260 -0.079163 0.785418 0.613882 -0.079163 0.785418 0.613882 -0.079163 0.785418 0.613882 -0.079163 0.785418 0.613882 -0.079163 0.785418 0.613882 -0.079163 0.785418 0.613882 -0.079915 0.650697 0.755121 -0.079915 0.650697 0.755121 -0.079915 0.650697 0.755121 -0.079915 0.650697 0.755121 -0.079915 0.650697 0.755121 -0.079915 0.650697 0.755121 -0.080629 0.487831 0.869207 -0.080629 0.487831 0.869207 -0.080629 0.487831 0.869207 -0.080629 0.487831 0.869207 -0.080629 0.487831 0.869207 -0.080629 0.487831 0.869207 -0.081188 0.302489 0.949689 -0.081188 0.302489 0.949689 -0.081188 0.302489 0.949689 -0.081188 0.302489 0.949689 -0.081188 0.302489 0.949689 -0.081188 0.302489 0.949689 -0.081496 0.102525 0.991386 -0.081496 0.102525 0.991386 -0.081496 0.102525 0.991386 -0.081496 0.102525 0.991386 -0.081496 0.102525 0.991386 -0.081496 0.102525 0.991386 -0.081496 -0.102525 0.991386 -0.081496 -0.102525 0.991386 -0.081496 -0.102525 0.991386 -0.081496 -0.102525 0.991386 -0.081496 -0.102525 0.991386 -0.081496 -0.102525 0.991386 -0.081188 -0.302489 0.949689 -0.081188 -0.302489 0.949689 -0.081188 -0.302489 0.949689 -0.081188 -0.302489 0.949689 -0.081188 -0.302489 0.949689 -0.081188 -0.302489 0.949689 -0.080629 -0.487831 0.869207 -0.080629 -0.487831 0.869207 -0.080629 -0.487831 0.869207 -0.080629 -0.487831 0.869207 -0.080629 -0.487831 0.869207 -0.080629 -0.487831 0.869207 -0.079915 -0.650697 0.755121 -0.079915 -0.650697 0.755121 -0.079915 -0.650697 0.755121 -0.079915 -0.650697 0.755121 -0.079915 -0.650697 0.755121 -0.079915 -0.650697 0.755121 -0.079163 -0.785418 0.613882 -0.079163 -0.785418 0.613882 -0.079163 -0.785418 0.613882 -0.079163 -0.785418 0.613882 -0.079163 -0.785418 0.613882 -0.079163 -0.785418 0.613882 -0.078487 -0.888426 0.452260 -0.078487 -0.888426 0.452260 -0.078487 -0.888426 0.452260 -0.078487 -0.888426 0.452260 -0.078487 -0.888426 0.452260 -0.078487 -0.888426 0.452260 -0.077981 -0.957785 0.276706 -0.077981 -0.957785 0.276706 -0.077981 -0.957785 0.276706 -0.077981 -0.957785 0.276706 -0.077981 -0.957785 0.276706 -0.077981 -0.957785 0.276706 -0.077711 -0.992619 0.093109 -0.077711 -0.992619 0.093109 -0.077711 -0.992619 0.093109 -0.077711 -0.992619 0.093109 -0.077711 -0.992619 0.093109 -0.077711 -0.992619 0.093109 -0.000000 -0.000000 -1.000000 -0.000000 -0.000000 -1.000000 -0.000000 -0.000000 -1.000000 -0.000000 -0.000000 -1.000000 -0.000000 -0.000000 -1.000000 -0.000000 -0.000000 -1.000000 0.000000 0.000000 -1.000000 0.000000 0.000000 -1.000000 0.000000 0.000000 -1.000000 0.000000 0.000000 -1.000000 0.000000 0.000000 -1.000000 0.000000 0.000000 -1.000000 0.000000 0.000000 -1.000000 0.000000 0.000000 -1.000000 0.000000 0.000000 -1.000000 0.000000 0.000000 -1.000000 0.000000 0.000000 -1.000000 0.000000 0.000000 -1.000000 0.000000 0.000000 -1.000000 0.000000 0.000000 -1.000000 0.000000 0.000000 -1.000000 0.000000 0.000000 -1.000000 0.000000 0.000000 -1.000000 0.000000 0.000000 -1.000000 -0.085338 0.991997 0.093051 -0.085338 0.991997 0.093051 -0.085338 0.991997 0.093051 -0.085338 0.991997 0.093051 -0.085338 0.991997 0.093051 -0.085338 0.991997 0.093051 -0.085634 0.957182 0.276531 -0.085634 0.957182 0.276531 -0.085634 0.957182 0.276531 -0.085634 0.957182 0.276531 -0.085634 0.957182 0.276531 -0.085634 0.957182 0.276531 -0.086189 0.887859 0.451972 -0.086189 0.887859 0.451972 -0.086189 0.887859 0.451972 -0.086189 0.887859 0.451972 -0.086189 0.887859 0.451972 -0.086189 0.887859 0.451972 -0.086930 0.784908 0.613483 -0.086930 0.784908 0.613483 -0.086930 0.784908 0.613483 -0.086930 0.784908 0.613483 -0.086930 0.784908 0.613483 -0.086930 0.784908 0.613483 -0.087755 0.650266 0.754621 -0.087755 0.650266 0.754621 -0.087755 0.650266 0.754621 -0.087755 0.650266 0.754621 -0.087755 0.650266 0.754621 -0.087755 0.650266 0.754621 -0.088538 0.487502 0.868621 -0.088538 0.487502 0.868621 -0.088538 0.487502 0.868621 -0.088538 0.487502 0.868621 -0.088538 0.487502 0.868621 -0.088538 0.487502 0.868621 -0.089151 0.302283 0.949040 -0.089151 0.302283 0.949040 -0.089151 0.302283 0.949040 -0.089151 0.302283 0.949040 -0.089151 0.302283 0.949040 -0.089151 0.302283 0.949040 -0.089489 0.102455 0.990704 -0.089489 0.102455 0.990704 -0.089489 0.102455 0.990704 -0.089489 0.102455 0.990704 -0.089489 0.102455 0.990704 -0.089489 0.102455 0.990704 -0.089489 -0.102455 0.990704 -0.089489 -0.102455 0.990704 -0.089489 -0.102455 0.990704 -0.089489 -0.102455 0.990704 -0.089489 -0.102455 0.990704 -0.089489 -0.102455 0.990704 -0.089151 -0.302283 0.949040 -0.089151 -0.302283 0.949040 -0.089151 -0.302283 0.949040 -0.089151 -0.302283 0.949040 -0.089151 -0.302283 0.949040 -0.089151 -0.302283 0.949040 -0.088538 -0.487502 0.868621 -0.088538 -0.487502 0.868621 -0.088538 -0.487502 0.868621 -0.088538 -0.487502 0.868621 -0.088538 -0.487502 0.868621 -0.088538 -0.487502 0.868621 -0.087755 -0.650266 0.754621 -0.087755 -0.650266 0.754621 -0.087755 -0.650266 0.754621 -0.087755 -0.650266 0.754621 -0.087755 -0.650266 0.754621 -0.087755 -0.650266 0.754621 -0.086930 -0.784908 0.613483 -0.086930 -0.784908 0.613483 -0.086930 -0.784908 0.613483 -0.086930 -0.784908 0.613483 -0.086930 -0.784908 0.613483 -0.086930 -0.784908 0.613483 -0.086189 -0.887859 0.451972 -0.086189 -0.887859 0.451972 -0.086189 -0.887859 0.451972 -0.086189 -0.887859 0.451972 -0.086189 -0.887859 0.451972 -0.086189 -0.887859 0.451972 -0.085634 -0.957182 0.276531 -0.085634 -0.957182 0.276531 -0.085634 -0.957182 0.276531 -0.085634 -0.957182 0.276531 -0.085634 -0.957182 0.276531 -0.085634 -0.957182 0.276531 -0.085338 -0.991997 0.093051 -0.085338 -0.991997 0.093051 -0.085338 -0.991997 0.093051 -0.085338 -0.991997 0.093051 -0.085338 -0.991997 0.093051 -0.085338 -0.991997 0.093051 -0.000000 -0.000000 -1.000000 -0.000000 -0.000000 -1.000000 -0.000000 -0.000000 -1.000000 -0.000000 -0.000000 -1.000000 -0.000000 -0.000000 -1.000000 -0.000000 -0.000000 -1.000000 0.000000 0.000000 -1.000000 0.000000 0.000000 -1.000000 0.000000 0.000000 -1.000000 0.000000 0.000000 -1.000000 0.000000 0.000000 -1.000000 0.000000 0.000000 -1.000000 0.000000 0.000000 -1.000000 0.000000 0.000000 -1.000000 0.000000 0.000000 -1.000000 0.000000 0.000000 -1.000000 0.000000 0.000000 -1.000000 0.000000 0.000000 -1.000000 0.000000 0.000000 -1.000000 0.000000 0.000000 -1.000000 0.000000 0.000000 -1.000000 0.000000 0.000000 -1.000000 0.000000 0.000000 -1.000000 0.000000 0.000000 -1.000000 -0.092783 0.991335 0.092989 -0.092783 0.991335 0.092989 -0.092783 0.991335 0.092989 -0.092783 0.991335 0.092989 -0.092783 0.991335 0.092989 -0.092783 0.991335 0.092989 -0.093104 0.956538 0.276345 -0.093104 0.956538 0.276345 -0.093104 0.956538 0.276345 -0.093104 0.956538 0.276345 -0.093104 0.956538 0.276345 -0.093104 0.956538 0.276345 -0.093706 0.887254 0.451664 -0.093706 0.887254 0.451664 -0.093706 0.887254 0.451664 -0.093706 0.887254 0.451664 -0.093706 0.887254 0.451664 -0.093706 0.887254 0.451664 -0.094511 0.784364 0.613058 -0.094511 0.784364 0.613058 -0.094511 0.784364 0.613058 -0.094511 0.784364 0.613058 -0.094511 0.784364 0.613058 -0.094511 0.784364 0.613058 -0.095406 0.649807 0.754088 -0.095406 0.649807 0.754088 -0.095406 0.649807 0.754088 -0.095406 0.649807 0.754088 -0.095406 0.649807 0.754088 -0.095406 0.649807 0.754088 -0.096256 0.487152 0.867997 -0.096256 0.487152 0.867997 -0.096256 0.487152 0.867997 -0.096256 0.487152 0.867997 -0.096256 0.487152 0.867997 -0.096256 0.487152 0.867997 -0.096922 0.302062 0.948348 -0.096922 0.302062 0.948348 -0.096922 0.302062 0.948348 -0.096922 0.302062 0.948348 -0.096922 0.302062 0.948348 -0.096922 0.302062 0.948348 -0.097288 0.102379 0.989976 -0.097288 0.102379 0.989976 -0.097288 0.102379 0.989976 -0.097288 0.102379 0.989976 -0.097288 0.102379 0.989976 -0.097288 0.102379 0.989976 -0.097288 -0.102379 0.989976 -0.097288 -0.102379 0.989976 -0.097288 -0.102379 0.989976 -0.097288 -0.102379 0.989976 -0.097288 -0.102379 0.989976 -0.097288 -0.102379 0.989976 -0.096922 -0.302062 0.948348 -0.096922 -0.302062 0.948348 -0.096922 -0.302062 0.948348 -0.096922 -0.302062 0.948348 -0.096922 -0.302062 0.948348 -0.096922 -0.302062 0.948348 -0.096256 -0.487152 0.867997 -0.096256 -0.487152 0.867997 -0.096256 -0.487152 0.867997 -0.096256 -0.487152 0.867997 -0.096256 -0.487152 0.867997 -0.096256 -0.487152 0.867997 -0.095406 -0.649807 0.754088 -0.095406 -0.649807 0.754088 -0.095406 -0.649807 0.754088 -0.095406 -0.649807 0.754088 -0.095406 -0.649807 0.754088 -0.095406 -0.649807 0.754088 -0.094511 -0.784364 0.613058 -0.094511 -0.784364 0.613058 -0.094511 -0.784364 0.613058 -0.094511 -0.784364 0.613058 -0.094511 -0.784364 0.613058 -0.094511 -0.784364 0.613058 -0.093706 -0.887254 0.451664 -0.093706 -0.887254 0.451664 -0.093706 -0.887254 0.451664 -0.093706 -0.887254 0.451664 -0.093706 -0.887254 0.451664 -0.093706 -0.887254 0.451664 -0.093104 -0.956538 0.276345 -0.093104 -0.956538 0.276345 -0.093104 -0.956538 0.276345 -0.093104 -0.956538 0.276345 -0.093104 -0.956538 0.276345 -0.093104 -0.956538 0.276345 -0.092783 -0.991335 0.092989 -0.092783 -0.991335 0.092989 -0.092783 -0.991335 0.092989 -0.092783 -0.991335 0.092989 -0.092783 -0.991335 0.092989 -0.092783 -0.991335 0.092989 -0.000000 -0.000000 -1.000000 -0.000000 -0.000000 -1.000000 -0.000000 -0.000000 -1.000000 -0.000000 -0.000000 -1.000000 -0.000000 -0.000000 -1.000000 -0.000000 -0.000000 -1.000000 0.000000 0.000000 -1.000000 0.000000 0.000000 -1.000000 0.000000 0.000000 -1.000000 0.000000 0.000000 -1.000000 0.000000 0.000000 -1.000000 0.000000 0.000000 -1.000000 0.000000 0.000000 -1.000000 0.000000 0.000000 -1.000000 0.000000 0.000000 -1.000000 0.000000 0.000000 -1.000000 0.000000 0.000000 -1.000000 0.000000 0.000000 -1.000000 0.000000 0.000000 -1.000000 0.000000 0.000000 -1.000000 0.000000 0.000000 -1.000000 0.000000 0.000000 -1.000000 0.000000 0.000000 -1.000000 0.000000 0.000000 -1.000000 -0.100064 0.990632 0.092923 -0.100064 0.990632 0.092923 -0.100064 0.990632 0.092923 -0.100064 0.990632 0.092923 -0.100064 0.990632 0.092923 -0.100064 0.990632 0.092923 -0.100410 0.955856 0.276148 -0.100410 0.955856 0.276148 -0.100410 0.955856 0.276148 -0.100410 0.955856 0.276148 -0.100410 0.955856 0.276148 -0.100410 0.955856 0.276148 -0.101059 0.886612 0.451337 -0.101059 0.886612 0.451337 -0.101059 0.886612 0.451337 -0.101059 0.886612 0.451337 -0.101059 0.886612 0.451337 -0.101059 0.886612 0.451337 -0.101926 0.783788 0.612608 -0.101926 0.783788 0.612608 -0.101926 0.783788 0.612608 -0.101926 0.783788 0.612608 -0.101926 0.783788 0.612608 -0.101926 0.783788 0.612608 -0.102889 0.649320 0.753523 -0.102889 0.649320 0.753523 -0.102889 0.649320 0.753523 -0.102889 0.649320 0.753523 -0.102889 0.649320 0.753523 -0.102889 0.649320 0.753523 -0.103805 0.486780 0.867335 -0.103805 0.486780 0.867335 -0.103805 0.486780 0.867335 -0.103805 0.486780 0.867335 -0.103805 0.486780 0.867335 -0.103805 0.486780 0.867335 -0.104522 0.301829 0.947615 -0.104522 0.301829 0.947615 -0.104522 0.301829 0.947615 -0.104522 0.301829 0.947615 -0.104522 0.301829 0.947615 -0.104522 0.301829 0.947615 -0.104916 0.102300 0.989205 -0.104916 0.102300 0.989205 -0.104916 0.102300 0.989205 -0.104916 0.102300 0.989205 -0.104916 0.102300 0.989205 -0.104916 0.102300 0.989205 -0.104916 -0.102300 0.989205 -0.104916 -0.102300 0.989205 -0.104916 -0.102300 0.989205 -0.104916 -0.102300 0.989205 -0.104916 -0.102300 0.989205 -0.104916 -0.102300 0.989205 -0.104522 -0.301829 0.947615 -0.104522 -0.301829 0.947615 -0.104522 -0.301829 0.947615 -0.104522 -0.301829 0.947615 -0.104522 -0.301829 0.947615 -0.104522 -0.301829 0.947615 -0.103805 -0.486780 0.867335 -0.103805 -0.486780 0.867335 -0.103805 -0.486780 0.867335 -0.103805 -0.486780 0.867335 -0.103805 -0.486780 0.867335 -0.103805 -0.486780 0.867335 -0.102889 -0.649320 0.753523 -0.102889 -0.649320 0.753523 -0.102889 -0.649320 0.753523 -0.102889 -0.649320 0.753523 -0.102889 -0.649320 0.753523 -0.102889 -0.649320 0.753523 -0.101926 -0.783788 0.612608 -0.101926 -0.783788 0.612608 -0.101926 -0.783788 0.612608 -0.101926 -0.783788 0.612608 -0.101926 -0.783788 0.612608 -0.101926 -0.783788 0.612608 -0.101059 -0.886612 0.451337 -0.101059 -0.886612 0.451337 -0.101059 -0.886612 0.451337 -0.101059 -0.886612 0.451337 -0.101059 -0.886612 0.451337 -0.101059 -0.886612 0.451337 -0.100410 -0.955856 0.276148 -0.100410 -0.955856 0.276148 -0.100410 -0.955856 0.276148 -0.100410 -0.955856 0.276148 -0.100410 -0.955856 0.276148 -0.100410 -0.955856 0.276148 -0.100064 -0.990632 0.092923 -0.100064 -0.990632 0.092923 -0.100064 -0.990632 0.092923 -0.100064 -0.990632 0.092923 -0.100064 -0.990632 0.092923 -0.100064 -0.990632 0.092923 -0.000000 -0.000000 -1.000000 -0.000000 -0.000000 -1.000000 -0.000000 -0.000000 -1.000000 -0.000000 -0.000000 -1.000000 -0.000000 -0.000000 -1.000000 -0.000000 -0.000000 -1.000000 0.000000 0.000000 -1.000000 0.000000 0.000000 -1.000000 0.000000 0.000000 -1.000000 0.000000 0.000000 -1.000000 0.000000 0.000000 -1.000000 0.000000 0.000000 -1.000000 0.000000 0.000000 -1.000000 0.000000 0.000000 -1.000000 0.000000 0.000000 -1.000000 0.000000 0.000000 -1.000000 0.000000 0.000000 -1.000000 0.000000 0.000000 -1.000000 0.000000 0.000000 -1.000000 0.000000 0.000000 -1.000000 0.000000 0.000000 -1.000000 0.000000 0.000000 -1.000000 0.000000 0.000000 -1.000000 0.000000 0.000000 -1.000000 -0.107199 0.989892 0.092853 -0.107199 0.989892 0.092853 -0.107199 0.989892 0.092853 -0.107199 0.989892 0.092853 -0.107199 0.989892 0.092853 -0.107199 0.989892 0.092853 -0.107569 0.955137 0.275940 -0.107569 0.955137 0.275940 -0.107569 0.955137 0.275940 -0.107569 0.955137 0.275940 -0.107569 0.955137 0.275940 -0.107569 0.955137 0.275940 -0.108262 0.885937 0.450993 -0.108262 0.885937 0.450993 -0.108262 0.885937 0.450993 -0.108262 0.885937 0.450993 -0.108262 0.885937 0.450993 -0.108262 0.885937 0.450993 -0.109190 0.783180 0.612133 -0.109190 0.783180 0.612133 -0.109190 0.783180 0.612133 -0.109190 0.783180 0.612133 -0.109190 0.783180 0.612133 -0.109190 0.783180 0.612133 -0.110220 0.648807 0.752928 -0.110220 0.648807 0.752928 -0.110220 0.648807 0.752928 -0.110220 0.648807 0.752928 -0.110220 0.648807 0.752928 -0.110220 0.648807 0.752928 -0.111199 0.486389 0.866638 -0.111199 0.486389 0.866638 -0.111199 0.486389 0.866638 -0.111199 0.486389 0.866638 -0.111199 0.486389 0.866638 -0.111199 0.486389 0.866638 -0.111966 0.301583 0.946843 -0.111966 0.301583 0.946843 -0.111966 0.301583 0.946843 -0.111966 0.301583 0.946843 -0.111966 0.301583 0.946843 -0.111966 0.301583 0.946843 -0.112388 0.102216 0.988393 -0.112388 0.102216 0.988393 -0.112388 0.102216 0.988393 -0.112388 0.102216 0.988393 -0.112388 0.102216 0.988393 -0.112388 0.102216 0.988393 -0.112388 -0.102216 0.988393 -0.112388 -0.102216 0.988393 -0.112388 -0.102216 0.988393 -0.112388 -0.102216 0.988393 -0.112388 -0.102216 0.988393 -0.112388 -0.102216 0.988393 -0.111966 -0.301583 0.946843 -0.111966 -0.301583 0.946843 -0.111966 -0.301583 0.946843 -0.111966 -0.301583 0.946843 -0.111966 -0.301583 0.946843 -0.111966 -0.301583 0.946843 -0.111199 -0.486389 0.866638 -0.111199 -0.486389 0.866638 -0.111199 -0.486389 0.866638 -0.111199 -0.486389 0.866638 -0.111199 -0.486389 0.866638 -0.111199 -0.486389 0.866638 -0.110220 -0.648807 0.752928 -0.110220 -0.648807 0.752928 -0.110220 -0.648807 0.752928 -0.110220 -0.648807 0.752928 -0.110220 -0.648807 0.752928 -0.110220 -0.648807 0.752928 -0.109190 -0.783180 0.612133 -0.109190 -0.783180 0.612133 -0.109190 -0.783180 0.612133 -0.109190 -0.783180 0.612133 -0.109190 -0.783180 0.612133 -0.109190 -0.783180 0.612133 -0.108262 -0.885937 0.450993 -0.108262 -0.885937 0.450993 -0.108262 -0.885937 0.450993 -0.108262 -0.885937 0.450993 -0.108262 -0.885937 0.450993 -0.108262 -0.885937 0.450993 -0.107569 -0.955137 0.275940 -0.107569 -0.955137 0.275940 -0.107569 -0.955137 0.275940 -0.107569 -0.955137 0.275940 -0.107569 -0.955137 0.275940 -0.107569 -0.955137 0.275940 -0.107199 -0.989892 0.092853 -0.107199 -0.989892 0.092853 -0.107199 -0.989892 0.092853 -0.107199 -0.989892 0.092853 -0.107199 -0.989892 0.092853 -0.107199 -0.989892 0.092853 -0.000000 -0.000000 -1.000000 -0.000000 -0.000000 -1.000000 -0.000000 -0.000000 -1.000000 -0.000000 -0.000000 -1.000000 -0.000000 -0.000000 -1.000000 -0.000000 -0.000000 -1.000000 0.000000 0.000000 -1.000000 0.000000 0.000000 -1.000000 0.000000 0.000000 -1.000000 0.000000 0.000000 -1.000000 0.000000 0.000000 -1.000000 0.000000 0.000000 -1.000000 0.000000 0.000000 -1.000000 0.000000 0.000000 -1.000000 0.000000 0.000000 -1.000000 0.000000 0.000000 -1.000000 0.000000 0.000000 -1.000000 0.000000 0.000000 -1.000000 0.000000 0.000000 -1.000000 0.000000 0.000000 -1.000000 0.000000 0.000000 -1.000000 0.000000 0.000000 -1.000000 0.000000 0.000000 -1.000000 0.000000 0.000000 -1.000000 -0.114199 0.989116 0.092780 -0.114199 0.989116 0.092780 -0.114199 0.989116 0.092780 -0.114199 0.989116 0.092780 -0.114199 0.989116 0.092780 -0.114199 0.989116 0.092780 -0.114592 0.954382 0.275723 -0.114592 0.954382 0.275723 -0.114592 0.954382 0.275723 -0.114592 0.954382 0.275723 -0.114592 0.954382 0.275723 -0.114592 0.954382 0.275723 -0.115330 0.885228 0.450633 -0.115330 0.885228 0.450633 -0.115330 0.885228 0.450633 -0.115330 0.885228 0.450633 -0.115330 0.885228 0.450633 -0.115330 0.885228 0.450633 -0.116316 0.782543 0.611635 -0.116316 0.782543 0.611635 -0.116316 0.782543 0.611635 -0.116316 0.782543 0.611635 -0.116316 0.782543 0.611635 -0.116316 0.782543 0.611635 -0.117413 0.648270 0.752304 -0.117413 0.648270 0.752304 -0.117413 0.648270 0.752304 -0.117413 0.648270 0.752304 -0.117413 0.648270 0.752304 -0.117413 0.648270 0.752304 -0.118453 0.485978 0.865906 -0.118453 0.485978 0.865906 -0.118453 0.485978 0.865906 -0.118453 0.485978 0.865906 -0.118453 0.485978 0.865906 -0.118453 0.485978 0.865906 -0.119269 0.301325 0.946033 -0.119269 0.301325 0.946033 -0.119269 0.301325 0.946033 -0.119269 0.301325 0.946033 -0.119269 0.301325 0.946033 -0.119269 0.301325 0.946033 -0.119718 0.102128 0.987541 -0.119718 0.102128 0.987541 -0.119718 0.102128 0.987541 -0.119718 0.102128 0.987541 -0.119718 0.102128 0.987541 -0.119718 0.102128 0.987541 -0.119718 -0.102128 0.987541 -0.119718 -0.102128 0.987541 -0.119718 -0.102128 0.987541 -0.119718 -0.102128 0.987541 -0.119718 -0.102128 0.987541 -0.119718 -0.102128 0.987541 -0.119269 -0.301325 0.946033 -0.119269 -0.301325 0.946033 -0.119269 -0.301325 0.946033 -0.119269 -0.301325 0.946033 -0.119269 -0.301325 0.946033 -0.119269 -0.301325 0.946033 -0.118453 -0.485978 0.865906 -0.118453 -0.485978 0.865906 -0.118453 -0.485978 0.865906 -0.118453 -0.485978 0.865906 -0.118453 -0.485978 0.865906 -0.118453 -0.485978 0.865906 -0.117413 -0.648270 0.752304 -0.117413 -0.648270 0.752304 -0.117413 -0.648270 0.752304 -0.117413 -0.648270 0.752304 -0.117413 -0.648270 0.752304 -0.117413 -0.648270 0.752304 -0.116316 -0.782543 0.611635 -0.116316 -0.782543 0.611635 -0.116316 -0.782543 0.611635 -0.116316 -0.782543 0.611635 -0.116316 -0.782543 0.611635 -0.116316 -0.782543 0.611635 -0.115330 -0.885228 0.450633 -0.115330 -0.885228 0.450633 -0.115330 -0.885228 0.450633 -0.115330 -0.885228 0.450633 -0.115330 -0.885228 0.450633 -0.115330 -0.885228 0.450633 -0.114592 -0.954382 0.275723 -0.114592 -0.954382 0.275723 -0.114592 -0.954382 0.275723 -0.114592 -0.954382 0.275723 -0.114592 -0.954382 0.275723 -0.114592 -0.954382 0.275723 -0.114199 -0.989116 0.092780 -0.114199 -0.989116 0.092780 -0.114199 -0.989116 0.092780 -0.114199 -0.989116 0.092780 -0.114199 -0.989116 0.092780 -0.114199 -0.989116 0.092780 -0.000000 -0.000000 -1.000000 -0.000000 -0.000000 -1.000000 -0.000000 -0.000000 -1.000000 -0.000000 -0.000000 -1.000000 -0.000000 -0.000000 -1.000000 -0.000000 -0.000000 -1.000000 0.000000 0.000000 -1.000000 0.000000 0.000000 -1.000000 0.000000 0.000000 -1.000000 0.000000 0.000000 -1.000000 0.000000 0.000000 -1.000000 0.000000 0.000000 -1.000000 0.000000 0.000000 -1.000000 0.000000 0.000000 -1.000000 0.000000 0.000000 -1.000000 0.000000 0.000000 -1.000000 0.000000 0.000000 -1.000000 0.000000 0.000000 -1.000000 0.000000 0.000000 -1.000000 0.000000 0.000000 -1.000000 0.000000 0.000000 -1.000000 0.000000 0.000000 -1.000000 0.000000 0.000000 -1.000000 0.000000 0.000000 -1.000000 -0.121075 0.988305 0.092704 -0.121075 0.988305 0.092704 -0.121075 0.988305 0.092704 -0.121075 0.988305 0.092704 -0.121075 0.988305 0.092704 -0.121075 0.988305 0.092704 -0.121492 0.953594 0.275495 -0.121492 0.953594 0.275495 -0.121492 0.953594 0.275495 -0.121492 0.953594 0.275495 -0.121492 0.953594 0.275495 -0.121492 0.953594 0.275495 -0.122273 0.884488 0.450256 -0.122273 0.884488 0.450256 -0.122273 0.884488 0.450256 -0.122273 0.884488 0.450256 -0.122273 0.884488 0.450256 -0.122273 0.884488 0.450256 -0.123316 0.781877 0.611114 -0.123316 0.781877 0.611114 -0.123316 0.781877 0.611114 -0.123316 0.781877 0.611114 -0.123316 0.781877 0.611114 -0.123316 0.781877 0.611114 -0.124477 0.647708 0.751652 -0.124477 0.647708 0.751652 -0.124477 0.647708 0.751652 -0.124477 0.647708 0.751652 -0.124477 0.647708 0.751652 -0.124477 0.647708 0.751652 -0.125578 0.485550 0.865143 -0.125578 0.485550 0.865143 -0.125578 0.485550 0.865143 -0.125578 0.485550 0.865143 -0.125578 0.485550 0.865143 -0.125578 0.485550 0.865143 -0.126441 0.301055 0.945187 -0.126441 0.301055 0.945187 -0.126441 0.301055 0.945187 -0.126441 0.301055 0.945187 -0.126441 0.301055 0.945187 -0.126441 0.301055 0.945187 -0.126916 0.102036 0.986651 -0.126916 0.102036 0.986651 -0.126916 0.102036 0.986651 -0.126916 0.102036 0.986651 -0.126916 0.102036 0.986651 -0.126916 0.102036 0.986651 -0.126916 -0.102036 0.986651 -0.126916 -0.102036 0.986651 -0.126916 -0.102036 0.986651 -0.126916 -0.102036 0.986651 -0.126916 -0.102036 0.986651 -0.126916 -0.102036 0.986651 -0.126441 -0.301055 0.945187 -0.126441 -0.301055 0.945187 -0.126441 -0.301055 0.945187 -0.126441 -0.301055 0.945187 -0.126441 -0.301055 0.945187 -0.126441 -0.301055 0.945187 -0.125578 -0.485550 0.865143 -0.125578 -0.485550 0.865143 -0.125578 -0.485550 0.865143 -0.125578 -0.485550 0.865143 -0.125578 -0.485550 0.865143 -0.125578 -0.485550 0.865143 -0.124477 -0.647708 0.751652 -0.124477 -0.647708 0.751652 -0.124477 -0.647708 0.751652 -0.124477 -0.647708 0.751652 -0.124477 -0.647708 0.751652 -0.124477 -0.647708 0.751652 -0.123316 -0.781877 0.611114 -0.123316 -0.781877 0.611114 -0.123316 -0.781877 0.611114 -0.123316 -0.781877 0.611114 -0.123316 -0.781877 0.611114 -0.123316 -0.781877 0.611114 -0.122273 -0.884488 0.450256 -0.122273 -0.884488 0.450256 -0.122273 -0.884488 0.450256 -0.122273 -0.884488 0.450256 -0.122273 -0.884488 0.450256 -0.122273 -0.884488 0.450256 -0.121492 -0.953594 0.275495 -0.121492 -0.953594 0.275495 -0.121492 -0.953594 0.275495 -0.121492 -0.953594 0.275495 -0.121492 -0.953594 0.275495 -0.121492 -0.953594 0.275495 -0.121075 -0.988305 0.092704 -0.121075 -0.988305 0.092704 -0.121075 -0.988305 0.092704 -0.121075 -0.988305 0.092704 -0.121075 -0.988305 0.092704 -0.121075 -0.988305 0.092704 -0.000000 -0.000000 -1.000000 -0.000000 -0.000000 -1.000000 -0.000000 -0.000000 -1.000000 -0.000000 -0.000000 -1.000000 -0.000000 -0.000000 -1.000000 -0.000000 -0.000000 -1.000000 0.000000 0.000000 -1.000000 0.000000 0.000000 -1.000000 0.000000 0.000000 -1.000000 0.000000 0.000000 -1.000000 0.000000 0.000000 -1.000000 0.000000 0.000000 -1.000000 0.000000 0.000000 -1.000000 0.000000 0.000000 -1.000000 0.000000 0.000000 -1.000000 0.000000 0.000000 -1.000000 0.000000 0.000000 -1.000000 0.000000 0.000000 -1.000000 0.000000 0.000000 -1.000000 0.000000 0.000000 -1.000000 0.000000 0.000000 -1.000000 0.000000 0.000000 -1.000000 0.000000 0.000000 -1.000000 0.000000 0.000000 -1.000000 1.000000 0.000000 0.000000 1.000000 0.000000 0.000000 1.000000 0.000000 0.000000 -1.000000 0.000000 0.000000 -1.000000 0.000000 0.000000 -1.000000 0.000000 0.000000 1.000000 0.000000 0.000000 1.000000 0.000000 0.000000 1.000000 0.000000 0.000000 -1.000000 0.000000 0.000000 -1.000000 0.000000 0.000000 -1.000000 0.000000 0.000000 1.000000 0.000000 0.000000 1.000000 0.000000 0.000000 1.000000 0.000000 0.000000 -1.000000 -0.000000 0.000000 -1.000000 -0.000000 0.000000 -1.000000 -0.000000 0.000000 1.000000 0.000000 0.000000 1.000000 0.000000 0.000000 1.000000 0.000000 0.000000 -1.000000 0.000000 0.000000 -1.000000 0.000000 0.000000 -1.000000 0.000000 0.000000 1.000000 0.000000 0.000000 1.000000 0.000000 0.000000 1.000000 0.000000 0.000000 -1.000000 0.000000 0.000000 -1.000000 0.000000 0.000000 -1.000000 0.000000 0.000000 1.000000 0.000000 0.000000 1.000000 0.000000 0.000000 1.000000 0.000000 0.000000 -1.000000 0.000000 0.000000 -1.000000 0.000000 0.000000 -1.000000 0.000000 0.000000 1.000000 0.000000 0.000000 1.000000 0.000000 0.000000 1.000000 0.000000 0.000000 -1.000000 0.000000 0.000000 -1.000000 0.000000 0.000000 -1.000000 0.000000 0.000000 1.000000 0.000000 0.000000 1.000000 0.000000 0.000000 1.000000 0.000000 0.000000 -1.000000 0.000000 0.000000 -1.000000 0.000000 0.000000 -1.000000 0.000000 0.000000 1.000000 0.000000 0.000000 1.000000 0.000000 0.000000 1.000000 0.000000 0.000000 -1.000000 0.000000 -0.000000 -1.000000 0.000000 -0.000000 -1.000000 0.000000 -0.000000 1.000000 0.000000 0.000000 1.000000 0.000000 0.000000 1.000000 0.000000 0.000000 -1.000000 0.000000 0.000000 -1.000000 0.000000 0.000000 -1.000000 0.000000 0.000000 1.000000 0.000000 0.000000 1.000000 0.000000 0.000000 1.000000 0.000000 0.000000 -1.000000 0.000000 0.000000 -1.000000 0.000000 0.000000 -1.000000 0.000000 0.000000 1.000000 0.000000 0.000000 1.000000 0.000000 0.000000 1.000000 0.000000 0.000000 -1.000000 0.000000 0.000000 -1.000000 0.000000 0.000000 -1.000000 0.000000 0.000000 1.000000 0.000000 0.000000 1.000000 0.000000 0.000000 1.000000 0.000000 0.000000 -1.000000 0.000000 0.000000 -1.000000 0.000000 0.000000 -1.000000 0.000000 0.000000 1.000000 -0.000000 0.000000 1.000000 -0.000000 0.000000 1.000000 -0.000000 0.000000 -1.000000 0.000000 0.000000 -1.000000 0.000000 0.000000 -1.000000 0.000000 0.000000 1.000000 0.000000 0.000000 1.000000 0.000000 0.000000 1.000000 0.000000 0.000000 -1.000000 0.000000 0.000000 -1.000000 0.000000 0.000000 -1.000000 0.000000 0.000000 1.000000 0.000000 0.000000 1.000000 0.000000 0.000000 1.000000 0.000000 0.000000 -1.000000 0.000000 0.000000 -1.000000 0.000000 0.000000 -1.000000 0.000000 0.000000 1.000000 0.000000 0.000000 1.000000 0.000000 0.000000 1.000000 0.000000 0.000000 -1.000000 0.000000 0.000000 -1.000000 0.000000 0.000000 -1.000000 0.000000 0.000000 1.000000 0.000000 0.000000 1.000000 0.000000 0.000000 1.000000 0.000000 0.000000 -1.000000 0.000000 0.000000 -1.000000 0.000000 0.000000 -1.000000 0.000000 0.000000 1.000000 0.000000 -0.000000 1.000000 0.000000 -0.000000 1.000000 0.000000 -0.000000 -1.000000 0.000000 0.000000 -1.000000 0.000000 0.000000 -1.000000 0.000000 0.000000 1.000000 0.000000 0.000000 1.000000 0.000000 0.000000 1.000000 0.000000 0.000000 -1.000000 0.000000 0.000000 -1.000000 0.000000 0.000000 -1.000000 0.000000 0.000000 1.000000 0.000000 0.000000 1.000000 0.000000 0.000000 1.000000 0.000000 0.000000 -1.000000 0.000000 0.000000 -1.000000 0.000000 0.000000 -1.000000 0.000000 0.000000 1.000000 0.000000 0.000000 1.000000 0.000000 0.000000 1.000000 0.000000 0.000000 -1.000000 0.000000 0.000000 -1.000000 0.000000 0.000000 -1.000000 0.000000 0.000000 1.000000 0.000000 0.000000 1.000000 0.000000 0.000000 1.000000 0.000000 0.000000 -1.000000 -0.000000 0.000000 -1.000000 -0.000000 0.000000 -1.000000 -0.000000 0.000000 1.000000 0.000000 0.000000 1.000000 0.000000 0.000000 1.000000 0.000000 0.000000 -1.000000 0.000000 0.000000 -1.000000 0.000000 0.000000 -1.000000 0.000000 0.000000 1.000000 0.000000 0.000000 1.000000 0.000000 0.000000 1.000000 0.000000 0.000000 -1.000000 0.000000 0.000000 -1.000000 0.000000 0.000000 -1.000000 0.000000 0.000000 1.000000 0.000000 0.000000 1.000000 0.000000 0.000000 1.000000 0.000000 0.000000 -1.000000 0.000000 0.000000 -1.000000 0.000000 0.000000 -1.000000 0.000000 0.000000 1.000000 0.000000 0.000000 1.000000 0.000000 0.000000 1.000000 0.000000 0.000000 -1.000000 0.000000 0.000000 -1.000000 0.000000 0.000000 -1.000000 0.000000 0.000000 1.000000 0.000000 0.000000 1.000000 0.000000 0.000000 1.000000 0.000000 0.000000 -1.000000 0.000000 0.000000 -1.000000 0.000000 0.000000 -1.000000 0.000000 0.000000 1.000000 0.000000 0.000000 1.000000 0.000000 0.000000 1.000000 0.000000 0.000000 -1.000000 0.000000 -0.000000 -1.000000 0.000000 -0.000000 -1.000000 0.000000 -0.000000 1.000000 0.000000 0.000000 1.000000 0.000000 0.000000 1.000000 0.000000 0.000000 -1.000000 0.000000 0.000000 -1.000000 0.000000 0.000000 -1.000000 0.000000 0.000000 1.000000 0.000000 0.000000 1.000000 0.000000 0.000000 1.000000 0.000000 0.000000 -1.000000 0.000000 0.000000 -1.000000 0.000000 0.000000 -1.000000 0.000000 0.000000 1.000000 0.000000 0.000000 1.000000 0.000000 0.000000 1.000000 0.000000 0.000000 -1.000000 0.000000 0.000000 -1.000000 0.000000 0.000000 -1.000000 0.000000 0.000000 1.000000 0.000000 0.000000 1.000000 0.000000 0.000000 1.000000 0.000000 0.000000 -1.000000 0.000000 0.000000 -1.000000 0.000000 0.000000 -1.000000 0.000000 0.000000 1.000000 -0.000000 0.000000 1.000000 -0.000000 0.000000 1.000000 -0.000000 0.000000 -1.000000 0.000000 0.000000 -1.000000 0.000000 0.000000 -1.000000 0.000000 0.000000 1.000000 0.000000 0.000000 1.000000 0.000000 0.000000 1.000000 0.000000 0.000000 -1.000000 0.000000 0.000000 -1.000000 0.000000 0.000000 -1.000000 0.000000 0.000000 1.000000 0.000000 0.000000 1.000000 0.000000 0.000000 1.000000 0.000000 0.000000 -1.000000 0.000000 0.000000 -1.000000 0.000000 0.000000 -1.000000 0.000000 0.000000 1.000000 0.000000 0.000000 1.000000 0.000000 0.000000 1.000000 0.000000 0.000000 -1.000000 0.000000 0.000000 -1.000000 0.000000 0.000000 -1.000000 0.000000 0.000000 1.000000 0.000000 0.000000 1.000000 0.000000 0.000000 1.000000 0.000000 0.000000 -1.000000 0.000000 0.000000 -1.000000 0.000000 0.000000 -1.000000 0.000000 0.000000 1.000000 0.000000 -0.000000 1.000000 0.000000 -0.000000 1.000000 0.000000 -0.000000 -1.000000 0.000000 0.000000 -1.000000 0.000000 0.000000 -1.000000 0.000000 0.000000 1.000000 0.000000 0.000000 1.000000 0.000000 0.000000 1.000000 0.000000 0.000000 -1.000000 0.000000 0.000000 -1.000000 0.000000 0.000000 -1.000000 0.000000 0.000000
          </float_array>
          <technique_common>
            <accessor source="#hull_small-normals-array" count="3720" stride="3">
              <param name="X" type="float"/>
              <param name="Y" type="float"/>
              <param name="Z" type="float"/>
            </accessor>
          </technique_common>
        </source>

        <vertices id="hull_small-vertices">
          <input semantic="POSITION" source="#hull_small-positions"/>
        </vertices>

        <triangles count="1240" material="hull_small_mat">
          <input semantic="VERTEX" source="#hull_small-vertices" offset="0"/>
          <input semantic="NORMAL" source="#hull_small-normals"  offset="1"/>
          <p>0 0 20 1 21 2 0 3 21 4 1 5 1 6 21 7 22 8 1 9 22 10 2 11 2 12 22 13 23 14 2 15 23 16 3 17 3 18 23 19 24 20 3 21 24 22 4 23 4 24 24 25 25 26 4 27 25 28 5 29 5 30 25 31 26 32 5 33 26 34 6 35 6 36 26 37 27 38 6 39 27 40 7 41 7 42 27 43 28 44 7 45 28 46 8 47 8 48 28 49 29 50 8 51 29 52 9 53 9 54 29 55 30 56 9 57 30 58 10 59 10 60 30 61 31 62 10 63 31 64 11 65 11 66 31 67 32 68 11 69 32 70 12 71 12 72 32 73 33 74 12 75 33 76 13 77 13 78 33 79 34 80 13 81 34 82 14 83 14 84 34 85 35 86 14 87 35 88 15 89 15 90 35 91 36 92 15 93 36 94 16 95 16 96 36 97 37 98 16 99 37 100 17 101 17 102 37 103 38 104 17 105 38 106 18 107 18 108 38 109 39 110 18 111 39 112 19 113 19 114 39 115 20 116 19 117 20 118 0 119 20 120 40 121 41 122 20 123 41 124 21 125 21 126 41 127 42 128 21 129 42 130 22 131 22 132 42 133 43 134 22 135 43 136 23 137 23 138 43 139 44 140 23 141 44 142 24 143 24 144 44 145 45 146 24 147 45 148 25 149 25 150 45 151 46 152 25 153 46 154 26 155 26 156 46 157 47 158 26 159 47 160 27 161 27 162 47 163 48 164 27 165 48 166 28 167 28 168 48 169 49 170 28 171 49 172 29 173 29 174 49 175 50 176 29 177 50 178 30 179 30 180 50 181 51 182 30 183 51 184 31 185 31 186 51 187 52 188 31 189 52 190 32 191 32 192 52 193 53 194 32 195 53 196 33 197 33 198 53 199 54 200 33 201 54 202 34 203 34 204 54 205 55 206 34 207 55 208 35 209 35 210 55 211 56 212 35 213 56 214 36 215 36 216 56 217 57 218 36 219 57 220 37 221 37 222 57 223 58 224 37 225 58 226 38 227 38 228 58 229 59 230 38 231 59 232 39 233 39 234 59 235 40 236 39 237 40 238 20 239 40 240 60 241 61 242 40 243 61 244 41 245 41 246 61 247 62 248 41 249 62 250 42 251 42 252 62 253 63 254 42 255 63 256 43 257 43 258 63 259 64 260 43 261 64 262 44 263 44 264 64 265 65 266 44 267 65 268 45 269 45 270 65 271 66 272 45 273 66 274 46 275 46 276 66 277 67 278 46 279 67 280 47 281 47 282 67 283 68 284 47 285 68 286 48 287 48 288 68 289 69 290 48 291 69 292 49 293 49 294 69 295 70 296 49 297 70 298 50 299 50 300 70 301 71 302 50 303 71 304 51 305 51 306 71 307 72 308 51 309 72 310 52 311 52 312 72 313 73 314 52 315 73 316 53 317 53 318 73 319 74 320 53 321 74 322 54 323 54 324 74 325 75 326 54 327 75 328 55 329 55 330 75 331 76 332 55 333 76 334 56 335 56 336 76 337 77 338 56 339 77 340 57 341 57 342 77 343 78 344 57 345 78 346 58 347 58 348 78 349 79 350 58 351 79 352 59 353 59 354 79 355 60 356 59 357 60 358 40 359 60 360 80 361 81 362 60 363 81 364 61 365 61 366 81 367 82 368 61 369 82 370 62 371 62 372 82 373 83 374 62 375 83 376 63 377 63 378 83 379 84 380 63 381 84 382 64 383 64 384 84 385 85 386 64 387 85 388 65 389 65 390 85 391 86 392 65 393 86 394 66 395 66 396 86 397 87 398 66 399 87 400 67 401 67 402 87 403 88 404 67 405 88 406 68 407 68 408 88 409 89 410 68 411 89 412 69 413 69 414 89 415 90 416 69 417 90 418 70 419 70 420 90 421 91 422 70 423 91 424 71 425 71 426 91 427 92 428 71 429 92 430 72 431 72 432 92 433 93 434 72 435 93 436 73 437 73 438 93 439 94 440 73 441 94 442 74 443 74 444 94 445 95 446 74 447 95 448 75 449 75 450 95 451 96 452 75 453 96 454 76 455 76 456 96 457 97 458 76 459 97 460 77 461 77 462 97 463 98 464 77 465 98 466 78 467 78 468 98 469 99 470 78 471 99 472 79 473 79 474 99 475 80 476 79 477 80 478 60 479 80 480 100 481 101 482 80 483 101 484 81 485 81 486 101 487 102 488 81 489 102 490 82 491 82 492 102 493 103 494 82 495 103 496 83 497 83 498 103 499 104 500 83 501 104 502 84 503 84 504 104 505 105 506 84 507 105 508 85 509 85 510 105 511 106 512 85 513 106 514 86 515 86 516 106 517 107 518 86 519 107 520 87 521 87 522 107 523 108 524 87 525 108 526 88 527 88 528 108 529 109 530 88 531 109 532 89 533 89 534 109 535 110 536 89 537 110 538 90 539 90 540 110 541 111 542 90 543 111 544 91 545 91 546 111 547 112 548 91 549 112 550 92 551 92 552 112 553 113 554 92 555 113 556 93 557 93 558 113 559 114 560 93 561 114 562 94 563 94 564 114 565 115 566 94 567 115 568 95 569 95 570 115 571 116 572 95 573 116 574 96 575 96 576 116 577 117 578 96 579 117 580 97 581 97 582 117 583 118 584 97 585 118 586 98 587 98 588 118 589 119 590 98 591 119 592 99 593 99 594 119 595 100 596 99 597 100 598 80 599 100 600 120 601 121 602 100 603 121 604 101 605 101 606 121 607 122 608 101 609 122 610 102 611 102 612 122 613 123 614 102 615 123 616 103 617 103 618 123 619 124 620 103 621 124 622 104 623 104 624 124 625 125 626 104 627 125 628 105 629 105 630 125 631 126 632 105 633 126 634 106 635 106 636 126 637 127 638 106 639 127 640 107 641 107 642 127 643 128 644 107 645 128 646 108 647 108 648 128 649 129 650 108 651 129 652 109 653 109 654 129 655 130 656 109 657 130 658 110 659 110 660 130 661 131 662 110 663 131 664 111 665 111 666 131 667 132 668 111 669 132 670 112 671 112 672 132 673 133 674 112 675 133 676 113 677 113 678 133 679 134 680 113 681 134 682 114 683 114 684 134 685 135 686 114 687 135 688 115 689 115 690 135 691 136 692 115 693 136 694 116 695 116 696 136 697 137 698 116 699 137 700 117 701 117 702 137 703 138 704 117 705 138 706 118 707 118 708 138 709 139 710 118 711 139 712 119 713 119 714 139 715 120 716 119 717 120 718 100 719 120 720 140 721 141 722 120 723 141 724 121 725 121 726 141 727 142 728 121 729 142 730 122 731 122 732 142 733 143 734 122 735 143 736 123 737 123 738 143 739 144 740 123 741 144 742 124 743 124 744 144 745 145 746 124 747 145 748 125 749 125 750 145 751 146 752 125 753 146 754 126 755 126 756 146 757 147 758 126 759 147 760 127 761 127 762 147 763 148 764 127 765 148 766 128 767 128 768 148 769 149 770 128 771 149 772 129 773 129 774 149 775 150 776 129 777 150 778 130 779 130 780 150 781 151 782 130 783 151 784 131 785 131 786 151 787 152 788 131 789 152 790 132 791 132 792 152 793 153 794 132 795 153 796 133 797 133 798 153 799 154 800 133 801 154 802 134 803 134 804 154 805 155 806 134 807 155 808 135 809 135 810 155 811 156 812 135 813 156 814 136 815 136 816 156 817 157 818 136 819 157 820 137 821 137 822 157 823 158 824 137 825 158 826 138 827 138 828 158 829 159 830 138 831 159 832 139 833 139 834 159 835 140 836 139 837 140 838 120 839 140 840 160 841 161 842 140 843 161 844 141 845 141 846 161 847 162 848 141 849 162 850 142 851 142 852 162 853 163 854 142 855 163 856 143 857 143 858 163 859 164 860 143 861 164 862 144 863 144 864 164 865 165 866 144 867 165 868 145 869 145 870 165 871 166 872 145 873 166 874 146 875 146 876 166 877 167 878 146 879 167 880 147 881 147 882 167 883 168 884 147 885 168 886 148 887 148 888 168 889 169 890 148 891 169 892 149 893 149 894 169 895 170 896 149 897 170 898 150 899 150 900 170 901 171 902 150 903 171 904 151 905 151 906 171 907 172 908 151 909 172 910 152 911 152 912 172 913 173 914 152 915 173 916 153 917 153 918 173 919 174 920 153 921 174 922 154 923 154 924 174 925 175 926 154 927 175 928 155 929 155 930 175 931 176 932 155 933 176 934 156 935 156 936 176 937 177 938 156 939 177 940 157 941 157 942 177 943 178 944 157 945 178 946 158 947 158 948 178 949 179 950 158 951 179 952 159 953 159 954 179 955 160 956 159 957 160 958 140 959 160 960 180 961 181 962 160 963 181 964 161 965 161 966 181 967 182 968 161 969 182 970 162 971 162 972 182 973 183 974 162 975 183 976 163 977 163 978 183 979 184 980 163 981 184 982 164 983 164 984 184 985 185 986 164 987 185 988 165 989 165 990 185 991 186 992 165 993 186 994 166 995 166 996 186 997 187 998 166 999 187 1000 167 1001 167 1002 187 1003 188 1004 167 1005 188 1006 168 1007 168 1008 188 1009 189 1010 168 1011 189 1012 169 1013 169 1014 189 1015 190 1016 169 1017 190 1018 170 1019 170 1020 190 1021 191 1022 170 1023 191 1024 171 1025 171 1026 191 1027 192 1028 171 1029 192 1030 172 1031 172 1032 192 1033 193 1034 172 1035 193 1036 173 1037 173 1038 193 1039 194 1040 173 1041 194 1042 174 1043 174 1044 194 1045 195 1046 174 1047 195 1048 175 1049 175 1050 195 1051 196 1052 175 1053 196 1054 176 1055 176 1056 196 1057 197 1058 176 1059 197 1060 177 1061 177 1062 197 1063 198 1064 177 1065 198 1066 178 1067 178 1068 198 1069 199 1070 178 1071 199 1072 179 1073 179 1074 199 1075 180 1076 179 1077 180 1078 160 1079 180 1080 200 1081 201 1082 180 1083 201 1084 181 1085 181 1086 201 1087 202 1088 181 1089 202 1090 182 1091 182 1092 202 1093 203 1094 182 1095 203 1096 183 1097 183 1098 203 1099 204 1100 183 1101 204 1102 184 1103 184 1104 204 1105 205 1106 184 1107 205 1108 185 1109 185 1110 205 1111 206 1112 185 1113 206 1114 186 1115 186 1116 206 1117 207 1118 186 1119 207 1120 187 1121 187 1122 207 1123 208 1124 187 1125 208 1126 188 1127 188 1128 208 1129 209 1130 188 1131 209 1132 189 1133 189 1134 209 1135 210 1136 189 1137 210 1138 190 1139 190 1140 210 1141 211 1142 190 1143 211 1144 191 1145 191 1146 211 1147 212 1148 191 1149 212 1150 192 1151 192 1152 212 1153 213 1154 192 1155 213 1156 193 1157 193 1158 213 1159 214 1160 193 1161 214 1162 194 1163 194 1164 214 1165 215 1166 194 1167 215 1168 195 1169 195 1170 215 1171 216 1172 195 1173 216 1174 196 1175 196 1176 216 1177 217 1178 196 1179 217 1180 197 1181 197 1182 217 1183 218 1184 197 1185 218 1186 198 1187 198 1188 218 1189 219 1190 198 1191 219 1192 199 1193 199 1194 219 1195 200 1196 199 1197 200 1198 180 1199 200 1200 220 1201 221 1202 200 1203 221 1204 201 1205 201 1206 221 1207 222 1208 201 1209 222 1210 202 1211 202 1212 222 1213 223 1214 202 1215 223 1216 203 1217 203 1218 223 1219 224 1220 203 1221 224 1222 204 1223 204 1224 224 1225 225 1226 204 1227 225 1228 205 1229 205 1230 225 1231 226 1232 205 1233 226 1234 206 1235 206 1236 226 1237 227 1238 206 1239 227 1240 207 1241 207 1242 227 1243 228 1244 207 1245 228 1246 208 1247 208 1248 228 1249 229 1250 208 1251 229 1252 209 1253 209 1254 229 1255 230 1256 209 1257 230 1258 210 1259 210 1260 230 1261 231 1262 210 1263 231 1264 211 1265 211 1266 231 1267 232 1268 211 1269 232 1270 212 1271 212 1272 232 1273 233 1274 212 1275 233 1276 213 1277 213 1278 233 1279 234 1280 213 1281 234 1282 214 1283 214 1284 234 1285 235 1286 214 1287 235 1288 215 1289 215 1290 235 1291 236 1292 215 1293 236 1294 216 1295 216 1296 236 1297 237 1298 216 1299 237 1300 217 1301 217 1302 237 1303 238 1304 217 1305 238 1306 218 1307 218 1308 238 1309 239 1310 218 1311 239 1312 219 1313 219 1314 239 1315 220 1316 219 1317 220 1318 200 1319 220 1320 240 1321 241 1322 220 1323 241 1324 221 1325 221 1326 241 1327 242 1328 221 1329 242 1330 222 1331 222 1332 242 1333 243 1334 222 1335 243 1336 223 1337 223 1338 243 1339 244 1340 223 1341 244 1342 224 1343 224 1344 244 1345 245 1346 224 1347 245 1348 225 1349 225 1350 245 1351 246 1352 225 1353 246 1354 226 1355 226 1356 246 1357 247 1358 226 1359 247 1360 227 1361 227 1362 247 1363 248 1364 227 1365 248 1366 228 1367 228 1368 248 1369 249 1370 228 1371 249 1372 229 1373 229 1374 249 1375 250 1376 229 1377 250 1378 230 1379 230 1380 250 1381 251 1382 230 1383 251 1384 231 1385 231 1386 251 1387 252 1388 231 1389 252 1390 232 1391 232 1392 252 1393 253 1394 232 1395 253 1396 233 1397 233 1398 253 1399 254 1400 233 1401 254 1402 234 1403 234 1404 254 1405 255 1406 234 1407 255 1408 235 1409 235 1410 255 1411 256 1412 235 1413 256 1414 236 1415 236 1416 256 1417 257 1418 236 1419 257 1420 237 1421 237 1422 257 1423 258 1424 237 1425 258 1426 238 1427 238 1428 258 1429 259 1430 238 1431 259 1432 239 1433 239 1434 259 1435 240 1436 239 1437 240 1438 220 1439 240 1440 260 1441 261 1442 240 1443 261 1444 241 1445 241 1446 261 1447 262 1448 241 1449 262 1450 242 1451 242 1452 262 1453 263 1454 242 1455 263 1456 243 1457 243 1458 263 1459 264 1460 243 1461 264 1462 244 1463 244 1464 264 1465 265 1466 244 1467 265 1468 245 1469 245 1470 265 1471 266 1472 245 1473 266 1474 246 1475 246 1476 266 1477 267 1478 246 1479 267 1480 247 1481 247 1482 267 1483 268 1484 247 1485 268 1486 248 1487 248 1488 268 1489 269 1490 248 1491 269 1492 249 1493 249 1494 269 1495 270 1496 249 1497 270 1498 250 1499 250 1500 270 1501 271 1502 250 1503 271 1504 251 1505 251 1506 271 1507 272 1508 251 1509 272 1510 252 1511 252 1512 272 1513 273 1514 252 1515 273 1516 253 1517 253 1518 273 1519 274 1520 253 1521 274 1522 254 1523 254 1524 274 1525 275 1526 254 1527 275 1528 255 1529 255 1530 275 1531 276 1532 255 1533 276 1534 256 1535 256 1536 276 1537 277 1538 256 1539 277 1540 257 1541 257 1542 277 1543 278 1544 257 1545 278 1546 258 1547 258 1548 278 1549 279 1550 258 1551 279 1552 259 1553 259 1554 279 1555 260 1556 259 1557 260 1558 240 1559 260 1560 280 1561 281 1562 260 1563 281 1564 261 1565 261 1566 281 1567 282 1568 261 1569 282 1570 262 1571 262 1572 282 1573 283 1574 262 1575 283 1576 263 1577 263 1578 283 1579 284 1580 263 1581 284 1582 264 1583 264 1584 284 1585 285 1586 264 1587 285 1588 265 1589 265 1590 285 1591 286 1592 265 1593 286 1594 266 1595 266 1596 286 1597 287 1598 266 1599 287 1600 267 1601 267 1602 287 1603 288 1604 267 1605 288 1606 268 1607 268 1608 288 1609 289 1610 268 1611 289 1612 269 1613 269 1614 289 1615 290 1616 269 1617 290 1618 270 1619 270 1620 290 1621 291 1622 270 1623 291 1624 271 1625 271 1626 291 1627 292 1628 271 1629 292 1630 272 1631 272 1632 292 1633 293 1634 272 1635 293 1636 273 1637 273 1638 293 1639 294 1640 273 1641 294 1642 274 1643 274 1644 294 1645 295 1646 274 1647 295 1648 275 1649 275 1650 295 1651 296 1652 275 1653 296 1654 276 1655 276 1656 296 1657 297 1658 276 1659 297 1660 277 1661 277 1662 297 1663 298 1664 277 1665 298 1666 278 1667 278 1668 298 1669 299 1670 278 1671 299 1672 279 1673 279 1674 299 1675 280 1676 279 1677 280 1678 260 1679 280 1680 300 1681 301 1682 280 1683 301 1684 281 1685 281 1686 301 1687 302 1688 281 1689 302 1690 282 1691 282 1692 302 1693 303 1694 282 1695 303 1696 283 1697 283 1698 303 1699 304 1700 283 1701 304 1702 284 1703 284 1704 304 1705 305 1706 284 1707 305 1708 285 1709 285 1710 305 1711 306 1712 285 1713 306 1714 286 1715 286 1716 306 1717 307 1718 286 1719 307 1720 287 1721 287 1722 307 1723 308 1724 287 1725 308 1726 288 1727 288 1728 308 1729 309 1730 288 1731 309 1732 289 1733 289 1734 309 1735 310 1736 289 1737 310 1738 290 1739 290 1740 310 1741 311 1742 290 1743 311 1744 291 1745 291 1746 311 1747 312 1748 291 1749 312 1750 292 1751 292 1752 312 1753 313 1754 292 1755 313 1756 293 1757 293 1758 313 1759 314 1760 293 1761 314 1762 294 1763 294 1764 314 1765 315 1766 294 1767 315 1768 295 1769 295 1770 315 1771 316 1772 295 1773 316 1774 296 1775 296 1776 316 1777 317 1778 296 1779 317 1780 297 1781 297 1782 317 1783 318 1784 297 1785 318 1786 298 1787 298 1788 318 1789 319 1790 298 1791 319 1792 299 1793 299 1794 319 1795 300 1796 299 1797 300 1798 280 1799 300 1800 320 1801 321 1802 300 1803 321 1804 301 1805 301 1806 321 1807 322 1808 301 1809 322 1810 302 1811 302 1812 322 1813 323 1814 302 1815 323 1816 303 1817 303 1818 323 1819 324 1820 303 1821 324 1822 304 1823 304 1824 324 1825 325 1826 304 1827 325 1828 305 1829 305 1830 325 1831 326 1832 305 1833 326 1834 306 1835 306 1836 326 1837 327 1838 306 1839 327 1840 307 1841 307 1842 327 1843 328 1844 307 1845 328 1846 308 1847 308 1848 328 1849 329 1850 308 1851 329 1852 309 1853 309 1854 329 1855 330 1856 309 1857 330 1858 310 1859 310 1860 330 1861 331 1862 310 1863 331 1864 311 1865 311 1866 331 1867 332 1868 311 1869 332 1870 312 1871 312 1872 332 1873 333 1874 312 1875 333 1876 313 1877 313 1878 333 1879 334 1880 313 1881 334 1882 314 1883 314 1884 334 1885 335 1886 314 1887 335 1888 315 1889 315 1890 335 1891 336 1892 315 1893 336 1894 316 1895 316 1896 336 1897 337 1898 316 1899 337 1900 317 1901 317 1902 337 1903 338 1904 317 1905 338 1906 318 1907 318 1908 338 1909 339 1910 318 1911 339 1912 319 1913 319 1914 339 1915 320 1916 319 1917 320 1918 300 1919 320 1920 340 1921 341 1922 320 1923 341 1924 321 1925 321 1926 341 1927 342 1928 321 1929 342 1930 322 1931 322 1932 342 1933 343 1934 322 1935 343 1936 323 1937 323 1938 343 1939 344 1940 323 1941 344 1942 324 1943 324 1944 344 1945 345 1946 324 1947 345 1948 325 1949 325 1950 345 1951 346 1952 325 1953 346 1954 326 1955 326 1956 346 1957 347 1958 326 1959 347 1960 327 1961 327 1962 347 1963 348 1964 327 1965 348 1966 328 1967 328 1968 348 1969 349 1970 328 1971 349 1972 329 1973 329 1974 349 1975 350 1976 329 1977 350 1978 330 1979 330 1980 350 1981 351 1982 330 1983 351 1984 331 1985 331 1986 351 1987 352 1988 331 1989 352 1990 332 1991 332 1992 352 1993 353 1994 332 1995 353 1996 333 1997 333 1998 353 1999 354 2000 333 2001 354 2002 334 2003 334 2004 354 2005 355 2006 334 2007 355 2008 335 2009 335 2010 355 2011 356 2012 335 2013 356 2014 336 2015 336 2016 356 2017 357 2018 336 2019 357 2020 337 2021 337 2022 357 2023 358 2024 337 2025 358 2026 338 2027 338 2028 358 2029 359 2030 338 2031 359 2032 339 2033 339 2034 359 2035 340 2036 339 2037 340 2038 320 2039 340 2040 360 2041 361 2042 340 2043 361 2044 341 2045 341 2046 361 2047 362 2048 341 2049 362 2050 342 2051 342 2052 362 2053 363 2054 342 2055 363 2056 343 2057 343 2058 363 2059 364 2060 343 2061 364 2062 344 2063 344 2064 364 2065 365 2066 344 2067 365 2068 345 2069 345 2070 365 2071 366 2072 345 2073 366 2074 346 2075 346 2076 366 2077 367 2078 346 2079 367 2080 347 2081 347 2082 367 2083 368 2084 347 2085 368 2086 348 2087 348 2088 368 2089 369 2090 348 2091 369 2092 349 2093 349 2094 369 2095 370 2096 349 2097 370 2098 350 2099 350 2100 370 2101 371 2102 350 2103 371 2104 351 2105 351 2106 371 2107 372 2108 351 2109 372 2110 352 2111 352 2112 372 2113 373 2114 352 2115 373 2116 353 2117 353 2118 373 2119 374 2120 353 2121 374 2122 354 2123 354 2124 374 2125 375 2126 354 2127 375 2128 355 2129 355 2130 375 2131 376 2132 355 2133 376 2134 356 2135 356 2136 376 2137 377 2138 356 2139 377 2140 357 2141 357 2142 377 2143 378 2144 357 2145 378 2146 358 2147 358 2148 378 2149 379 2150 358 2151 379 2152 359 2153 359 2154 379 2155 360 2156 359 2157 360 2158 340 2159 360 2160 380 2161 381 2162 360 2163 381 2164 361 2165 361 2166 381 2167 382 2168 361 2169 382 2170 362 2171 362 2172 382 2173 383 2174 362 2175 383 2176 363 2177 363 2178 383 2179 384 2180 363 2181 384 2182 364 2183 364 2184 384 2185 385 2186 364 2187 385 2188 365 2189 365 2190 385 2191 386 2192 365 2193 386 2194 366 2195 366 2196 386 2197 387 2198 366 2199 387 2200 367 2201 367 2202 387 2203 388 2204 367 2205 388 2206 368 2207 368 2208 388 2209 389 2210 368 2211 389 2212 369 2213 369 2214 389 2215 390 2216 369 2217 390 2218 370 2219 370 2220 390 2221 391 2222 370 2223 391 2224 371 2225 371 2226 391 2227 392 2228 371 2229 392 2230 372 2231 372 2232 392 2233 393 2234 372 2235 393 2236 373 2237 373 2238 393 2239 394 2240 373 2241 394 2242 374 2243 374 2244 394 2245 395 2246 374 2247 395 2248 375 2249 375 2250 395 2251 396 2252 375 2253 396 2254 376 2255 376 2256 396 2257 397 2258 376 2259 397 2260 377 2261 377 2262 397 2263 398 2264 377 2265 398 2266 378 2267 378 2268 398 2269 399 2270 378 2271 399 2272 379 2273 379 2274 399 2275 380 2276 379 2277 380 2278 360 2279 380 2280 400 2281 401 2282 380 2283 401 2284 381 2285 381 2286 401 2287 402 2288 381 2289 402 2290 382 2291 382 2292 402 2293 403 2294 382 2295 403 2296 383 2297 383 2298 403 2299 404 2300 383 2301 404 2302 384 2303 384 2304 404 2305 405 2306 384 2307 405 2308 385 2309 385 2310 405 2311 406 2312 385 2313 406 2314 386 2315 386 2316 406 2317 407 2318 386 2319 407 2320 387 2321 387 2322 407 2323 408 2324 387 2325 408 2326 388 2327 388 2328 408 2329 409 2330 388 2331 409 2332 389 2333 389 2334 409 2335 410 2336 389 2337 410 2338 390 2339 390 2340 410 2341 411 2342 390 2343 411 2344 391 2345 391 2346 411 2347 412 2348 391 2349 412 2350 392 2351 392 2352 412 2353 413 2354 392 2355 413 2356 393 2357 393 2358 413 2359 414 2360 393 2361 414 2362 394 2363 394 2364 414 2365 415 2366 394 2367 415 2368 395 2369 395 2370 415 2371 416 2372 395 2373 416 2374 396 2375 396 2376 416 2377 417 2378 396 2379 417 2380 397 2381 397 2382 417 2383 418 2384 397 2385 418 2386 398 2387 398 2388 418 2389 419 2390 398 2391 419 2392 399 2393 399 2394 419 2395 400 2396 399 2397 400 2398 380 2399 400 2400 420 2401 421 2402 400 2403 421 2404 401 2405 401 2406 421 2407 422 2408 401 2409 422 2410 402 2411 402 2412 422 2413 423 2414 402 2415 423 2416 403 2417 403 2418 423 2419 424 2420 403 2421 424 2422 404 2423 404 2424 424 2425 425 2426 404 2427 425 2428 405 2429 405 2430 425 2431 426 2432 405 2433 426 2434 406 2435 406 2436 426 2437 427 2438 406 2439 427 2440 407 2441 407 2442 427 2443 428 2444 407 2445 428 2446 408 2447 408 2448 428 2449 429 2450 408 2451 429 2452 409 2453 409 2454 429 2455 430 2456 409 2457 430 2458 410 2459 410 2460 430 2461 431 2462 410 2463 431 2464 411 2465 411 2466 431 2467 432 2468 411 2469 432 2470 412 2471 412 2472 432 2473 433 2474 412 2475 433 2476 413 2477 413 2478 433 2479 434 2480 413 2481 434 2482 414 2483 414 2484 434 2485 435 2486 414 2487 435 2488 415 2489 415 2490 435 2491 436 2492 415 2493 436 2494 416 2495 416 2496 436 2497 437 2498 416 2499 437 2500 417 2501 417 2502 437 2503 438 2504 417 2505 438 2506 418 2507 418 2508 438 2509 439 2510 418 2511 439 2512 419 2513 419 2514 439 2515 420 2516 419 2517 420 2518 400 2519 420 2520 440 2521 441 2522 420 2523 441 2524 421 2525 421 2526 441 2527 442 2528 421 2529 442 2530 422 2531 422 2532 442 2533 443 2534 422 2535 443 2536 423 2537 423 2538 443 2539 444 2540 423 2541 444 2542 424 2543 424 2544 444 2545 445 2546 424 2547 445 2548 425 2549 425 2550 445 2551 446 2552 425 2553 446 2554 426 2555 426 2556 446 2557 447 2558 426 2559 447 2560 427 2561 427 2562 447 2563 448 2564 427 2565 448 2566 428 2567 428 2568 448 2569 449 2570 428 2571 449 2572 429 2573 429 2574 449 2575 450 2576 429 2577 450 2578 430 2579 430 2580 450 2581 451 2582 430 2583 451 2584 431 2585 431 2586 451 2587 452 2588 431 2589 452 2590 432 2591 432 2592 452 2593 453 2594 432 2595 453 2596 433 2597 433 2598 453 2599 454 2600 433 2601 454 2602 434 2603 434 2604 454 2605 455 2606 434 2607 455 2608 435 2609 435 2610 455 2611 456 2612 435 2613 456 2614 436 2615 436 2616 456 2617 457 2618 436 2619 457 2620 437 2621 437 2622 457 2623 458 2624 437 2625 458 2626 438 2627 438 2628 458 2629 459 2630 438 2631 459 2632 439 2633 439 2634 459 2635 440 2636 439 2637 440 2638 420 2639 440 2640 460 2641 461 2642 440 2643 461 2644 441 2645 441 2646 461 2647 462 2648 441 2649 462 2650 442 2651 442 2652 462 2653 463 2654 442 2655 463 2656 443 2657 443 2658 463 2659 464 2660 443 2661 464 2662 444 2663 444 2664 464 2665 465 2666 444 2667 465 2668 445 2669 445 2670 465 2671 466 2672 445 2673 466 2674 446 2675 446 2676 466 2677 467 2678 446 2679 467 2680 447 2681 447 2682 467 2683 468 2684 447 2685 468 2686 448 2687 448 2688 468 2689 469 2690 448 2691 469 2692 449 2693 449 2694 469 2695 470 2696 449 2697 470 2698 450 2699 450 2700 470 2701 471 2702 450 2703 471 2704 451 2705 451 2706 471 2707 472 2708 451 2709 472 2710 452 2711 452 2712 472 2713 473 2714 452 2715 473 2716 453 2717 453 2718 473 2719 474 2720 453 2721 474 2722 454 2723 454 2724 474 2725 475 2726 454 2727 475 2728 455 2729 455 2730 475 2731 476 2732 455 2733 476 2734 456 2735 456 2736 476 2737 477 2738 456 2739 477 2740 457 2741 457 2742 477 2743 478 2744 457 2745 478 2746 458 2747 458 2748 478 2749 479 2750 458 2751 479 2752 459 2753 459 2754 479 2755 460 2756 459 2757 460 2758 440 2759 460 2760 480 2761 481 2762 460 2763 481 2764 461 2765 461 2766 481 2767 482 2768 461 2769 482 2770 462 2771 462 2772 482 2773 483 2774 462 2775 483 2776 463 2777 463 2778 483 2779 484 2780 463 2781 484 2782 464 2783 464 2784 484 2785 485 2786 464 2787 485 2788 465 2789 465 2790 485 2791 486 2792 465 2793 486 2794 466 2795 466 2796 486 2797 487 2798 466 2799 487 2800 467 2801 467 2802 487 2803 488 2804 467 2805 488 2806 468 2807 468 2808 488 2809 489 2810 468 2811 489 2812 469 2813 469 2814 489 2815 490 2816 469 2817 490 2818 470 2819 470 2820 490 2821 491 2822 470 2823 491 2824 471 2825 471 2826 491 2827 492 2828 471 2829 492 2830 472 2831 472 2832 492 2833 493 2834 472 2835 493 2836 473 2837 473 2838 493 2839 494 2840 473 2841 494 2842 474 2843 474 2844 494 2845 495 2846 474 2847 495 2848 475 2849 475 2850 495 2851 496 2852 475 2853 496 2854 476 2855 476 2856 496 2857 497 2858 476 2859 497 2860 477 2861 477 2862 497 2863 498 2864 477 2865 498 2866 478 2867 478 2868 498 2869 499 2870 478 2871 499 2872 479 2873 479 2874 499 2875 480 2876 479 2877 480 2878 460 2879 480 2880 500 2881 501 2882 480 2883 501 2884 481 2885 481 2886 501 2887 502 2888 481 2889 502 2890 482 2891 482 2892 502 2893 503 2894 482 2895 503 2896 483 2897 483 2898 503 2899 504 2900 483 2901 504 2902 484 2903 484 2904 504 2905 505 2906 484 2907 505 2908 485 2909 485 2910 505 2911 506 2912 485 2913 506 2914 486 2915 486 2916 506 2917 507 2918 486 2919 507 2920 487 2921 487 2922 507 2923 508 2924 487 2925 508 2926 488 2927 488 2928 508 2929 509 2930 488 2931 509 2932 489 2933 489 2934 509 2935 510 2936 489 2937 510 2938 490 2939 490 2940 510 2941 511 2942 490 2943 511 2944 491 2945 491 2946 511 2947 512 2948 491 2949 512 2950 492 2951 492 2952 512 2953 513 2954 492 2955 513 2956 493 2957 493 2958 513 2959 514 2960 493 2961 514 2962 494 2963 494 2964 514 2965 515 2966 494 2967 515 2968 495 2969 495 2970 515 2971 516 2972 495 2973 516 2974 496 2975 496 2976 516 2977 517 2978 496 2979 517 2980 497 2981 497 2982 517 2983 518 2984 497 2985 518 2986 498 2987 498 2988 518 2989 519 2990 498 2991 519 2992 499 2993 499 2994 519 2995 500 2996 499 2997 500 2998 480 2999 500 3000 520 3001 521 3002 500 3003 521 3004 501 3005 501 3006 521 3007 522 3008 501 3009 522 3010 502 3011 502 3012 522 3013 523 3014 502 3015 523 3016 503 3017 503 3018 523 3019 524 3020 503 3021 524 3022 504 3023 504 3024 524 3025 525 3026 504 3027 525 3028 505 3029 505 3030 525 3031 526 3032 505 3033 526 3034 506 3035 506 3036 526 3037 527 3038 506 3039 527 3040 507 3041 507 3042 527 3043 528 3044 507 3045 528 3046 508 3047 508 3048 528 3049 529 3050 508 3051 529 3052 509 3053 509 3054 529 3055 530 3056 509 3057 530 3058 510 3059 510 3060 530 3061 531 3062 510 3063 531 3064 511 3065 511 3066 531 3067 532 3068 511 3069 532 3070 512 3071 512 3072 532 3073 533 3074 512 3075 533 3076 513 3077 513 3078 533 3079 534 3080 513 3081 534 3082 514 3083 514 3084 534 3085 535 3086 514 3087 535 3088 515 3089 515 3090 535 3091 536 3092 515 3093 536 3094 516 3095 516 3096 536 3097 537 3098 516 3099 537 3100 517 3101 517 3102 537 3103 538 3104 517 3105 538 3106 518 3107 518 3108 538 3109 539 3110 518 3111 539 3112 519 3113 519 3114 539 3115 520 3116 519 3117 520 3118 500 3119 520 3120 540 3121 541 3122 520 3123 541 3124 521 3125 521 3126 541 3127 542 3128 521 3129 542 3130 522 3131 522 3132 542 3133 543 3134 522 3135 543 3136 523 3137 523 3138 543 3139 544 3140 523 3141 544 3142 524 3143 524 3144 544 3145 545 3146 524 3147 545 3148 525 3149 525 3150 545 3151 546 3152 525 3153 546 3154 526 3155 526 3156 546 3157 547 3158 526 3159 547 3160 527 3161 527 3162 547 3163 548 3164 527 3165 548 3166 528 3167 528 3168 548 3169 549 3170 528 3171 549 3172 529 3173 529 3174 549 3175 550 3176 529 3177 550 3178 530 3179 530 3180 550 3181 551 3182 530 3183 551 3184 531 3185 531 3186 551 3187 552 3188 531 3189 552 3190 532 3191 532 3192 552 3193 553 3194 532 3195 553 3196 533 3197 533 3198 553 3199 554 3200 533 3201 554 3202 534 3203 534 3204 554 3205 555 3206 534 3207 555 3208 535 3209 535 3210 555 3211 556 3212 535 3213 556 3214 536 3215 536 3216 556 3217 557 3218 536 3219 557 3220 537 3221 537 3222 557 3223 558 3224 537 3225 558 3226 538 3227 538 3228 558 3229 559 3230 538 3231 559 3232 539 3233 539 3234 559 3235 540 3236 539 3237 540 3238 520 3239 540 3240 560 3241 561 3242 540 3243 561 3244 541 3245 541 3246 561 3247 562 3248 541 3249 562 3250 542 3251 542 3252 562 3253 563 3254 542 3255 563 3256 543 3257 543 3258 563 3259 564 3260 543 3261 564 3262 544 3263 544 3264 564 3265 565 3266 544 3267 565 3268 545 3269 545 3270 565 3271 566 3272 545 3273 566 3274 546 3275 546 3276 566 3277 567 3278 546 3279 567 3280 547 3281 547 3282 567 3283 568 3284 547 3285 568 3286 548 3287 548 3288 568 3289 569 3290 548 3291 569 3292 549 3293 549 3294 569 3295 570 3296 549 3297 570 3298 550 3299 550 3300 570 3301 571 3302 550 3303 571 3304 551 3305 551 3306 571 3307 572 3308 551 3309 572 3310 552 3311 552 3312 572 3313 573 3314 552 3315 573 3316 553 3317 553 3318 573 3319 574 3320 553 3321 574 3322 554 3323 554 3324 574 3325 575 3326 554 3327 575 3328 555 3329 555 3330 575 3331 576 3332 555 3333 576 3334 556 3335 556 3336 576 3337 577 3338 556 3339 577 3340 557 3341 557 3342 577 3343 578 3344 557 3345 578 3346 558 3347 558 3348 578 3349 579 3350 558 3351 579 3352 559 3353 559 3354 579 3355 560 3356 559 3357 560 3358 540 3359 560 3360 580 3361 581 3362 560 3363 581 3364 561 3365 561 3366 581 3367 582 3368 561 3369 582 3370 562 3371 562 3372 582 3373 583 3374 562 3375 583 3376 563 3377 563 3378 583 3379 584 3380 563 3381 584 3382 564 3383 564 3384 584 3385 585 3386 564 3387 585 3388 565 3389 565 3390 585 3391 586 3392 565 3393 586 3394 566 3395 566 3396 586 3397 587 3398 566 3399 587 3400 567 3401 567 3402 587 3403 588 3404 567 3405 588 3406 568 3407 568 3408 588 3409 589 3410 568 3411 589 3412 569 3413 569 3414 589 3415 590 3416 569 3417 590 3418 570 3419 570 3420 590 3421 591 3422 570 3423 591 3424 571 3425 571 3426 591 3427 592 3428 571 3429 592 3430 572 3431 572 3432 592 3433 593 3434 572 3435 593 3436 573 3437 573 3438 593 3439 594 3440 573 3441 594 3442 574 3443 574 3444 594 3445 595 3446 574 3447 595 3448 575 3449 575 3450 595 3451 596 3452 575 3453 596 3454 576 3455 576 3456 596 3457 597 3458 576 3459 597 3460 577 3461 577 3462 597 3463 598 3464 577 3465 598 3466 578 3467 578 3468 598 3469 599 3470 578 3471 599 3472 579 3473 579 3474 599 3475 580 3476 579 3477 580 3478 560 3479 600 3480 580 3481 581 3482 600 3483 581 3484 580 3485 600 3486 581 3487 582 3488 600 3489 582 3490 581 3491 600 3492 582 3493 583 3494 600 3495 583 3496 582 3497 600 3498 583 3499 584 3500 600 3501 584 3502 583 3503 600 3504 584 3505 585 3506 600 3507 585 3508 584 3509 600 3510 585 3511 586 3512 600 3513 586 3514 585 3515 600 3516 586 3517 587 3518 600 3519 587 3520 586 3521 600 3522 587 3523 588 3524 600 3525 588 3526 587 3527 600 3528 588 3529 589 3530 600 3531 589 3532 588 3533 600 3534 589 3535 590 3536 600 3537 590 3538 589 3539 600 3540 590 3541 591 3542 600 3543 591 3544 590 3545 600 3546 591 3547 592 3548 600 3549 592 3550 591 3551 600 3552 592 3553 593 3554 600 3555 593 3556 592 3557 600 3558 593 3559 594 3560 600 3561 594 3562 593 3563 600 3564 594 3565 595 3566 600 3567 595 3568 594 3569 600 3570 595 3571 596 3572 600 3573 596 3574 595 3575 600 3576 596 3577 597 3578 600 3579 597 3580 596 3581 600 3582 597 3583 598 3584 600 3585 598 3586 597 3587 600 3588 598 3589 599 3590 600 3591 599 3592 598 3593 600 3594 599 3595 580 3596 600 3597 580 3598 599 3599 601 3600 0 3601 1 3602 601 3603 1 3604 0 3605 601 3606 1 3607 2 3608 601 3609 2 3610 1 3611 601 3612 2 3613 3 3614 601 3615 3 3616 2 3617 601 3618 3 3619 4 3620 601 3621 4 3622 3 3623 601 3624 4 3625 5 3626 601 3627 5 3628 4 3629 601 3630 5 3631 6 3632 601 3633 6 3634 5 3635 601 3636 6 3637 7 3638 601 3639 7 3640 6 3641 601 3642 7 3643 8 3644 601 3645 8 3646 7 3647 601 3648 8 3649 9 3650 601 3651 9 3652 8 3653 601 3654 9 3655 10 3656 601 3657 10 3658 9 3659 601 3660 10 3661 11 3662 601 3663 11 3664 10 3665 601 3666 11 3667 12 3668 601 3669 12 3670 11 3671 601 3672 12 3673 13 3674 601 3675 13 3676 12 3677 601 3678 13 3679 14 3680 601 3681 14 3682 13 3683 601 3684 14 3685 15 3686 601 3687 15 3688 14 3689 601 3690 15 3691 16 3692 601 3693 16 3694 15 3695 601 3696 16 3697 17 3698 601 3699 17 3700 16 3701 601 3702 17 3703 18 3704 601 3705 18 3706 17 3707 601 3708 18 3709 19 3710 601 3711 19 3712 18 3713 601 3714 19 3715 0 3716 601 3717 0 3718 19 3719</p>
        </triangles>
      </mesh>
    </geometry>
  </library_geometries>

  <library_visual_scenes>
    <visual_scene id="Scene" name="Scene">
      <node id="hull_small_node" name="hull_small" type="NODE">
        <instance_geometry url="#hull_small">
          <bind_material>
            <technique_common>
              <instance_material symbol="hull_small_mat"
                                 target="#hull_small_mat"/>
            </technique_common>
          </bind_material>
        </instance_geometry>
      </node>
    </visual_scene>
  </library_visual_scenes>

  <scene>
    <instance_visual_scene url="#Scene"/>
  </scene>
</COLLADA>
