<?xml version="1.0" encoding="utf-8"?>
<COLLADA xmlns="http://www.collada.org/2005/11/COLLADASchema" version="1.4.1">
  <asset>
    <created>2025-01-01</created>
    <modified>2025-01-01</modified>
    <unit name="meter" meter="1"/>
    <up_axis>Z_UP</up_axis>
  </asset>

  <library_images>
    <image id="sail_img" name="sail_img">
      <init_from>logo.png</init_from>
    </image>
  </library_images>

  <library_effects>
    <effect id="sail_effect">
      <profile_COMMON>
        <newparam sid="sail_surface">
          <surface type="2D">
            <init_from>sail_img</init_from>
          </surface>
        </newparam>
        <newparam sid="sail_sampler">
          <sampler2D>
            <source>sail_surface</source>
            <minfilter>LINEAR</minfilter>
            <magfilter>LINEAR</magfilter>
          </sampler2D>
        </newparam>
        <technique sid="common">
          <phong>
            <emission><color>0 0 0 1</color></emission>
            <ambient><color>0.1 0.1 0.1 1</color></ambient>
            <diffuse>
              <texture texture="sail_sampler" texcoord="UVMap"/>
            </diffuse>
            <specular><color>0.3 0.3 0.3 1</color></specular>
            <shininess><float>30</float></shininess>
          </phong>
        </technique>
      </profile_COMMON>
    </effect>
  </library_effects>

  <library_materials>
    <material id="sail_mat" name="sail_mat">
      <instance_effect url="#sail_effect"/>
    </material>
  </library_materials>

  <library_geometries>
    <geometry id="sail" name="sail">
      <mesh>
        <source id="sail-positions">
          <float_array id="sail-positions-array" count="3606">
            -0.000000 0.000000 0.000000 -0.127667 0.142551 0.000000 -0.255333 0.191822 0.000000 -0.383000 0.224188 0.000000 -0.510667 0.247046 0.000000 -0.638333 0.263351 0.000000 -0.766000 0.274685 0.000000 -0.893667 0.282035 0.000000 -1.021333 0.286083 0.000000 -1.149000 0.287333 0.000000 -1.276667 0.286173 0.000000 -1.404333 0.282917 0.000000 -1.532000 0.277819 0.000000 -1.659667 0.271094 0.000000 -1.787333 0.262920 0.000000 -1.915000 0.253451 0.000000 -2.042667 0.242817 0.000000 -2.170333 0.231126 0.000000 -2.298000 0.218471 0.000000 -2.425667 0.204928 0.000000 -2.553333 0.190558 0.000000 -2.681000 0.175410 0.000000 -2.808667 0.159517 0.000000 -2.936333 0.142904 0.000000 -3.064000 0.125582 0.000000 -3.191667 0.107551 0.000000 -3.319333 0.088800 0.000000 -3.447000 0.069309 0.000000 -3.574667 0.049047 0.000000 -3.702333 0.027972 0.000000 -3.830000 0.038300 0.000000 -3.702333 -0.027972 0.000000 -3.574667 -0.049047 0.000000 -3.447000 -0.069309 0.000000 -3.319333 -0.088800 0.000000 -3.191667 -0.107551 0.000000 -3.064000 -0.125582 0.000000 -2.936333 -0.142904 0.000000 -2.808667 -0.159517 0.000000 -2.681000 -0.175410 0.000000 -2.553333 -0.190558 0.000000 -2.425667 -0.204928 0.000000 -2.298000 -0.218471 0.000000 -2.170333 -0.231126 0.000000 -2.042667 -0.242817 0.000000 -1.915000 -0.253451 0.000000 -1.787333 -0.262920 0.000000 -1.659667 -0.271094 0.000000 -1.532000 -0.277819 0.000000 -1.404333 -0.282917 0.000000 -1.276667 -0.286173 0.000000 -1.149000 -0.287333 0.000000 -1.021333 -0.286083 0.000000 -0.893667 -0.282035 0.000000 -0.766000 -0.274685 0.000000 -0.638333 -0.263351 0.000000 -0.510667 -0.247046 0.000000 -0.383000 -0.224188 0.000000 -0.255333 -0.191822 0.000000 -0.127667 -0.142551 0.000000 -0.000000 0.000000 0.236842 -0.125315 0.139925 0.236842 -0.250630 0.188289 0.236842 -0.375945 0.220058 0.236842 -0.501260 0.242495 0.236842 -0.626575 0.258500 0.236842 -0.751889 0.269625 0.236842 -0.877204 0.276839 0.236842 -1.002519 0.280813 0.236842 -1.127834 0.282040 0.236842 -1.253149 0.280902 0.236842 -1.378464 0.277705 0.236842 -1.503779 0.272701 0.236842 -1.629094 0.266100 0.236842 -1.754409 0.258077 0.236842 -1.879724 0.248783 0.236842 -2.005039 0.238344 0.236842 -2.130354 0.226869 0.236842 -2.255668 0.214447 0.236842 -2.380983 0.201153 0.236842 -2.506298 0.187048 0.236842 -2.631613 0.172178 0.236842 -2.756928 0.156579 0.236842 -2.882243 0.140272 0.236842 -3.007558 0.123268 0.236842 -3.132873 0.105569 0.236842 -3.258188 0.087164 0.236842 -3.383503 0.068033 0.236842 -3.508818 0.048144 0.236842 -3.634132 0.027456 0.236842 -3.759447 0.037594 0.236842 -3.634132 -0.027456 0.236842 -3.508818 -0.048144 0.236842 -3.383503 -0.068033 0.236842 -3.258188 -0.087164 0.236842 -3.132873 -0.105569 0.236842 -3.007558 -0.123268 0.236842 -2.882243 -0.140272 0.236842 -2.756928 -0.156579 0.236842 -2.631613 -0.172178 0.236842 -2.506298 -0.187048 0.236842 -2.380983 -0.201153 0.236842 -2.255668 -0.214447 0.236842 -2.130354 -0.226869 0.236842 -2.005039 -0.238344 0.236842 -1.879724 -0.248783 0.236842 -1.754409 -0.258077 0.236842 -1.629094 -0.266100 0.236842 -1.503779 -0.272701 0.236842 -1.378464 -0.277705 0.236842 -1.253149 -0.280902 0.236842 -1.127834 -0.282040 0.236842 -1.002519 -0.280813 0.236842 -0.877204 -0.276839 0.236842 -0.751889 -0.269625 0.236842 -0.626575 -0.258500 0.236842 -0.501260 -0.242495 0.236842 -0.375945 -0.220058 0.236842 -0.250630 -0.188289 0.236842 -0.125315 -0.139925 0.236842 -0.000000 0.000000 0.473684 -0.122963 0.137299 0.473684 -0.245926 0.184755 0.473684 -0.368889 0.215928 0.473684 -0.491853 0.237944 0.473684 -0.614816 0.253649 0.473684 -0.737779 0.264565 0.473684 -0.860742 0.271644 0.473684 -0.983705 0.275543 0.473684 -1.106668 0.276747 0.473684 -1.229632 0.275630 0.473684 -1.352595 0.272494 0.473684 -1.475558 0.267584 0.473684 -1.598521 0.261106 0.473684 -1.721484 0.253234 0.473684 -1.844447 0.244114 0.473684 -1.967411 0.233871 0.473684 -2.090374 0.222611 0.473684 -2.213337 0.210422 0.473684 -2.336300 0.197378 0.473684 -2.459263 0.183538 0.473684 -2.582226 0.168947 0.473684 -2.705189 0.153640 0.473684 -2.828153 0.137639 0.473684 -2.951116 0.120955 0.473684 -3.074079 0.103588 0.473684 -3.197042 0.085529 0.473684 -3.320005 0.066756 0.473684 -3.442968 0.047240 0.473684 -3.565932 0.026941 0.473684 -3.688895 0.036889 0.473684 -3.565932 -0.026941 0.473684 -3.442968 -0.047240 0.473684 -3.320005 -0.066756 0.473684 -3.197042 -0.085529 0.473684 -3.074079 -0.103588 0.473684 -2.951116 -0.120955 0.473684 -2.828153 -0.137639 0.473684 -2.705189 -0.153640 0.473684 -2.582226 -0.168947 0.473684 -2.459263 -0.183538 0.473684 -2.336300 -0.197378 0.473684 -2.213337 -0.210422 0.473684 -2.090374 -0.222611 0.473684 -1.967411 -0.233871 0.473684 -1.844447 -0.244114 0.473684 -1.721484 -0.253234 0.473684 -1.598521 -0.261106 0.473684 -1.475558 -0.267584 0.473684 -1.352595 -0.272494 0.473684 -1.229632 -0.275630 0.473684 -1.106668 -0.276747 0.473684 -0.983705 -0.275543 0.473684 -0.860742 -0.271644 0.473684 -0.737779 -0.264565 0.473684 -0.614816 -0.253649 0.473684 -0.491853 -0.237944 0.473684 -0.368889 -0.215928 0.473684 -0.245926 -0.184755 0.473684 -0.122963 -0.137299 0.473684 -0.000000 0.000000 0.710526 -0.120611 0.134673 0.710526 -0.241223 0.181221 0.710526 -0.361834 0.211798 0.710526 -0.482446 0.233393 0.710526 -0.603057 0.248798 0.710526 -0.723668 0.259505 0.710526 -0.844280 0.266449 0.710526 -0.964891 0.270273 0.710526 -1.085503 0.271454 0.710526 -1.206114 0.270358 0.710526 -1.326725 0.267282 0.710526 -1.447337 0.262466 0.710526 -1.567948 0.256112 0.710526 -1.688560 0.248390 0.710526 -1.809171 0.239445 0.710526 -1.929782 0.229398 0.710526 -2.050394 0.218353 0.710526 -2.171005 0.206398 0.710526 -2.291617 0.193603 0.710526 -2.412228 0.180027 0.710526 -2.532839 0.165716 0.710526 -2.653451 0.150702 0.710526 -2.774062 0.135007 0.710526 -2.894674 0.118642 0.710526 -3.015285 0.101607 0.710526 -3.135896 0.083893 0.710526 -3.256508 0.065479 0.710526 -3.377119 0.046337 0.710526 -3.497731 0.026426 0.710526 -3.618342 0.036183 0.710526 -3.497731 -0.026426 0.710526 -3.377119 -0.046337 0.710526 -3.256508 -0.065479 0.710526 -3.135896 -0.083893 0.710526 -3.015285 -0.101607 0.710526 -2.894674 -0.118642 0.710526 -2.774062 -0.135007 0.710526 -2.653451 -0.150702 0.710526 -2.532839 -0.165716 0.710526 -2.412228 -0.180027 0.710526 -2.291617 -0.193603 0.710526 -2.171005 -0.206398 0.710526 -2.050394 -0.218353 0.710526 -1.929782 -0.229398 0.710526 -1.809171 -0.239445 0.710526 -1.688560 -0.248390 0.710526 -1.567948 -0.256112 0.710526 -1.447337 -0.262466 0.710526 -1.326725 -0.267282 0.710526 -1.206114 -0.270358 0.710526 -1.085503 -0.271454 0.710526 -0.964891 -0.270273 0.710526 -0.844280 -0.266449 0.710526 -0.723668 -0.259505 0.710526 -0.603057 -0.248798 0.710526 -0.482446 -0.233393 0.710526 -0.361834 -0.211798 0.710526 -0.241223 -0.181221 0.710526 -0.120611 -0.134673 0.710526 -0.000000 0.000000 0.947368 -0.118260 0.132047 0.947368 -0.236519 0.177688 0.947368 -0.354779 0.207669 0.947368 -0.473039 0.228842 0.947368 -0.591298 0.243946 0.947368 -0.709558 0.254445 0.947368 -0.827818 0.261253 0.947368 -0.946077 0.265003 0.947368 -1.064337 0.266161 0.947368 -1.182596 0.265087 0.947368 -1.300856 0.262070 0.947368 -1.419116 0.257348 0.947368 -1.537375 0.251118 0.947368 -1.655635 0.243547 0.947368 -1.773895 0.234776 0.947368 -1.892154 0.224925 0.947368 -2.010414 0.214096 0.947368 -2.128674 0.202373 0.947368 -2.246933 0.189828 0.947368 -2.365193 0.176517 0.947368 -2.483453 0.162485 0.947368 -2.601712 0.147763 0.947368 -2.719972 0.132374 0.947368 -2.838232 0.116328 0.947368 -2.956491 0.099626 0.947368 -3.074751 0.082257 0.947368 -3.193011 0.064202 0.947368 -3.311270 0.045433 0.947368 -3.429530 0.025911 0.947368 -3.547789 0.035478 0.947368 -3.429530 -0.025911 0.947368 -3.311270 -0.045433 0.947368 -3.193011 -0.064202 0.947368 -3.074751 -0.082257 0.947368 -2.956491 -0.099626 0.947368 -2.838232 -0.116328 0.947368 -2.719972 -0.132374 0.947368 -2.601712 -0.147763 0.947368 -2.483453 -0.162485 0.947368 -2.365193 -0.176517 0.947368 -2.246933 -0.189828 0.947368 -2.128674 -0.202373 0.947368 -2.010414 -0.214096 0.947368 -1.892154 -0.224925 0.947368 -1.773895 -0.234776 0.947368 -1.655635 -0.243547 0.947368 -1.537375 -0.251118 0.947368 -1.419116 -0.257348 0.947368 -1.300856 -0.262070 0.947368 -1.182596 -0.265087 0.947368 -1.064337 -0.266161 0.947368 -0.946077 -0.265003 0.947368 -0.827818 -0.261253 0.947368 -0.709558 -0.254445 0.947368 -0.591298 -0.243946 0.947368 -0.473039 -0.228842 0.947368 -0.354779 -0.207669 0.947368 -0.236519 -0.177688 0.947368 -0.118260 -0.132047 0.947368 -0.000000 0.000000 1.184211 -0.115908 0.129421 1.184211 -0.231816 0.174154 1.184211 -0.347724 0.203539 1.184211 -0.463632 0.224291 1.184211 -0.579539 0.239095 1.184211 -0.695447 0.249385 1.184211 -0.811355 0.256058 1.184211 -0.927263 0.259733 1.184211 -1.043171 0.260868 1.184211 -1.159079 0.259815 1.184211 -1.274987 0.256859 1.184211 -1.390895 0.252231 1.184211 -1.506803 0.246124 1.184211 -1.622711 0.238704 1.184211 -1.738618 0.230107 1.184211 -1.854526 0.220452 1.184211 -1.970434 0.209838 1.184211 -2.086342 0.198349 1.184211 -2.202250 0.186053 1.184211 -2.318158 0.173007 1.184211 -2.434066 0.159253 1.184211 -2.549974 0.144825 1.184211 -2.665882 0.129742 1.184211 -2.781789 0.114015 1.184211 -2.897697 0.097645 1.184211 -3.013605 0.080621 1.184211 -3.129513 0.062926 1.184211 -3.245421 0.044530 1.184211 -3.361329 0.025395 1.184211 -3.477237 0.034772 1.184211 -3.361329 -0.025395 1.184211 -3.245421 -0.044530 1.184211 -3.129513 -0.062926 1.184211 -3.013605 -0.080621 1.184211 -2.897697 -0.097645 1.184211 -2.781789 -0.114015 1.184211 -2.665882 -0.129742 1.184211 -2.549974 -0.144825 1.184211 -2.434066 -0.159253 1.184211 -2.318158 -0.173007 1.184211 -2.202250 -0.186053 1.184211 -2.086342 -0.198349 1.184211 -1.970434 -0.209838 1.184211 -1.854526 -0.220452 1.184211 -1.738618 -0.230107 1.184211 -1.622711 -0.238704 1.184211 -1.506803 -0.246124 1.184211 -1.390895 -0.252231 1.184211 -1.274987 -0.256859 1.184211 -1.159079 -0.259815 1.184211 -1.043171 -0.260868 1.184211 -0.927263 -0.259733 1.184211 -0.811355 -0.256058 1.184211 -0.695447 -0.249385 1.184211 -0.579539 -0.239095 1.184211 -0.463632 -0.224291 1.184211 -0.347724 -0.203539 1.184211 -0.231816 -0.174154 1.184211 -0.115908 -0.129421 1.184211 -0.000000 0.000000 1.421053 -0.113556 0.126795 1.421053 -0.227112 0.170621 1.421053 -0.340668 0.199409 1.421053 -0.454225 0.219741 1.421053 -0.567781 0.234244 1.421053 -0.681337 0.244325 1.421053 -0.794893 0.250863 1.421053 -0.908449 0.254463 1.421053 -1.022005 0.255575 1.421053 -1.135561 0.254544 1.421053 -1.249118 0.251647 1.421053 -1.362674 0.247113 1.421053 -1.476230 0.241131 1.421053 -1.589786 0.233861 1.421053 -1.703342 0.225438 1.421053 -1.816898 0.215979 1.421053 -1.930454 0.205581 1.421053 -2.044011 0.194324 1.421053 -2.157567 0.182278 1.421053 -2.271123 0.169497 1.421053 -2.384679 0.156022 1.421053 -2.498235 0.141886 1.421053 -2.611791 0.127109 1.421053 -2.725347 0.111702 1.421053 -2.838904 0.095663 1.421053 -2.952460 0.078985 1.421053 -3.066016 0.061649 1.421053 -3.179572 0.043626 1.421053 -3.293128 0.024880 1.421053 -3.406684 0.034067 1.421053 -3.293128 -0.024880 1.421053 -3.179572 -0.043626 1.421053 -3.066016 -0.061649 1.421053 -2.952460 -0.078985 1.421053 -2.838904 -0.095663 1.421053 -2.725347 -0.111702 1.421053 -2.611791 -0.127109 1.421053 -2.498235 -0.141886 1.421053 -2.384679 -0.156022 1.421053 -2.271123 -0.169497 1.421053 -2.157567 -0.182278 1.421053 -2.044011 -0.194324 1.421053 -1.930454 -0.205581 1.421053 -1.816898 -0.215979 1.421053 -1.703342 -0.225438 1.421053 -1.589786 -0.233861 1.421053 -1.476230 -0.241131 1.421053 -1.362674 -0.247113 1.421053 -1.249118 -0.251647 1.421053 -1.135561 -0.254544 1.421053 -1.022005 -0.255575 1.421053 -0.908449 -0.254463 1.421053 -0.794893 -0.250863 1.421053 -0.681337 -0.244325 1.421053 -0.567781 -0.234244 1.421053 -0.454225 -0.219741 1.421053 -0.340668 -0.199409 1.421053 -0.227112 -0.170621 1.421053 -0.113556 -0.126795 1.421053 -0.000000 0.000000 1.657895 -0.111204 0.124169 1.657895 -0.222409 0.167087 1.657895 -0.333613 0.195279 1.657895 -0.444818 0.215190 1.657895 -0.556022 0.229393 1.657895 -0.667226 0.239265 1.657895 -0.778431 0.245667 1.657895 -0.889635 0.249193 1.657895 -1.000839 0.250282 1.657895 -1.112044 0.249272 1.657895 -1.223248 0.246435 1.657895 -1.334453 0.241995 1.657895 -1.445657 0.236137 1.657895 -1.556861 0.229017 1.657895 -1.668066 0.220770 1.657895 -1.779270 0.211506 1.657895 -1.890475 0.201323 1.657895 -2.001679 0.190300 1.657895 -2.112883 0.178503 1.657895 -2.224088 0.165986 1.657895 -2.335292 0.152791 1.657895 -2.446496 0.138948 1.657895 -2.557701 0.124477 1.657895 -2.668905 0.109388 1.657895 -2.780110 0.093682 1.657895 -2.891314 0.077350 1.657895 -3.002518 0.060372 1.657895 -3.113723 0.042723 1.657895 -3.224927 0.024365 1.657895 -3.336132 0.033361 1.657895 -3.224927 -0.024365 1.657895 -3.113723 -0.042723 1.657895 -3.002518 -0.060372 1.657895 -2.891314 -0.077350 1.657895 -2.780110 -0.093682 1.657895 -2.668905 -0.109388 1.657895 -2.557701 -0.124477 1.657895 -2.446496 -0.138948 1.657895 -2.335292 -0.152791 1.657895 -2.224088 -0.165986 1.657895 -2.112883 -0.178503 1.657895 -2.001679 -0.190300 1.657895 -1.890475 -0.201323 1.657895 -1.779270 -0.211506 1.657895 -1.668066 -0.220770 1.657895 -1.556861 -0.229017 1.657895 -1.445657 -0.236137 1.657895 -1.334453 -0.241995 1.657895 -1.223248 -0.246435 1.657895 -1.112044 -0.249272 1.657895 -1.000839 -0.250282 1.657895 -0.889635 -0.249193 1.657895 -0.778431 -0.245667 1.657895 -0.667226 -0.239265 1.657895 -0.556022 -0.229393 1.657895 -0.444818 -0.215190 1.657895 -0.333613 -0.195279 1.657895 -0.222409 -0.167087 1.657895 -0.111204 -0.124169 1.657895 -0.000000 0.000000 1.894737 -0.108853 0.121543 1.894737 -0.217705 0.163554 1.894737 -0.326558 0.191149 1.894737 -0.435411 0.210639 1.894737 -0.544263 0.224542 1.894737 -0.653116 0.234205 1.894737 -0.761968 0.240472 1.894737 -0.870821 0.243923 1.894737 -0.979674 0.244989 1.894737 -1.088526 0.244000 1.894737 -1.197379 0.241224 1.894737 -1.306232 0.236877 1.894737 -1.415084 0.231143 1.894737 -1.523937 0.224174 1.894737 -1.632789 0.216101 1.894737 -1.741642 0.207033 1.894737 -1.850495 0.197066 1.894737 -1.959347 0.186276 1.894737 -2.068200 0.174728 1.894737 -2.177053 0.162476 1.894737 -2.285905 0.149560 1.894737 -2.394758 0.136009 1.894737 -2.503611 0.121844 1.894737 -2.612463 0.107075 1.894737 -2.721316 0.091701 1.894737 -2.830168 0.075714 1.894737 -2.939021 0.059095 1.894737 -3.047874 0.041819 1.894737 -3.156726 0.023850 1.894737 -3.265579 0.032656 1.894737 -3.156726 -0.023850 1.894737 -3.047874 -0.041819 1.894737 -2.939021 -0.059095 1.894737 -2.830168 -0.075714 1.894737 -2.721316 -0.091701 1.894737 -2.612463 -0.107075 1.894737 -2.503611 -0.121844 1.894737 -2.394758 -0.136009 1.894737 -2.285905 -0.149560 1.894737 -2.177053 -0.162476 1.894737 -2.068200 -0.174728 1.894737 -1.959347 -0.186276 1.894737 -1.850495 -0.197066 1.894737 -1.741642 -0.207033 1.894737 -1.632789 -0.216101 1.894737 -1.523937 -0.224174 1.894737 -1.415084 -0.231143 1.894737 -1.306232 -0.236877 1.894737 -1.197379 -0.241224 1.894737 -1.088526 -0.244000 1.894737 -0.979674 -0.244989 1.894737 -0.870821 -0.243923 1.894737 -0.761968 -0.240472 1.894737 -0.653116 -0.234205 1.894737 -0.544263 -0.224542 1.894737 -0.435411 -0.210639 1.894737 -0.326558 -0.191149 1.894737 -0.217705 -0.163554 1.894737 -0.108853 -0.121543 1.894737 -0.000000 0.000000 2.131579 -0.106501 0.118917 2.131579 -0.213002 0.160020 2.131579 -0.319503 0.187020 2.131579 -0.426004 0.206088 2.131579 -0.532504 0.219690 2.131579 -0.639005 0.229145 2.131579 -0.745506 0.235276 2.131579 -0.852007 0.238653 2.131579 -0.958508 0.239696 2.131579 -1.065009 0.238729 2.131579 -1.171510 0.236012 2.131579 -1.278011 0.231760 2.131579 -1.384511 0.226149 2.131579 -1.491012 0.219331 2.131579 -1.597513 0.211432 2.131579 -1.704014 0.202560 2.131579 -1.810515 0.192808 2.131579 -1.917016 0.182251 2.131579 -2.023517 0.170953 2.131579 -2.130018 0.158966 2.131579 -2.236518 0.146328 2.131579 -2.343019 0.133071 2.131579 -2.449520 0.119212 2.131579 -2.556021 0.104762 2.131579 -2.662522 0.089720 2.131579 -2.769023 0.074078 2.131579 -2.875524 0.057819 2.131579 -2.982025 0.040916 2.131579 -3.088525 0.023334 2.131579 -3.195026 0.031950 2.131579 -3.088525 -0.023334 2.131579 -2.982025 -0.040916 2.131579 -2.875524 -0.057819 2.131579 -2.769023 -0.074078 2.131579 -2.662522 -0.089720 2.131579 -2.556021 -0.104762 2.131579 -2.449520 -0.119212 2.131579 -2.343019 -0.133071 2.131579 -2.236518 -0.146328 2.131579 -2.130018 -0.158966 2.131579 -2.023517 -0.170953 2.131579 -1.917016 -0.182251 2.131579 -1.810515 -0.192808 2.131579 -1.704014 -0.202560 2.131579 -1.597513 -0.211432 2.131579 -1.491012 -0.219331 2.131579 -1.384511 -0.226149 2.131579 -1.278011 -0.231760 2.131579 -1.171510 -0.236012 2.131579 -1.065009 -0.238729 2.131579 -0.958508 -0.239696 2.131579 -0.852007 -0.238653 2.131579 -0.745506 -0.235276 2.131579 -0.639005 -0.229145 2.131579 -0.532504 -0.219690 2.131579 -0.426004 -0.206088 2.131579 -0.319503 -0.187020 2.131579 -0.213002 -0.160020 2.131579 -0.106501 -0.118917 2.131579 -0.000000 0.000000 2.368421 -0.104149 0.116291 2.368421 -0.208298 0.156486 2.368421 -0.312447 0.182890 2.368421 -0.416596 0.201537 2.368421 -0.520746 0.214839 2.368421 -0.624895 0.224085 2.368421 -0.729044 0.230081 2.368421 -0.833193 0.233384 2.368421 -0.937342 0.234403 2.368421 -1.041491 0.233457 2.368421 -1.145640 0.230801 2.368421 -1.249789 0.226642 2.368421 -1.353939 0.221155 2.368421 -1.458088 0.214488 2.368421 -1.562237 0.206763 2.368421 -1.666386 0.198088 2.368421 -1.770535 0.188550 2.368421 -1.874684 0.178227 2.368421 -1.978833 0.167178 2.368421 -2.082982 0.155455 2.368421 -2.187132 0.143097 2.368421 -2.291281 0.130132 2.368421 -2.395430 0.116580 2.368421 -2.499579 0.102448 2.368421 -2.603728 0.087739 2.368421 -2.707877 0.072442 2.368421 -2.812026 0.056542 2.368421 -2.916175 0.040012 2.368421 -3.020325 0.022819 2.368421 -3.124474 0.031245 2.368421 -3.020325 -0.022819 2.368421 -2.916175 -0.040012 2.368421 -2.812026 -0.056542 2.368421 -2.707877 -0.072442 2.368421 -2.603728 -0.087739 2.368421 -2.499579 -0.102448 2.368421 -2.395430 -0.116580 2.368421 -2.291281 -0.130132 2.368421 -2.187132 -0.143097 2.368421 -2.082982 -0.155455 2.368421 -1.978833 -0.167178 2.368421 -1.874684 -0.178227 2.368421 -1.770535 -0.188550 2.368421 -1.666386 -0.198088 2.368421 -1.562237 -0.206763 2.368421 -1.458088 -0.214488 2.368421 -1.353939 -0.221155 2.368421 -1.249789 -0.226642 2.368421 -1.145640 -0.230801 2.368421 -1.041491 -0.233457 2.368421 -0.937342 -0.234403 2.368421 -0.833193 -0.233384 2.368421 -0.729044 -0.230081 2.368421 -0.624895 -0.224085 2.368421 -0.520746 -0.214839 2.368421 -0.416596 -0.201537 2.368421 -0.312447 -0.182890 2.368421 -0.208298 -0.156486 2.368421 -0.104149 -0.116291 2.368421 -0.000000 0.000000 2.605263 -0.101797 0.113665 2.605263 -0.203595 0.152953 2.605263 -0.305392 0.178760 2.605263 -0.407189 0.196986 2.605263 -0.508987 0.209988 2.605263 -0.610784 0.219025 2.605263 -0.712582 0.224886 2.605263 -0.814379 0.228114 2.605263 -0.916176 0.229110 2.605263 -1.017974 0.228186 2.605263 -1.119771 0.225589 2.605263 -1.221568 0.221524 2.605263 -1.323366 0.216161 2.605263 -1.425163 0.209644 2.605263 -1.526961 0.202094 2.605263 -1.628758 0.193615 2.605263 -1.730555 0.184293 2.605263 -1.832353 0.174202 2.605263 -1.934150 0.163403 2.605263 -2.035947 0.151945 2.605263 -2.137745 0.139866 2.605263 -2.239542 0.127194 2.605263 -2.341339 0.113947 2.605263 -2.443137 0.100135 2.605263 -2.544934 0.085758 2.605263 -2.646732 0.070807 2.605263 -2.748529 0.055265 2.605263 -2.850326 0.039109 2.605263 -2.952124 0.022304 2.605263 -3.053921 0.030539 2.605263 -2.952124 -0.022304 2.605263 -2.850326 -0.039109 2.605263 -2.748529 -0.055265 2.605263 -2.646732 -0.070807 2.605263 -2.544934 -0.085758 2.605263 -2.443137 -0.100135 2.605263 -2.341339 -0.113947 2.605263 -2.239542 -0.127194 2.605263 -2.137745 -0.139866 2.605263 -2.035947 -0.151945 2.605263 -1.934150 -0.163403 2.605263 -1.832353 -0.174202 2.605263 -1.730555 -0.184293 2.605263 -1.628758 -0.193615 2.605263 -1.526961 -0.202094 2.605263 -1.425163 -0.209644 2.605263 -1.323366 -0.216161 2.605263 -1.221568 -0.221524 2.605263 -1.119771 -0.225589 2.605263 -1.017974 -0.228186 2.605263 -0.916176 -0.229110 2.605263 -0.814379 -0.228114 2.605263 -0.712582 -0.224886 2.605263 -0.610784 -0.219025 2.605263 -0.508987 -0.209988 2.605263 -0.407189 -0.196986 2.605263 -0.305392 -0.178760 2.605263 -0.203595 -0.152953 2.605263 -0.101797 -0.113665 2.605263 -0.000000 0.000000 2.842105 -0.099446 0.111040 2.842105 -0.198891 0.149419 2.842105 -0.298337 0.174630 2.842105 -0.397782 0.192436 2.842105 -0.497228 0.205137 2.842105 -0.596674 0.213965 2.842105 -0.696119 0.219690 2.842105 -0.795565 0.222844 2.842105 -0.895011 0.223817 2.842105 -0.994456 0.222914 2.842105 -1.093902 0.220377 2.842105 -1.193347 0.216406 2.842105 -1.292793 0.211168 2.842105 -1.392239 0.204801 2.842105 -1.491684 0.197425 2.842105 -1.591130 0.189142 2.842105 -1.690575 0.180035 2.842105 -1.790021 0.170178 2.842105 -1.889467 0.159628 2.842105 -1.988912 0.148435 2.842105 -2.088358 0.136635 2.842105 -2.187804 0.124255 2.842105 -2.287249 0.111315 2.842105 -2.386695 0.097822 2.842105 -2.486140 0.083776 2.842105 -2.585586 0.069171 2.842105 -2.685032 0.053988 2.842105 -2.784477 0.038205 2.842105 -2.883923 0.021789 2.842105 -2.983368 0.029834 2.842105 -2.883923 -0.021789 2.842105 -2.784477 -0.038205 2.842105 -2.685032 -0.053988 2.842105 -2.585586 -0.069171 2.842105 -2.486140 -0.083776 2.842105 -2.386695 -0.097822 2.842105 -2.287249 -0.111315 2.842105 -2.187804 -0.124255 2.842105 -2.088358 -0.136635 2.842105 -1.988912 -0.148435 2.842105 -1.889467 -0.159628 2.842105 -1.790021 -0.170178 2.842105 -1.690575 -0.180035 2.842105 -1.591130 -0.189142 2.842105 -1.491684 -0.197425 2.842105 -1.392239 -0.204801 2.842105 -1.292793 -0.211168 2.842105 -1.193347 -0.216406 2.842105 -1.093902 -0.220377 2.842105 -0.994456 -0.222914 2.842105 -0.895011 -0.223817 2.842105 -0.795565 -0.222844 2.842105 -0.696119 -0.219690 2.842105 -0.596674 -0.213965 2.842105 -0.497228 -0.205137 2.842105 -0.397782 -0.192436 2.842105 -0.298337 -0.174630 2.842105 -0.198891 -0.149419 2.842105 -0.099446 -0.111040 2.842105 -0.000000 0.000000 3.078947 -0.097094 0.108414 3.078947 -0.194188 0.145886 3.078947 -0.291282 0.170501 3.078947 -0.388375 0.187885 3.078947 -0.485469 0.200286 3.078947 -0.582563 0.208905 3.078947 -0.679657 0.214495 3.078947 -0.776751 0.217574 3.078947 -0.873845 0.218524 3.078947 -0.970939 0.217642 3.078947 -1.068032 0.215166 3.078947 -1.165126 0.211289 3.078947 -1.262220 0.206174 3.078947 -1.359314 0.199958 3.078947 -1.456408 0.192757 3.078947 -1.553502 0.184669 3.078947 -1.650596 0.175778 3.078947 -1.747689 0.166153 3.078947 -1.844783 0.155853 3.078947 -1.941877 0.144925 3.078947 -2.038971 0.133404 3.078947 -2.136065 0.121317 3.078947 -2.233159 0.108682 3.078947 -2.330253 0.095508 3.078947 -2.427346 0.081795 3.078947 -2.524440 0.067535 3.078947 -2.621534 0.052712 3.078947 -2.718628 0.037302 3.078947 -2.815722 0.021273 3.078947 -2.912816 0.029128 3.078947 -2.815722 -0.021273 3.078947 -2.718628 -0.037302 3.078947 -2.621534 -0.052712 3.078947 -2.524440 -0.067535 3.078947 -2.427346 -0.081795 3.078947 -2.330253 -0.095508 3.078947 -2.233159 -0.108682 3.078947 -2.136065 -0.121317 3.078947 -2.038971 -0.133404 3.078947 -1.941877 -0.144925 3.078947 -1.844783 -0.155853 3.078947 -1.747689 -0.166153 3.078947 -1.650596 -0.175778 3.078947 -1.553502 -0.184669 3.078947 -1.456408 -0.192757 3.078947 -1.359314 -0.199958 3.078947 -1.262220 -0.206174 3.078947 -1.165126 -0.211289 3.078947 -1.068032 -0.215166 3.078947 -0.970939 -0.217642 3.078947 -0.873845 -0.218524 3.078947 -0.776751 -0.217574 3.078947 -0.679657 -0.214495 3.078947 -0.582563 -0.208905 3.078947 -0.485469 -0.200286 3.078947 -0.388375 -0.187885 3.078947 -0.291282 -0.170501 3.078947 -0.194188 -0.145886 3.078947 -0.097094 -0.108414 3.078947 -0.000000 0.000000 3.315789 -0.094742 0.105788 3.315789 -0.189484 0.142352 3.315789 -0.284226 0.166371 3.315789 -0.378968 0.183334 3.315789 -0.473711 0.195434 3.315789 -0.568453 0.203845 3.315789 -0.663195 0.209300 3.315789 -0.757937 0.212304 3.315789 -0.852679 0.213231 3.315789 -0.947421 0.212371 3.315789 -1.042163 0.209954 3.315789 -1.136905 0.206171 3.315789 -1.231647 0.201180 3.315789 -1.326389 0.195114 3.315789 -1.421132 0.188088 3.315789 -1.515874 0.180196 3.315789 -1.610616 0.171520 3.315789 -1.705358 0.162129 3.315789 -1.800100 0.152078 3.315789 -1.894842 0.141414 3.315789 -1.989584 0.130172 3.315789 -2.084326 0.118378 3.315789 -2.179068 0.106050 3.315789 -2.273811 0.093195 3.315789 -2.368553 0.079814 3.315789 -2.463295 0.065899 3.315789 -2.558037 0.051435 3.315789 -2.652779 0.036398 3.315789 -2.747521 0.020758 3.315789 -2.842263 0.028423 3.315789 -2.747521 -0.020758 3.315789 -2.652779 -0.036398 3.315789 -2.558037 -0.051435 3.315789 -2.463295 -0.065899 3.315789 -2.368553 -0.079814 3.315789 -2.273811 -0.093195 3.315789 -2.179068 -0.106050 3.315789 -2.084326 -0.118378 3.315789 -1.989584 -0.130172 3.315789 -1.894842 -0.141414 3.315789 -1.800100 -0.152078 3.315789 -1.705358 -0.162129 3.315789 -1.610616 -0.171520 3.315789 -1.515874 -0.180196 3.315789 -1.421132 -0.188088 3.315789 -1.326389 -0.195114 3.315789 -1.231647 -0.201180 3.315789 -1.136905 -0.206171 3.315789 -1.042163 -0.209954 3.315789 -0.947421 -0.212371 3.315789 -0.852679 -0.213231 3.315789 -0.757937 -0.212304 3.315789 -0.663195 -0.209300 3.315789 -0.568453 -0.203845 3.315789 -0.473711 -0.195434 3.315789 -0.378968 -0.183334 3.315789 -0.284226 -0.166371 3.315789 -0.189484 -0.142352 3.315789 -0.094742 -0.105788 3.315789 -0.000000 0.000000 3.552632 -0.092390 0.103162 3.552632 -0.184781 0.138819 3.552632 -0.277171 0.162241 3.552632 -0.369561 0.178783 3.552632 -0.461952 0.190583 3.552632 -0.554342 0.198785 3.552632 -0.646732 0.204104 3.552632 -0.739123 0.207034 3.552632 -0.831513 0.207938 3.552632 -0.923904 0.207099 3.552632 -1.016294 0.204742 3.552632 -1.108684 0.201053 3.552632 -1.201075 0.196186 3.552632 -1.293465 0.190271 3.552632 -1.385855 0.183419 3.552632 -1.478246 0.175723 3.552632 -1.570636 0.167262 3.552632 -1.663026 0.158104 3.552632 -1.755417 0.148303 3.552632 -1.847807 0.137904 3.552632 -1.940197 0.126941 3.552632 -2.032588 0.115440 3.552632 -2.124978 0.103417 3.552632 -2.217368 0.090882 3.552632 -2.309759 0.077833 3.552632 -2.402149 0.064263 3.552632 -2.494539 0.050158 3.552632 -2.586930 0.035495 3.552632 -2.679320 0.020243 3.552632 -2.771711 0.027717 3.552632 -2.679320 -0.020243 3.552632 -2.586930 -0.035495 3.552632 -2.494539 -0.050158 3.552632 -2.402149 -0.064263 3.552632 -2.309759 -0.077833 3.552632 -2.217368 -0.090882 3.552632 -2.124978 -0.103417 3.552632 -2.032588 -0.115440 3.552632 -1.940197 -0.126941 3.552632 -1.847807 -0.137904 3.552632 -1.755417 -0.148303 3.552632 -1.663026 -0.158104 3.552632 -1.570636 -0.167262 3.552632 -1.478246 -0.175723 3.552632 -1.385855 -0.183419 3.552632 -1.293465 -0.190271 3.552632 -1.201075 -0.196186 3.552632 -1.108684 -0.201053 3.552632 -1.016294 -0.204742 3.552632 -0.923904 -0.207099 3.552632 -0.831513 -0.207938 3.552632 -0.739123 -0.207034 3.552632 -0.646732 -0.204104 3.552632 -0.554342 -0.198785 3.552632 -0.461952 -0.190583 3.552632 -0.369561 -0.178783 3.552632 -0.277171 -0.162241 3.552632 -0.184781 -0.138819 3.552632 -0.092390 -0.103162 3.552632 -0.000000 0.000000 3.789474 -0.090039 0.100536 3.789474 -0.180077 0.135285 3.789474 -0.270116 0.158111 3.789474 -0.360154 0.174232 3.789474 -0.450193 0.185732 3.789474 -0.540232 0.193725 3.789474 -0.630270 0.198909 3.789474 -0.720309 0.201764 3.789474 -0.810347 0.202645 3.789474 -0.900386 0.201827 3.789474 -0.990425 0.199531 3.789474 -1.080463 0.195936 3.789474 -1.170502 0.191192 3.789474 -1.260540 0.185428 3.789474 -1.350579 0.178750 3.789474 -1.440618 0.171250 3.789474 -1.530656 0.163005 3.789474 -1.620695 0.154080 3.789474 -1.710733 0.144528 3.789474 -1.800772 0.134394 3.789474 -1.890811 0.123710 3.789474 -1.980849 0.112502 3.789474 -2.070888 0.100785 3.789474 -2.160926 0.088568 3.789474 -2.250965 0.075852 3.789474 -2.341004 0.062628 3.789474 -2.431042 0.048881 3.789474 -2.521081 0.034591 3.789474 -2.611119 0.019727 3.789474 -2.701158 0.027012 3.789474 -2.611119 -0.019727 3.789474 -2.521081 -0.034591 3.789474 -2.431042 -0.048881 3.789474 -2.341004 -0.062628 3.789474 -2.250965 -0.075852 3.789474 -2.160926 -0.088568 3.789474 -2.070888 -0.100785 3.789474 -1.980849 -0.112502 3.789474 -1.890811 -0.123710 3.789474 -1.800772 -0.134394 3.789474 -1.710733 -0.144528 3.789474 -1.620695 -0.154080 3.789474 -1.530656 -0.163005 3.789474 -1.440618 -0.171250 3.789474 -1.350579 -0.178750 3.789474 -1.260540 -0.185428 3.789474 -1.170502 -0.191192 3.789474 -1.080463 -0.195936 3.789474 -0.990425 -0.199531 3.789474 -0.900386 -0.201827 3.789474 -0.810347 -0.202645 3.789474 -0.720309 -0.201764 3.789474 -0.630270 -0.198909 3.789474 -0.540232 -0.193725 3.789474 -0.450193 -0.185732 3.789474 -0.360154 -0.174232 3.789474 -0.270116 -0.158111 3.789474 -0.180077 -0.135285 3.789474 -0.090039 -0.100536 3.789474 -0.000000 0.000000 4.026316 -0.087687 0.097910 4.026316 -0.175374 0.131752 4.026316 -0.263061 0.153982 4.026316 -0.350747 0.169681 4.026316 -0.438434 0.180881 4.026316 -0.526121 0.188665 4.026316 -0.613808 0.193713 4.026316 -0.701495 0.196494 4.026316 -0.789182 0.197352 4.026316 -0.876868 0.196556 4.026316 -0.964555 0.194319 4.026316 -1.052242 0.190818 4.026316 -1.139929 0.186199 4.026316 -1.227616 0.180585 4.026316 -1.315303 0.174081 4.026316 -1.402989 0.166777 4.026316 -1.490676 0.158747 4.026316 -1.578363 0.150055 4.026316 -1.666050 0.140753 4.026316 -1.753737 0.130883 4.026316 -1.841424 0.120479 4.026316 -1.929111 0.109563 4.026316 -2.016797 0.098153 4.026316 -2.104484 0.086255 4.026316 -2.192171 0.073870 4.026316 -2.279858 0.060992 4.026316 -2.367545 0.047605 4.026316 -2.455232 0.033688 4.026316 -2.542918 0.019212 4.026316 -2.630605 0.026306 4.026316 -2.542918 -0.019212 4.026316 -2.455232 -0.033688 4.026316 -2.367545 -0.047605 4.026316 -2.279858 -0.060992 4.026316 -2.192171 -0.073870 4.026316 -2.104484 -0.086255 4.026316 -2.016797 -0.098153 4.026316 -1.929111 -0.109563 4.026316 -1.841424 -0.120479 4.026316 -1.753737 -0.130883 4.026316 -1.666050 -0.140753 4.026316 -1.578363 -0.150055 4.026316 -1.490676 -0.158747 4.026316 -1.402989 -0.166777 4.026316 -1.315303 -0.174081 4.026316 -1.227616 -0.180585 4.026316 -1.139929 -0.186199 4.026316 -1.052242 -0.190818 4.026316 -0.964555 -0.194319 4.026316 -0.876868 -0.196556 4.026316 -0.789182 -0.197352 4.026316 -0.701495 -0.196494 4.026316 -0.613808 -0.193713 4.026316 -0.526121 -0.188665 4.026316 -0.438434 -0.180881 4.026316 -0.350747 -0.169681 4.026316 -0.263061 -0.153982 4.026316 -0.175374 -0.131752 4.026316 -0.087687 -0.097910 4.026316 -0.000000 0.000000 4.263158 -0.085335 0.095284 4.263158 -0.170670 0.128218 4.263158 -0.256005 0.149852 4.263158 -0.341340 0.165131 4.263158 -0.426675 0.176029 4.263158 -0.512011 0.183605 4.263158 -0.597346 0.188518 4.263158 -0.682681 0.191224 4.263158 -0.768016 0.192059 4.263158 -0.853351 0.191284 4.263158 -0.938686 0.189108 4.263158 -1.024021 0.185700 4.263158 -1.109356 0.181205 4.263158 -1.194691 0.175741 4.263158 -1.280026 0.169412 4.263158 -1.365361 0.162304 4.263158 -1.450696 0.154490 4.263158 -1.536032 0.146031 4.263158 -1.621367 0.136978 4.263158 -1.706702 0.127373 4.263158 -1.792037 0.117247 4.263158 -1.877372 0.106625 4.263158 -1.962707 0.095520 4.263158 -2.048042 0.083942 4.263158 -2.133377 0.071889 4.263158 -2.218712 0.059356 4.263158 -2.304047 0.046328 4.263158 -2.389382 0.032784 4.263158 -2.474718 0.018697 4.263158 -2.560053 0.025601 4.263158 -2.474718 -0.018697 4.263158 -2.389382 -0.032784 4.263158 -2.304047 -0.046328 4.263158 -2.218712 -0.059356 4.263158 -2.133377 -0.071889 4.263158 -2.048042 -0.083942 4.263158 -1.962707 -0.095520 4.263158 -1.877372 -0.106625 4.263158 -1.792037 -0.117247 4.263158 -1.706702 -0.127373 4.263158 -1.621367 -0.136978 4.263158 -1.536032 -0.146031 4.263158 -1.450696 -0.154490 4.263158 -1.365361 -0.162304 4.263158 -1.280026 -0.169412 4.263158 -1.194691 -0.175741 4.263158 -1.109356 -0.181205 4.263158 -1.024021 -0.185700 4.263158 -0.938686 -0.189108 4.263158 -0.853351 -0.191284 4.263158 -0.768016 -0.192059 4.263158 -0.682681 -0.191224 4.263158 -0.597346 -0.188518 4.263158 -0.512011 -0.183605 4.263158 -0.426675 -0.176029 4.263158 -0.341340 -0.165131 4.263158 -0.256005 -0.149852 4.263158 -0.170670 -0.128218 4.263158 -0.085335 -0.095284 4.263158 -0.000000 0.000000 4.500000 -0.082983 0.092658 4.500000 -0.165967 0.124684 4.500000 -0.248950 0.145722 4.500000 -0.331933 0.160580 4.500000 -0.414917 0.171178 4.500000 -0.497900 0.178545 4.500000 -0.580883 0.183323 4.500000 -0.663867 0.185954 4.500000 -0.746850 0.186766 4.500000 -0.829833 0.186013 4.500000 -0.912817 0.183896 4.500000 -0.995800 0.180582 4.500000 -1.078783 0.176211 4.500000 -1.161767 0.170898 4.500000 -1.244750 0.164743 4.500000 -1.327733 0.157831 4.500000 -1.410717 0.150232 4.500000 -1.493700 0.142006 4.500000 -1.576683 0.133203 4.500000 -1.659667 0.123863 4.500000 -1.742650 0.114016 4.500000 -1.825633 0.103686 4.500000 -1.908617 0.092888 4.500000 -1.991600 0.081628 4.500000 -2.074583 0.069908 4.500000 -2.157567 0.057720 4.500000 -2.240550 0.045051 4.500000 -2.323533 0.031881 4.500000 -2.406517 0.018182 4.500000 -2.489500 0.024895 4.500000 -2.406517 -0.018182 4.500000 -2.323533 -0.031881 4.500000 -2.240550 -0.045051 4.500000 -2.157567 -0.057720 4.500000 -2.074583 -0.069908 4.500000 -1.991600 -0.081628 4.500000 -1.908617 -0.092888 4.500000 -1.825633 -0.103686 4.500000 -1.742650 -0.114016 4.500000 -1.659667 -0.123863 4.500000 -1.576683 -0.133203 4.500000 -1.493700 -0.142006 4.500000 -1.410717 -0.150232 4.500000 -1.327733 -0.157831 4.500000 -1.244750 -0.164743 4.500000 -1.161767 -0.170898 4.500000 -1.078783 -0.176211 4.500000 -0.995800 -0.180582 4.500000 -0.912817 -0.183896 4.500000 -0.829833 -0.186013 4.500000 -0.746850 -0.186766 4.500000 -0.663867 -0.185954 4.500000 -0.580883 -0.183323 4.500000 -0.497900 -0.178545 4.500000 -0.414917 -0.171178 4.500000 -0.331933 -0.160580 4.500000 -0.248950 -0.145722 4.500000 -0.165967 -0.124684 4.500000 -0.082983 -0.092658 4.500000 -1.915000 0.000638 0.000000 -1.244750 0.000415 4.500000
          </float_array>
          <technique_common>
            <accessor source="#sail-positions-array" count="1202" stride="3">
              <param name="X" type="float"/>
              <param name="Y" type="float"/>
              <param name="Z" type="float"/>
            </accessor>
          </technique_common>
        </source>

        <source id="sail-normals">
          <float_array id="sail-normals-array" count="22680">
            -0.744926 -0.667147 0.000000 -0.744926 -0.667147 0.000000 -0.744926 -0.667147 0.000000 -0.744926 -0.667147 0.000000 -0.744926 -0.667147 0.000000 -0.744926 -0.667147 0.000000 -0.360046 -0.932910 -0.006768 -0.360046 -0.932910 -0.006768 -0.360046 -0.932910 -0.006768 -0.360046 -0.932910 -0.006768 -0.360046 -0.932910 -0.006768 -0.360046 -0.932910 -0.006768 -0.245730 -0.969291 -0.009581 -0.245730 -0.969291 -0.009581 -0.245730 -0.969291 -0.009581 -0.245730 -0.969291 -0.009581 -0.245730 -0.969291 -0.009581 -0.245730 -0.969291 -0.009581 -0.176229 -0.984277 -0.011913 -0.176229 -0.984277 -0.011913 -0.176229 -0.984277 -0.011913 -0.176229 -0.984277 -0.011913 -0.176229 -0.984277 -0.011913 -0.176229 -0.984277 -0.011913 -0.126678 -0.991845 -0.014026 -0.126678 -0.991845 -0.014026 -0.126678 -0.991845 -0.014026 -0.126678 -0.991845 -0.014026 -0.126678 -0.991845 -0.014026 -0.126678 -0.991845 -0.014026 -0.088416 -0.995955 -0.016010 -0.088416 -0.995955 -0.016010 -0.088416 -0.995955 -0.016010 -0.088416 -0.995955 -0.016010 -0.088416 -0.995955 -0.016010 -0.088416 -0.995955 -0.016010 -0.057467 -0.998187 -0.017902 -0.057467 -0.998187 -0.017902 -0.057467 -0.998187 -0.017902 -0.057467 -0.998187 -0.017902 -0.057467 -0.998187 -0.017902 -0.057467 -0.998187 -0.017902 -0.031687 -0.999303 -0.019718 -0.031687 -0.999303 -0.019718 -0.031687 -0.999303 -0.019718 -0.031687 -0.999303 -0.019718 -0.031687 -0.999303 -0.019718 -0.031687 -0.999303 -0.019718 -0.009786 -0.999722 -0.021467 -0.009786 -0.999722 -0.021467 -0.009786 -0.999722 -0.021467 -0.009786 -0.999722 -0.021467 -0.009786 -0.999722 -0.021467 -0.009786 -0.999722 -0.021467 0.009078 -0.999691 -0.023152 0.009078 -0.999691 -0.023152 0.009078 -0.999691 -0.023152 0.009078 -0.999691 -0.023152 0.009078 -0.999691 -0.023152 0.009078 -0.999691 -0.023152 0.025491 -0.999368 -0.024775 0.025491 -0.999368 -0.024775 0.025491 -0.999368 -0.024775 0.025491 -0.999368 -0.024775 0.025491 -0.999368 -0.024775 0.025491 -0.999368 -0.024775 0.039884 -0.998857 -0.026336 0.039884 -0.998857 -0.026336 0.039884 -0.998857 -0.026336 0.039884 -0.998857 -0.026336 0.039884 -0.998857 -0.026336 0.039884 -0.998857 -0.026336 0.052587 -0.998228 -0.027836 0.052587 -0.998228 -0.027836 0.052587 -0.998228 -0.027836 0.052587 -0.998228 -0.027836 0.052587 -0.998228 -0.027836 0.052587 -0.998228 -0.027836 0.063863 -0.997529 -0.029277 0.063863 -0.997529 -0.029277 0.063863 -0.997529 -0.029277 0.063863 -0.997529 -0.029277 0.063863 -0.997529 -0.029277 0.063863 -0.997529 -0.029277 0.073930 -0.996792 -0.030661 0.073930 -0.996792 -0.030661 0.073930 -0.996792 -0.030661 0.073930 -0.996792 -0.030661 0.073930 -0.996792 -0.030661 0.073930 -0.996792 -0.030661 0.082969 -0.996038 -0.031993 0.082969 -0.996038 -0.031993 0.082969 -0.996038 -0.031993 0.082969 -0.996038 -0.031993 0.082969 -0.996038 -0.031993 0.082969 -0.996038 -0.031993 0.091140 -0.995282 -0.033276 0.091140 -0.995282 -0.033276 0.091140 -0.995282 -0.033276 0.091140 -0.995282 -0.033276 0.091140 -0.995282 -0.033276 0.091140 -0.995282 -0.033276 0.098583 -0.994530 -0.034519 0.098583 -0.994530 -0.034519 0.098583 -0.994530 -0.034519 0.098583 -0.994530 -0.034519 0.098583 -0.994530 -0.034519 0.098583 -0.994530 -0.034519 0.105423 -0.993785 -0.035729 0.105423 -0.993785 -0.035729 0.105423 -0.993785 -0.035729 0.105423 -0.993785 -0.035729 0.105423 -0.993785 -0.035729 0.105423 -0.993785 -0.035729 0.111775 -0.993048 -0.036916 0.111775 -0.993048 -0.036916 0.111775 -0.993048 -0.036916 0.111775 -0.993048 -0.036916 0.111775 -0.993048 -0.036916 0.111775 -0.993048 -0.036916 0.117746 -0.992313 -0.038091 0.117746 -0.992313 -0.038091 0.117746 -0.992313 -0.038091 0.117746 -0.992313 -0.038091 0.117746 -0.992313 -0.038091 0.117746 -0.992313 -0.038091 0.123435 -0.991575 -0.039267 0.123435 -0.991575 -0.039267 0.123435 -0.991575 -0.039267 0.123435 -0.991575 -0.039267 0.123435 -0.991575 -0.039267 0.123435 -0.991575 -0.039267 0.128935 -0.990827 -0.040459 0.128935 -0.990827 -0.040459 0.128935 -0.990827 -0.040459 0.128935 -0.990827 -0.040459 0.128935 -0.990827 -0.040459 0.128935 -0.990827 -0.040459 0.134335 -0.990059 -0.041684 0.134335 -0.990059 -0.041684 0.134335 -0.990059 -0.041684 0.134335 -0.990059 -0.041684 0.134335 -0.990059 -0.041684 0.134335 -0.990059 -0.041684 0.139719 -0.989259 -0.042959 0.139719 -0.989259 -0.042959 0.139719 -0.989259 -0.042959 0.139719 -0.989259 -0.042959 0.139719 -0.989259 -0.042959 0.139719 -0.989259 -0.042959 0.145169 -0.988414 -0.044305 0.145169 -0.988414 -0.044305 0.145169 -0.988414 -0.044305 0.145169 -0.988414 -0.044305 0.145169 -0.988414 -0.044305 0.145169 -0.988414 -0.044305 0.150763 -0.987511 -0.045743 0.150763 -0.987511 -0.045743 0.150763 -0.987511 -0.045743 0.150763 -0.987511 -0.045743 0.150763 -0.987511 -0.045743 0.150763 -0.987511 -0.045743 0.156576 -0.986533 -0.047296 0.156576 -0.986533 -0.047296 0.156576 -0.986533 -0.047296 0.156576 -0.986533 -0.047296 0.156576 -0.986533 -0.047296 0.156576 -0.986533 -0.047296 0.162681 -0.985462 -0.048989 0.162681 -0.985462 -0.048989 0.162681 -0.985462 -0.048989 0.162681 -0.985462 -0.048989 0.162681 -0.985462 -0.048989 0.162681 -0.985462 -0.048989 -0.080619 -0.996523 0.021047 -0.080619 -0.996523 0.021047 -0.080619 -0.996523 0.021047 -0.080619 -0.996523 0.021047 -0.080619 -0.996523 0.021047 -0.080619 -0.996523 0.021047 0.456606 0.879611 -0.133398 0.456606 0.879611 -0.133398 0.456606 0.879611 -0.133398 0.456606 0.879611 -0.133398 0.456606 0.879611 -0.133398 0.456606 0.879611 -0.133398 0.162681 0.985462 -0.048989 0.162681 0.985462 -0.048989 0.162681 0.985462 -0.048989 0.162681 0.985462 -0.048989 0.162681 0.985462 -0.048989 0.162681 0.985462 -0.048989 0.156576 0.986533 -0.047296 0.156576 0.986533 -0.047296 0.156576 0.986533 -0.047296 0.156576 0.986533 -0.047296 0.156576 0.986533 -0.047296 0.156576 0.986533 -0.047296 0.150763 0.987511 -0.045743 0.150763 0.987511 -0.045743 0.150763 0.987511 -0.045743 0.150763 0.987511 -0.045743 0.150763 0.987511 -0.045743 0.150763 0.987511 -0.045743 0.145169 0.988414 -0.044305 0.145169 0.988414 -0.044305 0.145169 0.988414 -0.044305 0.145169 0.988414 -0.044305 0.145169 0.988414 -0.044305 0.145169 0.988414 -0.044305 0.139719 0.989259 -0.042959 0.139719 0.989259 -0.042959 0.139719 0.989259 -0.042959 0.139719 0.989259 -0.042959 0.139719 0.989259 -0.042959 0.139719 0.989259 -0.042959 0.134335 0.990059 -0.041684 0.134335 0.990059 -0.041684 0.134335 0.990059 -0.041684 0.134335 0.990059 -0.041684 0.134335 0.990059 -0.041684 0.134335 0.990059 -0.041684 0.128935 0.990827 -0.040459 0.128935 0.990827 -0.040459 0.128935 0.990827 -0.040459 0.128935 0.990827 -0.040459 0.128935 0.990827 -0.040459 0.128935 0.990827 -0.040459 0.123435 0.991575 -0.039267 0.123435 0.991575 -0.039267 0.123435 0.991575 -0.039267 0.123435 0.991575 -0.039267 0.123435 0.991575 -0.039267 0.123435 0.991575 -0.039267 0.117746 0.992313 -0.038091 0.117746 0.992313 -0.038091 0.117746 0.992313 -0.038091 0.117746 0.992313 -0.038091 0.117746 0.992313 -0.038091 0.117746 0.992313 -0.038091 0.111775 0.993048 -0.036916 0.111775 0.993048 -0.036916 0.111775 0.993048 -0.036916 0.111775 0.993048 -0.036916 0.111775 0.993048 -0.036916 0.111775 0.993048 -0.036916 0.105423 0.993785 -0.035729 0.105423 0.993785 -0.035729 0.105423 0.993785 -0.035729 0.105423 0.993785 -0.035729 0.105423 0.993785 -0.035729 0.105423 0.993785 -0.035729 0.098583 0.994530 -0.034519 0.098583 0.994530 -0.034519 0.098583 0.994530 -0.034519 0.098583 0.994530 -0.034519 0.098583 0.994530 -0.034519 0.098583 0.994530 -0.034519 0.091140 0.995282 -0.033276 0.091140 0.995282 -0.033276 0.091140 0.995282 -0.033276 0.091140 0.995282 -0.033276 0.091140 0.995282 -0.033276 0.091140 0.995282 -0.033276 0.082969 0.996038 -0.031993 0.082969 0.996038 -0.031993 0.082969 0.996038 -0.031993 0.082969 0.996038 -0.031993 0.082969 0.996038 -0.031993 0.082969 0.996038 -0.031993 0.073930 0.996792 -0.030661 0.073930 0.996792 -0.030661 0.073930 0.996792 -0.030661 0.073930 0.996792 -0.030661 0.073930 0.996792 -0.030661 0.073930 0.996792 -0.030661 0.063863 0.997529 -0.029277 0.063863 0.997529 -0.029277 0.063863 0.997529 -0.029277 0.063863 0.997529 -0.029277 0.063863 0.997529 -0.029277 0.063863 0.997529 -0.029277 0.052587 0.998228 -0.027836 0.052587 0.998228 -0.027836 0.052587 0.998228 -0.027836 0.052587 0.998228 -0.027836 0.052587 0.998228 -0.027836 0.052587 0.998228 -0.027836 0.039884 0.998857 -0.026336 0.039884 0.998857 -0.026336 0.039884 0.998857 -0.026336 0.039884 0.998857 -0.026336 0.039884 0.998857 -0.026336 0.039884 0.998857 -0.026336 0.025491 0.999368 -0.024775 0.025491 0.999368 -0.024775 0.025491 0.999368 -0.024775 0.025491 0.999368 -0.024775 0.025491 0.999368 -0.024775 0.025491 0.999368 -0.024775 0.009078 0.999691 -0.023152 0.009078 0.999691 -0.023152 0.009078 0.999691 -0.023152 0.009078 0.999691 -0.023152 0.009078 0.999691 -0.023152 0.009078 0.999691 -0.023152 -0.009786 0.999722 -0.021467 -0.009786 0.999722 -0.021467 -0.009786 0.999722 -0.021467 -0.009786 0.999722 -0.021467 -0.009786 0.999722 -0.021467 -0.009786 0.999722 -0.021467 -0.031687 0.999303 -0.019718 -0.031687 0.999303 -0.019718 -0.031687 0.999303 -0.019718 -0.031687 0.999303 -0.019718 -0.031687 0.999303 -0.019718 -0.031687 0.999303 -0.019718 -0.057467 0.998187 -0.017902 -0.057467 0.998187 -0.017902 -0.057467 0.998187 -0.017902 -0.057467 0.998187 -0.017902 -0.057467 0.998187 -0.017902 -0.057467 0.998187 -0.017902 -0.088416 0.995955 -0.016010 -0.088416 0.995955 -0.016010 -0.088416 0.995955 -0.016010 -0.088416 0.995955 -0.016010 -0.088416 0.995955 -0.016010 -0.088416 0.995955 -0.016010 -0.126678 0.991845 -0.014026 -0.126678 0.991845 -0.014026 -0.126678 0.991845 -0.014026 -0.126678 0.991845 -0.014026 -0.126678 0.991845 -0.014026 -0.126678 0.991845 -0.014026 -0.176229 0.984277 -0.011913 -0.176229 0.984277 -0.011913 -0.176229 0.984277 -0.011913 -0.176229 0.984277 -0.011913 -0.176229 0.984277 -0.011913 -0.176229 0.984277 -0.011913 -0.245730 0.969291 -0.009581 -0.245730 0.969291 -0.009581 -0.245730 0.969291 -0.009581 -0.245730 0.969291 -0.009581 -0.245730 0.969291 -0.009581 -0.245730 0.969291 -0.009581 -0.360046 0.932910 -0.006768 -0.360046 0.932910 -0.006768 -0.360046 0.932910 -0.006768 -0.360046 0.932910 -0.006768 -0.360046 0.932910 -0.006768 -0.360046 0.932910 -0.006768 -0.744926 0.667147 0.000000 -0.744926 0.667147 0.000000 -0.744926 0.667147 0.000000 -0.744926 0.667147 0.000000 -0.744926 0.667147 0.000000 -0.744926 0.667147 0.000000 -0.744926 -0.667147 0.000000 -0.744926 -0.667147 0.000000 -0.744926 -0.667147 0.000000 -0.744926 -0.667147 0.000000 -0.744926 -0.667147 0.000000 -0.744926 -0.667147 0.000000 -0.360046 -0.932910 -0.006768 -0.360046 -0.932910 -0.006768 -0.360046 -0.932910 -0.006768 -0.360046 -0.932910 -0.006768 -0.360046 -0.932910 -0.006768 -0.360046 -0.932910 -0.006768 -0.245730 -0.969291 -0.009581 -0.245730 -0.969291 -0.009581 -0.245730 -0.969291 -0.009581 -0.245730 -0.969291 -0.009581 -0.245730 -0.969291 -0.009581 -0.245730 -0.969291 -0.009581 -0.176229 -0.984277 -0.011913 -0.176229 -0.984277 -0.011913 -0.176229 -0.984277 -0.011913 -0.176229 -0.984277 -0.011913 -0.176229 -0.984277 -0.011913 -0.176229 -0.984277 -0.011913 -0.126678 -0.991845 -0.014026 -0.126678 -0.991845 -0.014026 -0.126678 -0.991845 -0.014026 -0.126678 -0.991845 -0.014026 -0.126678 -0.991845 -0.014026 -0.126678 -0.991845 -0.014026 -0.088416 -0.995955 -0.016010 -0.088416 -0.995955 -0.016010 -0.088416 -0.995955 -0.016010 -0.088416 -0.995955 -0.016010 -0.088416 -0.995955 -0.016010 -0.088416 -0.995955 -0.016010 -0.057467 -0.998187 -0.017902 -0.057467 -0.998187 -0.017902 -0.057467 -0.998187 -0.017902 -0.057467 -0.998187 -0.017902 -0.057467 -0.998187 -0.017902 -0.057467 -0.998187 -0.017902 -0.031687 -0.999303 -0.019718 -0.031687 -0.999303 -0.019718 -0.031687 -0.999303 -0.019718 -0.031687 -0.999303 -0.019718 -0.031687 -0.999303 -0.019718 -0.031687 -0.999303 -0.019718 -0.009786 -0.999722 -0.021467 -0.009786 -0.999722 -0.021467 -0.009786 -0.999722 -0.021467 -0.009786 -0.999722 -0.021467 -0.009786 -0.999722 -0.021467 -0.009786 -0.999722 -0.021467 0.009078 -0.999691 -0.023152 0.009078 -0.999691 -0.023152 0.009078 -0.999691 -0.023152 0.009078 -0.999691 -0.023152 0.009078 -0.999691 -0.023152 0.009078 -0.999691 -0.023152 0.025491 -0.999368 -0.024775 0.025491 -0.999368 -0.024775 0.025491 -0.999368 -0.024775 0.025491 -0.999368 -0.024775 0.025491 -0.999368 -0.024775 0.025491 -0.999368 -0.024775 0.039884 -0.998857 -0.026336 0.039884 -0.998857 -0.026336 0.039884 -0.998857 -0.026336 0.039884 -0.998857 -0.026336 0.039884 -0.998857 -0.026336 0.039884 -0.998857 -0.026336 0.052587 -0.998228 -0.027836 0.052587 -0.998228 -0.027836 0.052587 -0.998228 -0.027836 0.052587 -0.998228 -0.027836 0.052587 -0.998228 -0.027836 0.052587 -0.998228 -0.027836 0.063863 -0.997529 -0.029277 0.063863 -0.997529 -0.029277 0.063863 -0.997529 -0.029277 0.063863 -0.997529 -0.029277 0.063863 -0.997529 -0.029277 0.063863 -0.997529 -0.029277 0.073930 -0.996792 -0.030661 0.073930 -0.996792 -0.030661 0.073930 -0.996792 -0.030661 0.073930 -0.996792 -0.030661 0.073930 -0.996792 -0.030661 0.073930 -0.996792 -0.030661 0.082969 -0.996038 -0.031993 0.082969 -0.996038 -0.031993 0.082969 -0.996038 -0.031993 0.082969 -0.996038 -0.031993 0.082969 -0.996038 -0.031993 0.082969 -0.996038 -0.031993 0.091140 -0.995282 -0.033276 0.091140 -0.995282 -0.033276 0.091140 -0.995282 -0.033276 0.091140 -0.995282 -0.033276 0.091140 -0.995282 -0.033276 0.091140 -0.995282 -0.033276 0.098583 -0.994530 -0.034519 0.098583 -0.994530 -0.034519 0.098583 -0.994530 -0.034519 0.098583 -0.994530 -0.034519 0.098583 -0.994530 -0.034519 0.098583 -0.994530 -0.034519 0.105423 -0.993785 -0.035729 0.105423 -0.993785 -0.035729 0.105423 -0.993785 -0.035729 0.105423 -0.993785 -0.035729 0.105423 -0.993785 -0.035729 0.105423 -0.993785 -0.035729 0.111775 -0.993048 -0.036916 0.111775 -0.993048 -0.036916 0.111775 -0.993048 -0.036916 0.111775 -0.993048 -0.036916 0.111775 -0.993048 -0.036916 0.111775 -0.993048 -0.036916 0.117746 -0.992313 -0.038091 0.117746 -0.992313 -0.038091 0.117746 -0.992313 -0.038091 0.117746 -0.992313 -0.038091 0.117746 -0.992313 -0.038091 0.117746 -0.992313 -0.038091 0.123435 -0.991575 -0.039267 0.123435 -0.991575 -0.039267 0.123435 -0.991575 -0.039267 0.123435 -0.991575 -0.039267 0.123435 -0.991575 -0.039267 0.123435 -0.991575 -0.039267 0.128935 -0.990827 -0.040459 0.128935 -0.990827 -0.040459 0.128935 -0.990827 -0.040459 0.128935 -0.990827 -0.040459 0.128935 -0.990827 -0.040459 0.128935 -0.990827 -0.040459 0.134335 -0.990059 -0.041684 0.134335 -0.990059 -0.041684 0.134335 -0.990059 -0.041684 0.134335 -0.990059 -0.041684 0.134335 -0.990059 -0.041684 0.134335 -0.990059 -0.041684 0.139719 -0.989259 -0.042959 0.139719 -0.989259 -0.042959 0.139719 -0.989259 -0.042959 0.139719 -0.989259 -0.042959 0.139719 -0.989259 -0.042959 0.139719 -0.989259 -0.042959 0.145169 -0.988414 -0.044305 0.145169 -0.988414 -0.044305 0.145169 -0.988414 -0.044305 0.145169 -0.988414 -0.044305 0.145169 -0.988414 -0.044305 0.145169 -0.988414 -0.044305 0.150763 -0.987511 -0.045743 0.150763 -0.987511 -0.045743 0.150763 -0.987511 -0.045743 0.150763 -0.987511 -0.045743 0.150763 -0.987511 -0.045743 0.150763 -0.987511 -0.045743 0.156576 -0.986533 -0.047296 0.156576 -0.986533 -0.047296 0.156576 -0.986533 -0.047296 0.156576 -0.986533 -0.047296 0.156576 -0.986533 -0.047296 0.156576 -0.986533 -0.047296 0.162681 -0.985462 -0.048989 0.162681 -0.985462 -0.048989 0.162681 -0.985462 -0.048989 0.162681 -0.985462 -0.048989 0.162681 -0.985462 -0.048989 0.162681 -0.985462 -0.048989 -0.080619 -0.996523 0.021047 -0.080619 -0.996523 0.021047 -0.080619 -0.996523 0.021047 -0.080619 -0.996523 0.021047 -0.080619 -0.996523 0.021047 -0.080619 -0.996523 0.021047 0.456606 0.879611 -0.133398 0.456606 0.879611 -0.133398 0.456606 0.879611 -0.133398 0.456606 0.879611 -0.133398 0.456606 0.879611 -0.133398 0.456606 0.879611 -0.133398 0.162681 0.985462 -0.048989 0.162681 0.985462 -0.048989 0.162681 0.985462 -0.048989 0.162681 0.985462 -0.048989 0.162681 0.985462 -0.048989 0.162681 0.985462 -0.048989 0.156576 0.986533 -0.047296 0.156576 0.986533 -0.047296 0.156576 0.986533 -0.047296 0.156576 0.986533 -0.047296 0.156576 0.986533 -0.047296 0.156576 0.986533 -0.047296 0.150763 0.987511 -0.045743 0.150763 0.987511 -0.045743 0.150763 0.987511 -0.045743 0.150763 0.987511 -0.045743 0.150763 0.987511 -0.045743 0.150763 0.987511 -0.045743 0.145169 0.988414 -0.044305 0.145169 0.988414 -0.044305 0.145169 0.988414 -0.044305 0.145169 0.988414 -0.044305 0.145169 0.988414 -0.044305 0.145169 0.988414 -0.044305 0.139719 0.989259 -0.042959 0.139719 0.989259 -0.042959 0.139719 0.989259 -0.042959 0.139719 0.989259 -0.042959 0.139719 0.989259 -0.042959 0.139719 0.989259 -0.042959 0.134335 0.990059 -0.041684 0.134335 0.990059 -0.041684 0.134335 0.990059 -0.041684 0.134335 0.990059 -0.041684 0.134335 0.990059 -0.041684 0.134335 0.990059 -0.041684 0.128935 0.990827 -0.040459 0.128935 0.990827 -0.040459 0.128935 0.990827 -0.040459 0.128935 0.990827 -0.040459 0.128935 0.990827 -0.040459 0.128935 0.990827 -0.040459 0.123435 0.991575 -0.039267 0.123435 0.991575 -0.039267 0.123435 0.991575 -0.039267 0.123435 0.991575 -0.039267 0.123435 0.991575 -0.039267 0.123435 0.991575 -0.039267 0.117746 0.992313 -0.038091 0.117746 0.992313 -0.038091 0.117746 0.992313 -0.038091 0.117746 0.992313 -0.038091 0.117746 0.992313 -0.038091 0.117746 0.992313 -0.038091 0.111775 0.993048 -0.036916 0.111775 0.993048 -0.036916 0.111775 0.993048 -0.036916 0.111775 0.993048 -0.036916 0.111775 0.993048 -0.036916 0.111775 0.993048 -0.036916 0.105423 0.993785 -0.035729 0.105423 0.993785 -0.035729 0.105423 0.993785 -0.035729 0.105423 0.993785 -0.035729 0.105423 0.993785 -0.035729 0.105423 0.993785 -0.035729 0.098583 0.994530 -0.034519 0.098583 0.994530 -0.034519 0.098583 0.994530 -0.034519 0.098583 0.994530 -0.034519 0.098583 0.994530 -0.034519 0.098583 0.994530 -0.034519 0.091140 0.995282 -0.033276 0.091140 0.995282 -0.033276 0.091140 0.995282 -0.033276 0.091140 0.995282 -0.033276 0.091140 0.995282 -0.033276 0.091140 0.995282 -0.033276 0.082969 0.996038 -0.031993 0.082969 0.996038 -0.031993 0.082969 0.996038 -0.031993 0.082969 0.996038 -0.031993 0.082969 0.996038 -0.031993 0.082969 0.996038 -0.031993 0.073930 0.996792 -0.030661 0.073930 0.996792 -0.030661 0.073930 0.996792 -0.030661 0.073930 0.996792 -0.030661 0.073930 0.996792 -0.030661 0.073930 0.996792 -0.030661 0.063863 0.997529 -0.029277 0.063863 0.997529 -0.029277 0.063863 0.997529 -0.029277 0.063863 0.997529 -0.029277 0.063863 0.997529 -0.029277 0.063863 0.997529 -0.029277 0.052587 0.998228 -0.027836 0.052587 0.998228 -0.027836 0.052587 0.998228 -0.027836 0.052587 0.998228 -0.027836 0.052587 0.998228 -0.027836 0.052587 0.998228 -0.027836 0.039884 0.998857 -0.026336 0.039884 0.998857 -0.026336 0.039884 0.998857 -0.026336 0.039884 0.998857 -0.026336 0.039884 0.998857 -0.026336 0.039884 0.998857 -0.026336 0.025491 0.999368 -0.024775 0.025491 0.999368 -0.024775 0.025491 0.999368 -0.024775 0.025491 0.999368 -0.024775 0.025491 0.999368 -0.024775 0.025491 0.999368 -0.024775 0.009078 0.999691 -0.023152 0.009078 0.999691 -0.023152 0.009078 0.999691 -0.023152 0.009078 0.999691 -0.023152 0.009078 0.999691 -0.023152 0.009078 0.999691 -0.023152 -0.009786 0.999722 -0.021467 -0.009786 0.999722 -0.021467 -0.009786 0.999722 -0.021467 -0.009786 0.999722 -0.021467 -0.009786 0.999722 -0.021467 -0.009786 0.999722 -0.021467 -0.031687 0.999303 -0.019718 -0.031687 0.999303 -0.019718 -0.031687 0.999303 -0.019718 -0.031687 0.999303 -0.019718 -0.031687 0.999303 -0.019718 -0.031687 0.999303 -0.019718 -0.057467 0.998187 -0.017902 -0.057467 0.998187 -0.017902 -0.057467 0.998187 -0.017902 -0.057467 0.998187 -0.017902 -0.057467 0.998187 -0.017902 -0.057467 0.998187 -0.017902 -0.088416 0.995955 -0.016010 -0.088416 0.995955 -0.016010 -0.088416 0.995955 -0.016010 -0.088416 0.995955 -0.016010 -0.088416 0.995955 -0.016010 -0.088416 0.995955 -0.016010 -0.126678 0.991845 -0.014026 -0.126678 0.991845 -0.014026 -0.126678 0.991845 -0.014026 -0.126678 0.991845 -0.014026 -0.126678 0.991845 -0.014026 -0.126678 0.991845 -0.014026 -0.176229 0.984277 -0.011913 -0.176229 0.984277 -0.011913 -0.176229 0.984277 -0.011913 -0.176229 0.984277 -0.011913 -0.176229 0.984277 -0.011913 -0.176229 0.984277 -0.011913 -0.245730 0.969291 -0.009581 -0.245730 0.969291 -0.009581 -0.245730 0.969291 -0.009581 -0.245730 0.969291 -0.009581 -0.245730 0.969291 -0.009581 -0.245730 0.969291 -0.009581 -0.360046 0.932910 -0.006768 -0.360046 0.932910 -0.006768 -0.360046 0.932910 -0.006768 -0.360046 0.932910 -0.006768 -0.360046 0.932910 -0.006768 -0.360046 0.932910 -0.006768 -0.744926 0.667147 0.000000 -0.744926 0.667147 0.000000 -0.744926 0.667147 0.000000 -0.744926 0.667147 0.000000 -0.744926 0.667147 0.000000 -0.744926 0.667147 0.000000 -0.744926 -0.667147 0.000000 -0.744926 -0.667147 0.000000 -0.744926 -0.667147 0.000000 -0.744926 -0.667147 0.000000 -0.744926 -0.667147 0.000000 -0.744926 -0.667147 0.000000 -0.360046 -0.932910 -0.006768 -0.360046 -0.932910 -0.006768 -0.360046 -0.932910 -0.006768 -0.360046 -0.932910 -0.006768 -0.360046 -0.932910 -0.006768 -0.360046 -0.932910 -0.006768 -0.245730 -0.969291 -0.009581 -0.245730 -0.969291 -0.009581 -0.245730 -0.969291 -0.009581 -0.245730 -0.969291 -0.009581 -0.245730 -0.969291 -0.009581 -0.245730 -0.969291 -0.009581 -0.176229 -0.984277 -0.011913 -0.176229 -0.984277 -0.011913 -0.176229 -0.984277 -0.011913 -0.176229 -0.984277 -0.011913 -0.176229 -0.984277 -0.011913 -0.176229 -0.984277 -0.011913 -0.126678 -0.991845 -0.014026 -0.126678 -0.991845 -0.014026 -0.126678 -0.991845 -0.014026 -0.126678 -0.991845 -0.014026 -0.126678 -0.991845 -0.014026 -0.126678 -0.991845 -0.014026 -0.088416 -0.995955 -0.016010 -0.088416 -0.995955 -0.016010 -0.088416 -0.995955 -0.016010 -0.088416 -0.995955 -0.016010 -0.088416 -0.995955 -0.016010 -0.088416 -0.995955 -0.016010 -0.057467 -0.998187 -0.017902 -0.057467 -0.998187 -0.017902 -0.057467 -0.998187 -0.017902 -0.057467 -0.998187 -0.017902 -0.057467 -0.998187 -0.017902 -0.057467 -0.998187 -0.017902 -0.031687 -0.999303 -0.019718 -0.031687 -0.999303 -0.019718 -0.031687 -0.999303 -0.019718 -0.031687 -0.999303 -0.019718 -0.031687 -0.999303 -0.019718 -0.031687 -0.999303 -0.019718 -0.009786 -0.999722 -0.021467 -0.009786 -0.999722 -0.021467 -0.009786 -0.999722 -0.021467 -0.009786 -0.999722 -0.021467 -0.009786 -0.999722 -0.021467 -0.009786 -0.999722 -0.021467 0.009078 -0.999691 -0.023152 0.009078 -0.999691 -0.023152 0.009078 -0.999691 -0.023152 0.009078 -0.999691 -0.023152 0.009078 -0.999691 -0.023152 0.009078 -0.999691 -0.023152 0.025491 -0.999368 -0.024775 0.025491 -0.999368 -0.024775 0.025491 -0.999368 -0.024775 0.025491 -0.999368 -0.024775 0.025491 -0.999368 -0.024775 0.025491 -0.999368 -0.024775 0.039884 -0.998857 -0.026336 0.039884 -0.998857 -0.026336 0.039884 -0.998857 -0.026336 0.039884 -0.998857 -0.026336 0.039884 -0.998857 -0.026336 0.039884 -0.998857 -0.026336 0.052587 -0.998228 -0.027836 0.052587 -0.998228 -0.027836 0.052587 -0.998228 -0.027836 0.052587 -0.998228 -0.027836 0.052587 -0.998228 -0.027836 0.052587 -0.998228 -0.027836 0.063863 -0.997529 -0.029277 0.063863 -0.997529 -0.029277 0.063863 -0.997529 -0.029277 0.063863 -0.997529 -0.029277 0.063863 -0.997529 -0.029277 0.063863 -0.997529 -0.029277 0.073930 -0.996792 -0.030661 0.073930 -0.996792 -0.030661 0.073930 -0.996792 -0.030661 0.073930 -0.996792 -0.030661 0.073930 -0.996792 -0.030661 0.073930 -0.996792 -0.030661 0.082969 -0.996038 -0.031993 0.082969 -0.996038 -0.031993 0.082969 -0.996038 -0.031993 0.082969 -0.996038 -0.031993 0.082969 -0.996038 -0.031993 0.082969 -0.996038 -0.031993 0.091140 -0.995282 -0.033276 0.091140 -0.995282 -0.033276 0.091140 -0.995282 -0.033276 0.091140 -0.995282 -0.033276 0.091140 -0.995282 -0.033276 0.091140 -0.995282 -0.033276 0.098583 -0.994530 -0.034519 0.098583 -0.994530 -0.034519 0.098583 -0.994530 -0.034519 0.098583 -0.994530 -0.034519 0.098583 -0.994530 -0.034519 0.098583 -0.994530 -0.034519 0.105423 -0.993785 -0.035729 0.105423 -0.993785 -0.035729 0.105423 -0.993785 -0.035729 0.105423 -0.993785 -0.035729 0.105423 -0.993785 -0.035729 0.105423 -0.993785 -0.035729 0.111775 -0.993048 -0.036916 0.111775 -0.993048 -0.036916 0.111775 -0.993048 -0.036916 0.111775 -0.993048 -0.036916 0.111775 -0.993048 -0.036916 0.111775 -0.993048 -0.036916 0.117746 -0.992313 -0.038091 0.117746 -0.992313 -0.038091 0.117746 -0.992313 -0.038091 0.117746 -0.992313 -0.038091 0.117746 -0.992313 -0.038091 0.117746 -0.992313 -0.038091 0.123435 -0.991575 -0.039267 0.123435 -0.991575 -0.039267 0.123435 -0.991575 -0.039267 0.123435 -0.991575 -0.039267 0.123435 -0.991575 -0.039267 0.123435 -0.991575 -0.039267 0.128935 -0.990827 -0.040459 0.128935 -0.990827 -0.040459 0.128935 -0.990827 -0.040459 0.128935 -0.990827 -0.040459 0.128935 -0.990827 -0.040459 0.128935 -0.990827 -0.040459 0.134335 -0.990059 -0.041684 0.134335 -0.990059 -0.041684 0.134335 -0.990059 -0.041684 0.134335 -0.990059 -0.041684 0.134335 -0.990059 -0.041684 0.134335 -0.990059 -0.041684 0.139719 -0.989259 -0.042959 0.139719 -0.989259 -0.042959 0.139719 -0.989259 -0.042959 0.139719 -0.989259 -0.042959 0.139719 -0.989259 -0.042959 0.139719 -0.989259 -0.042959 0.145169 -0.988414 -0.044305 0.145169 -0.988414 -0.044305 0.145169 -0.988414 -0.044305 0.145169 -0.988414 -0.044305 0.145169 -0.988414 -0.044305 0.145169 -0.988414 -0.044305 0.150763 -0.987511 -0.045743 0.150763 -0.987511 -0.045743 0.150763 -0.987511 -0.045743 0.150763 -0.987511 -0.045743 0.150763 -0.987511 -0.045743 0.150763 -0.987511 -0.045743 0.156576 -0.986533 -0.047296 0.156576 -0.986533 -0.047296 0.156576 -0.986533 -0.047296 0.156576 -0.986533 -0.047296 0.156576 -0.986533 -0.047296 0.156576 -0.986533 -0.047296 0.162681 -0.985462 -0.048989 0.162681 -0.985462 -0.048989 0.162681 -0.985462 -0.048989 0.162681 -0.985462 -0.048989 0.162681 -0.985462 -0.048989 0.162681 -0.985462 -0.048989 -0.080619 -0.996523 0.021047 -0.080619 -0.996523 0.021047 -0.080619 -0.996523 0.021047 -0.080619 -0.996523 0.021047 -0.080619 -0.996523 0.021047 -0.080619 -0.996523 0.021047 0.456606 0.879611 -0.133398 0.456606 0.879611 -0.133398 0.456606 0.879611 -0.133398 0.456606 0.879611 -0.133398 0.456606 0.879611 -0.133398 0.456606 0.879611 -0.133398 0.162681 0.985462 -0.048989 0.162681 0.985462 -0.048989 0.162681 0.985462 -0.048989 0.162681 0.985462 -0.048989 0.162681 0.985462 -0.048989 0.162681 0.985462 -0.048989 0.156576 0.986533 -0.047296 0.156576 0.986533 -0.047296 0.156576 0.986533 -0.047296 0.156576 0.986533 -0.047296 0.156576 0.986533 -0.047296 0.156576 0.986533 -0.047296 0.150763 0.987511 -0.045743 0.150763 0.987511 -0.045743 0.150763 0.987511 -0.045743 0.150763 0.987511 -0.045743 0.150763 0.987511 -0.045743 0.150763 0.987511 -0.045743 0.145169 0.988414 -0.044305 0.145169 0.988414 -0.044305 0.145169 0.988414 -0.044305 0.145169 0.988414 -0.044305 0.145169 0.988414 -0.044305 0.145169 0.988414 -0.044305 0.139719 0.989259 -0.042959 0.139719 0.989259 -0.042959 0.139719 0.989259 -0.042959 0.139719 0.989259 -0.042959 0.139719 0.989259 -0.042959 0.139719 0.989259 -0.042959 0.134335 0.990059 -0.041684 0.134335 0.990059 -0.041684 0.134335 0.990059 -0.041684 0.134335 0.990059 -0.041684 0.134335 0.990059 -0.041684 0.134335 0.990059 -0.041684 0.128935 0.990827 -0.040459 0.128935 0.990827 -0.040459 0.128935 0.990827 -0.040459 0.128935 0.990827 -0.040459 0.128935 0.990827 -0.040459 0.128935 0.990827 -0.040459 0.123435 0.991575 -0.039267 0.123435 0.991575 -0.039267 0.123435 0.991575 -0.039267 0.123435 0.991575 -0.039267 0.123435 0.991575 -0.039267 0.123435 0.991575 -0.039267 0.117746 0.992313 -0.038091 0.117746 0.992313 -0.038091 0.117746 0.992313 -0.038091 0.117746 0.992313 -0.038091 0.117746 0.992313 -0.038091 0.117746 0.992313 -0.038091 0.111775 0.993048 -0.036916 0.111775 0.993048 -0.036916 0.111775 0.993048 -0.036916 0.111775 0.993048 -0.036916 0.111775 0.993048 -0.036916 0.111775 0.993048 -0.036916 0.105423 0.993785 -0.035729 0.105423 0.993785 -0.035729 0.105423 0.993785 -0.035729 0.105423 0.993785 -0.035729 0.105423 0.993785 -0.035729 0.105423 0.993785 -0.035729 0.098583 0.994530 -0.034519 0.098583 0.994530 -0.034519 0.098583 0.994530 -0.034519 0.098583 0.994530 -0.034519 0.098583 0.994530 -0.034519 0.098583 0.994530 -0.034519 0.091140 0.995282 -0.033276 0.091140 0.995282 -0.033276 0.091140 0.995282 -0.033276 0.091140 0.995282 -0.033276 0.091140 0.995282 -0.033276 0.091140 0.995282 -0.033276 0.082969 0.996038 -0.031993 0.082969 0.996038 -0.031993 0.082969 0.996038 -0.031993 0.082969 0.996038 -0.031993 0.082969 0.996038 -0.031993 0.082969 0.996038 -0.031993 0.073930 0.996792 -0.030661 0.073930 0.996792 -0.030661 0.073930 0.996792 -0.030661 0.073930 0.996792 -0.030661 0.073930 0.996792 -0.030661 0.073930 0.996792 -0.030661 0.063863 0.997529 -0.029277 0.063863 0.997529 -0.029277 0.063863 0.997529 -0.029277 0.063863 0.997529 -0.029277 0.063863 0.997529 -0.029277 0.063863 0.997529 -0.029277 0.052587 0.998228 -0.027836 0.052587 0.998228 -0.027836 0.052587 0.998228 -0.027836 0.052587 0.998228 -0.027836 0.052587 0.998228 -0.027836 0.052587 0.998228 -0.027836 0.039884 0.998857 -0.026336 0.039884 0.998857 -0.026336 0.039884 0.998857 -0.026336 0.039884 0.998857 -0.026336 0.039884 0.998857 -0.026336 0.039884 0.998857 -0.026336 0.025491 0.999368 -0.024775 0.025491 0.999368 -0.024775 0.025491 0.999368 -0.024775 0.025491 0.999368 -0.024775 0.025491 0.999368 -0.024775 0.025491 0.999368 -0.024775 0.009078 0.999691 -0.023152 0.009078 0.999691 -0.023152 0.009078 0.999691 -0.023152 0.009078 0.999691 -0.023152 0.009078 0.999691 -0.023152 0.009078 0.999691 -0.023152 -0.009786 0.999722 -0.021467 -0.009786 0.999722 -0.021467 -0.009786 0.999722 -0.021467 -0.009786 0.999722 -0.021467 -0.009786 0.999722 -0.021467 -0.009786 0.999722 -0.021467 -0.031687 0.999303 -0.019718 -0.031687 0.999303 -0.019718 -0.031687 0.999303 -0.019718 -0.031687 0.999303 -0.019718 -0.031687 0.999303 -0.019718 -0.031687 0.999303 -0.019718 -0.057467 0.998187 -0.017902 -0.057467 0.998187 -0.017902 -0.057467 0.998187 -0.017902 -0.057467 0.998187 -0.017902 -0.057467 0.998187 -0.017902 -0.057467 0.998187 -0.017902 -0.088416 0.995955 -0.016010 -0.088416 0.995955 -0.016010 -0.088416 0.995955 -0.016010 -0.088416 0.995955 -0.016010 -0.088416 0.995955 -0.016010 -0.088416 0.995955 -0.016010 -0.126678 0.991845 -0.014026 -0.126678 0.991845 -0.014026 -0.126678 0.991845 -0.014026 -0.126678 0.991845 -0.014026 -0.126678 0.991845 -0.014026 -0.126678 0.991845 -0.014026 -0.176229 0.984277 -0.011913 -0.176229 0.984277 -0.011913 -0.176229 0.984277 -0.011913 -0.176229 0.984277 -0.011913 -0.176229 0.984277 -0.011913 -0.176229 0.984277 -0.011913 -0.245730 0.969291 -0.009581 -0.245730 0.969291 -0.009581 -0.245730 0.969291 -0.009581 -0.245730 0.969291 -0.009581 -0.245730 0.969291 -0.009581 -0.245730 0.969291 -0.009581 -0.360046 0.932910 -0.006768 -0.360046 0.932910 -0.006768 -0.360046 0.932910 -0.006768 -0.360046 0.932910 -0.006768 -0.360046 0.932910 -0.006768 -0.360046 0.932910 -0.006768 -0.744926 0.667147 0.000000 -0.744926 0.667147 0.000000 -0.744926 0.667147 0.000000 -0.744926 0.667147 0.000000 -0.744926 0.667147 0.000000 -0.744926 0.667147 0.000000 -0.744926 -0.667147 0.000000 -0.744926 -0.667147 0.000000 -0.744926 -0.667147 0.000000 -0.744926 -0.667147 0.000000 -0.744926 -0.667147 0.000000 -0.744926 -0.667147 0.000000 -0.360046 -0.932910 -0.006768 -0.360046 -0.932910 -0.006768 -0.360046 -0.932910 -0.006768 -0.360046 -0.932910 -0.006768 -0.360046 -0.932910 -0.006768 -0.360046 -0.932910 -0.006768 -0.245730 -0.969291 -0.009581 -0.245730 -0.969291 -0.009581 -0.245730 -0.969291 -0.009581 -0.245730 -0.969291 -0.009581 -0.245730 -0.969291 -0.009581 -0.245730 -0.969291 -0.009581 -0.176229 -0.984277 -0.011913 -0.176229 -0.984277 -0.011913 -0.176229 -0.984277 -0.011913 -0.176229 -0.984277 -0.011913 -0.176229 -0.984277 -0.011913 -0.176229 -0.984277 -0.011913 -0.126678 -0.991845 -0.014026 -0.126678 -0.991845 -0.014026 -0.126678 -0.991845 -0.014026 -0.126678 -0.991845 -0.014026 -0.126678 -0.991845 -0.014026 -0.126678 -0.991845 -0.014026 -0.088416 -0.995955 -0.016010 -0.088416 -0.995955 -0.016010 -0.088416 -0.995955 -0.016010 -0.088416 -0.995955 -0.016010 -0.088416 -0.995955 -0.016010 -0.088416 -0.995955 -0.016010 -0.057467 -0.998187 -0.017902 -0.057467 -0.998187 -0.017902 -0.057467 -0.998187 -0.017902 -0.057467 -0.998187 -0.017902 -0.057467 -0.998187 -0.017902 -0.057467 -0.998187 -0.017902 -0.031687 -0.999303 -0.019718 -0.031687 -0.999303 -0.019718 -0.031687 -0.999303 -0.019718 -0.031687 -0.999303 -0.019718 -0.031687 -0.999303 -0.019718 -0.031687 -0.999303 -0.019718 -0.009786 -0.999722 -0.021467 -0.009786 -0.999722 -0.021467 -0.009786 -0.999722 -0.021467 -0.009786 -0.999722 -0.021467 -0.009786 -0.999722 -0.021467 -0.009786 -0.999722 -0.021467 0.009078 -0.999691 -0.023152 0.009078 -0.999691 -0.023152 0.009078 -0.999691 -0.023152 0.009078 -0.999691 -0.023152 0.009078 -0.999691 -0.023152 0.009078 -0.999691 -0.023152 0.025491 -0.999368 -0.024775 0.025491 -0.999368 -0.024775 0.025491 -0.999368 -0.024775 0.025491 -0.999368 -0.024775 0.025491 -0.999368 -0.024775 0.025491 -0.999368 -0.024775 0.039884 -0.998857 -0.026336 0.039884 -0.998857 -0.026336 0.039884 -0.998857 -0.026336 0.039884 -0.998857 -0.026336 0.039884 -0.998857 -0.026336 0.039884 -0.998857 -0.026336 0.052587 -0.998228 -0.027836 0.052587 -0.998228 -0.027836 0.052587 -0.998228 -0.027836 0.052587 -0.998228 -0.027836 0.052587 -0.998228 -0.027836 0.052587 -0.998228 -0.027836 0.063863 -0.997529 -0.029277 0.063863 -0.997529 -0.029277 0.063863 -0.997529 -0.029277 0.063863 -0.997529 -0.029277 0.063863 -0.997529 -0.029277 0.063863 -0.997529 -0.029277 0.073930 -0.996792 -0.030661 0.073930 -0.996792 -0.030661 0.073930 -0.996792 -0.030661 0.073930 -0.996792 -0.030661 0.073930 -0.996792 -0.030661 0.073930 -0.996792 -0.030661 0.082969 -0.996038 -0.031993 0.082969 -0.996038 -0.031993 0.082969 -0.996038 -0.031993 0.082969 -0.996038 -0.031993 0.082969 -0.996038 -0.031993 0.082969 -0.996038 -0.031993 0.091140 -0.995282 -0.033276 0.091140 -0.995282 -0.033276 0.091140 -0.995282 -0.033276 0.091140 -0.995282 -0.033276 0.091140 -0.995282 -0.033276 0.091140 -0.995282 -0.033276 0.098583 -0.994530 -0.034519 0.098583 -0.994530 -0.034519 0.098583 -0.994530 -0.034519 0.098583 -0.994530 -0.034519 0.098583 -0.994530 -0.034519 0.098583 -0.994530 -0.034519 0.105423 -0.993785 -0.035729 0.105423 -0.993785 -0.035729 0.105423 -0.993785 -0.035729 0.105423 -0.993785 -0.035729 0.105423 -0.993785 -0.035729 0.105423 -0.993785 -0.035729 0.111775 -0.993048 -0.036916 0.111775 -0.993048 -0.036916 0.111775 -0.993048 -0.036916 0.111775 -0.993048 -0.036916 0.111775 -0.993048 -0.036916 0.111775 -0.993048 -0.036916 0.117746 -0.992313 -0.038091 0.117746 -0.992313 -0.038091 0.117746 -0.992313 -0.038091 0.117746 -0.992313 -0.038091 0.117746 -0.992313 -0.038091 0.117746 -0.992313 -0.038091 0.123435 -0.991575 -0.039267 0.123435 -0.991575 -0.039267 0.123435 -0.991575 -0.039267 0.123435 -0.991575 -0.039267 0.123435 -0.991575 -0.039267 0.123435 -0.991575 -0.039267 0.128935 -0.990827 -0.040459 0.128935 -0.990827 -0.040459 0.128935 -0.990827 -0.040459 0.128935 -0.990827 -0.040459 0.128935 -0.990827 -0.040459 0.128935 -0.990827 -0.040459 0.134335 -0.990059 -0.041684 0.134335 -0.990059 -0.041684 0.134335 -0.990059 -0.041684 0.134335 -0.990059 -0.041684 0.134335 -0.990059 -0.041684 0.134335 -0.990059 -0.041684 0.139719 -0.989259 -0.042959 0.139719 -0.989259 -0.042959 0.139719 -0.989259 -0.042959 0.139719 -0.989259 -0.042959 0.139719 -0.989259 -0.042959 0.139719 -0.989259 -0.042959 0.145169 -0.988414 -0.044305 0.145169 -0.988414 -0.044305 0.145169 -0.988414 -0.044305 0.145169 -0.988414 -0.044305 0.145169 -0.988414 -0.044305 0.145169 -0.988414 -0.044305 0.150763 -0.987511 -0.045743 0.150763 -0.987511 -0.045743 0.150763 -0.987511 -0.045743 0.150763 -0.987511 -0.045743 0.150763 -0.987511 -0.045743 0.150763 -0.987511 -0.045743 0.156576 -0.986533 -0.047296 0.156576 -0.986533 -0.047296 0.156576 -0.986533 -0.047296 0.156576 -0.986533 -0.047296 0.156576 -0.986533 -0.047296 0.156576 -0.986533 -0.047296 0.162681 -0.985462 -0.048989 0.162681 -0.985462 -0.048989 0.162681 -0.985462 -0.048989 0.162681 -0.985462 -0.048989 0.162681 -0.985462 -0.048989 0.162681 -0.985462 -0.048989 -0.080619 -0.996523 0.021047 -0.080619 -0.996523 0.021047 -0.080619 -0.996523 0.021047 -0.080619 -0.996523 0.021047 -0.080619 -0.996523 0.021047 -0.080619 -0.996523 0.021047 0.456606 0.879611 -0.133398 0.456606 0.879611 -0.133398 0.456606 0.879611 -0.133398 0.456606 0.879611 -0.133398 0.456606 0.879611 -0.133398 0.456606 0.879611 -0.133398 0.162681 0.985462 -0.048989 0.162681 0.985462 -0.048989 0.162681 0.985462 -0.048989 0.162681 0.985462 -0.048989 0.162681 0.985462 -0.048989 0.162681 0.985462 -0.048989 0.156576 0.986533 -0.047296 0.156576 0.986533 -0.047296 0.156576 0.986533 -0.047296 0.156576 0.986533 -0.047296 0.156576 0.986533 -0.047296 0.156576 0.986533 -0.047296 0.150763 0.987511 -0.045743 0.150763 0.987511 -0.045743 0.150763 0.987511 -0.045743 0.150763 0.987511 -0.045743 0.150763 0.987511 -0.045743 0.150763 0.987511 -0.045743 0.145169 0.988414 -0.044305 0.145169 0.988414 -0.044305 0.145169 0.988414 -0.044305 0.145169 0.988414 -0.044305 0.145169 0.988414 -0.044305 0.145169 0.988414 -0.044305 0.139719 0.989259 -0.042959 0.139719 0.989259 -0.042959 0.139719 0.989259 -0.042959 0.139719 0.989259 -0.042959 0.139719 0.989259 -0.042959 0.139719 0.989259 -0.042959 0.134335 0.990059 -0.041684 0.134335 0.990059 -0.041684 0.134335 0.990059 -0.041684 0.134335 0.990059 -0.041684 0.134335 0.990059 -0.041684 0.134335 0.990059 -0.041684 0.128935 0.990827 -0.040459 0.128935 0.990827 -0.040459 0.128935 0.990827 -0.040459 0.128935 0.990827 -0.040459 0.128935 0.990827 -0.040459 0.128935 0.990827 -0.040459 0.123435 0.991575 -0.039267 0.123435 0.991575 -0.039267 0.123435 0.991575 -0.039267 0.123435 0.991575 -0.039267 0.123435 0.991575 -0.039267 0.123435 0.991575 -0.039267 0.117746 0.992313 -0.038091 0.117746 0.992313 -0.038091 0.117746 0.992313 -0.038091 0.117746 0.992313 -0.038091 0.117746 0.992313 -0.038091 0.117746 0.992313 -0.038091 0.111775 0.993048 -0.036916 0.111775 0.993048 -0.036916 0.111775 0.993048 -0.036916 0.111775 0.993048 -0.036916 0.111775 0.993048 -0.036916 0.111775 0.993048 -0.036916 0.105423 0.993785 -0.035729 0.105423 0.993785 -0.035729 0.105423 0.993785 -0.035729 0.105423 0.993785 -0.035729 0.105423 0.993785 -0.035729 0.105423 0.993785 -0.035729 0.098583 0.994530 -0.034519 0.098583 0.994530 -0.034519 0.098583 0.994530 -0.034519 0.098583 0.994530 -0.034519 0.098583 0.994530 -0.034519 0.098583 0.994530 -0.034519 0.091140 0.995282 -0.033276 0.091140 0.995282 -0.033276 0.091140 0.995282 -0.033276 0.091140 0.995282 -0.033276 0.091140 0.995282 -0.033276 0.091140 0.995282 -0.033276 0.082969 0.996038 -0.031993 0.082969 0.996038 -0.031993 0.082969 0.996038 -0.031993 0.082969 0.996038 -0.031993 0.082969 0.996038 -0.031993 0.082969 0.996038 -0.031993 0.073930 0.996792 -0.030661 0.073930 0.996792 -0.030661 0.073930 0.996792 -0.030661 0.073930 0.996792 -0.030661 0.073930 0.996792 -0.030661 0.073930 0.996792 -0.030661 0.063863 0.997529 -0.029277 0.063863 0.997529 -0.029277 0.063863 0.997529 -0.029277 0.063863 0.997529 -0.029277 0.063863 0.997529 -0.029277 0.063863 0.997529 -0.029277 0.052587 0.998228 -0.027836 0.052587 0.998228 -0.027836 0.052587 0.998228 -0.027836 0.052587 0.998228 -0.027836 0.052587 0.998228 -0.027836 0.052587 0.998228 -0.027836 0.039884 0.998857 -0.026336 0.039884 0.998857 -0.026336 0.039884 0.998857 -0.026336 0.039884 0.998857 -0.026336 0.039884 0.998857 -0.026336 0.039884 0.998857 -0.026336 0.025491 0.999368 -0.024775 0.025491 0.999368 -0.024775 0.025491 0.999368 -0.024775 0.025491 0.999368 -0.024775 0.025491 0.999368 -0.024775 0.025491 0.999368 -0.024775 0.009078 0.999691 -0.023152 0.009078 0.999691 -0.023152 0.009078 0.999691 -0.023152 0.009078 0.999691 -0.023152 0.009078 0.999691 -0.023152 0.009078 0.999691 -0.023152 -0.009786 0.999722 -0.021467 -0.009786 0.999722 -0.021467 -0.009786 0.999722 -0.021467 -0.009786 0.999722 -0.021467 -0.009786 0.999722 -0.021467 -0.009786 0.999722 -0.021467 -0.031687 0.999303 -0.019718 -0.031687 0.999303 -0.019718 -0.031687 0.999303 -0.019718 -0.031687 0.999303 -0.019718 -0.031687 0.999303 -0.019718 -0.031687 0.999303 -0.019718 -0.057467 0.998187 -0.017902 -0.057467 0.998187 -0.017902 -0.057467 0.998187 -0.017902 -0.057467 0.998187 -0.017902 -0.057467 0.998187 -0.017902 -0.057467 0.998187 -0.017902 -0.088416 0.995955 -0.016010 -0.088416 0.995955 -0.016010 -0.088416 0.995955 -0.016010 -0.088416 0.995955 -0.016010 -0.088416 0.995955 -0.016010 -0.088416 0.995955 -0.016010 -0.126678 0.991845 -0.014026 -0.126678 0.991845 -0.014026 -0.126678 0.991845 -0.014026 -0.126678 0.991845 -0.014026 -0.126678 0.991845 -0.014026 -0.126678 0.991845 -0.014026 -0.176229 0.984277 -0.011913 -0.176229 0.984277 -0.011913 -0.176229 0.984277 -0.011913 -0.176229 0.984277 -0.011913 -0.176229 0.984277 -0.011913 -0.176229 0.984277 -0.011913 -0.245730 0.969291 -0.009581 -0.245730 0.969291 -0.009581 -0.245730 0.969291 -0.009581 -0.245730 0.969291 -0.009581 -0.245730 0.969291 -0.009581 -0.245730 0.969291 -0.009581 -0.360046 0.932910 -0.006768 -0.360046 0.932910 -0.006768 -0.360046 0.932910 -0.006768 -0.360046 0.932910 -0.006768 -0.360046 0.932910 -0.006768 -0.360046 0.932910 -0.006768 -0.744926 0.667147 -0.000000 -0.744926 0.667147 -0.000000 -0.744926 0.667147 -0.000000 -0.744926 0.667147 0.000000 -0.744926 0.667147 0.000000 -0.744926 0.667147 0.000000 -0.744926 -0.667147 0.000000 -0.744926 -0.667147 0.000000 -0.744926 -0.667147 0.000000 -0.744926 -0.667147 0.000000 -0.744926 -0.667147 0.000000 -0.744926 -0.667147 0.000000 -0.360046 -0.932910 -0.006768 -0.360046 -0.932910 -0.006768 -0.360046 -0.932910 -0.006768 -0.360046 -0.932910 -0.006768 -0.360046 -0.932910 -0.006768 -0.360046 -0.932910 -0.006768 -0.245730 -0.969291 -0.009581 -0.245730 -0.969291 -0.009581 -0.245730 -0.969291 -0.009581 -0.245730 -0.969291 -0.009581 -0.245730 -0.969291 -0.009581 -0.245730 -0.969291 -0.009581 -0.176229 -0.984277 -0.011913 -0.176229 -0.984277 -0.011913 -0.176229 -0.984277 -0.011913 -0.176229 -0.984277 -0.011913 -0.176229 -0.984277 -0.011913 -0.176229 -0.984277 -0.011913 -0.126678 -0.991845 -0.014026 -0.126678 -0.991845 -0.014026 -0.126678 -0.991845 -0.014026 -0.126678 -0.991845 -0.014026 -0.126678 -0.991845 -0.014026 -0.126678 -0.991845 -0.014026 -0.088416 -0.995955 -0.016010 -0.088416 -0.995955 -0.016010 -0.088416 -0.995955 -0.016010 -0.088416 -0.995955 -0.016010 -0.088416 -0.995955 -0.016010 -0.088416 -0.995955 -0.016010 -0.057467 -0.998187 -0.017902 -0.057467 -0.998187 -0.017902 -0.057467 -0.998187 -0.017902 -0.057467 -0.998187 -0.017902 -0.057467 -0.998187 -0.017902 -0.057467 -0.998187 -0.017902 -0.031687 -0.999303 -0.019718 -0.031687 -0.999303 -0.019718 -0.031687 -0.999303 -0.019718 -0.031687 -0.999303 -0.019718 -0.031687 -0.999303 -0.019718 -0.031687 -0.999303 -0.019718 -0.009786 -0.999722 -0.021467 -0.009786 -0.999722 -0.021467 -0.009786 -0.999722 -0.021467 -0.009786 -0.999722 -0.021467 -0.009786 -0.999722 -0.021467 -0.009786 -0.999722 -0.021467 0.009078 -0.999691 -0.023152 0.009078 -0.999691 -0.023152 0.009078 -0.999691 -0.023152 0.009078 -0.999691 -0.023152 0.009078 -0.999691 -0.023152 0.009078 -0.999691 -0.023152 0.025491 -0.999368 -0.024775 0.025491 -0.999368 -0.024775 0.025491 -0.999368 -0.024775 0.025491 -0.999368 -0.024775 0.025491 -0.999368 -0.024775 0.025491 -0.999368 -0.024775 0.039884 -0.998857 -0.026336 0.039884 -0.998857 -0.026336 0.039884 -0.998857 -0.026336 0.039884 -0.998857 -0.026336 0.039884 -0.998857 -0.026336 0.039884 -0.998857 -0.026336 0.052587 -0.998228 -0.027836 0.052587 -0.998228 -0.027836 0.052587 -0.998228 -0.027836 0.052587 -0.998228 -0.027836 0.052587 -0.998228 -0.027836 0.052587 -0.998228 -0.027836 0.063863 -0.997529 -0.029277 0.063863 -0.997529 -0.029277 0.063863 -0.997529 -0.029277 0.063863 -0.997529 -0.029277 0.063863 -0.997529 -0.029277 0.063863 -0.997529 -0.029277 0.073930 -0.996792 -0.030661 0.073930 -0.996792 -0.030661 0.073930 -0.996792 -0.030661 0.073930 -0.996792 -0.030661 0.073930 -0.996792 -0.030661 0.073930 -0.996792 -0.030661 0.082969 -0.996038 -0.031993 0.082969 -0.996038 -0.031993 0.082969 -0.996038 -0.031993 0.082969 -0.996038 -0.031993 0.082969 -0.996038 -0.031993 0.082969 -0.996038 -0.031993 0.091140 -0.995282 -0.033276 0.091140 -0.995282 -0.033276 0.091140 -0.995282 -0.033276 0.091140 -0.995282 -0.033276 0.091140 -0.995282 -0.033276 0.091140 -0.995282 -0.033276 0.098583 -0.994530 -0.034519 0.098583 -0.994530 -0.034519 0.098583 -0.994530 -0.034519 0.098583 -0.994530 -0.034519 0.098583 -0.994530 -0.034519 0.098583 -0.994530 -0.034519 0.105423 -0.993785 -0.035729 0.105423 -0.993785 -0.035729 0.105423 -0.993785 -0.035729 0.105423 -0.993785 -0.035729 0.105423 -0.993785 -0.035729 0.105423 -0.993785 -0.035729 0.111775 -0.993048 -0.036916 0.111775 -0.993048 -0.036916 0.111775 -0.993048 -0.036916 0.111775 -0.993048 -0.036916 0.111775 -0.993048 -0.036916 0.111775 -0.993048 -0.036916 0.117746 -0.992313 -0.038091 0.117746 -0.992313 -0.038091 0.117746 -0.992313 -0.038091 0.117746 -0.992313 -0.038091 0.117746 -0.992313 -0.038091 0.117746 -0.992313 -0.038091 0.123435 -0.991575 -0.039267 0.123435 -0.991575 -0.039267 0.123435 -0.991575 -0.039267 0.123435 -0.991575 -0.039267 0.123435 -0.991575 -0.039267 0.123435 -0.991575 -0.039267 0.128935 -0.990827 -0.040459 0.128935 -0.990827 -0.040459 0.128935 -0.990827 -0.040459 0.128935 -0.990827 -0.040459 0.128935 -0.990827 -0.040459 0.128935 -0.990827 -0.040459 0.134335 -0.990059 -0.041684 0.134335 -0.990059 -0.041684 0.134335 -0.990059 -0.041684 0.134335 -0.990059 -0.041684 0.134335 -0.990059 -0.041684 0.134335 -0.990059 -0.041684 0.139719 -0.989259 -0.042959 0.139719 -0.989259 -0.042959 0.139719 -0.989259 -0.042959 0.139719 -0.989259 -0.042959 0.139719 -0.989259 -0.042959 0.139719 -0.989259 -0.042959 0.145169 -0.988414 -0.044305 0.145169 -0.988414 -0.044305 0.145169 -0.988414 -0.044305 0.145169 -0.988414 -0.044305 0.145169 -0.988414 -0.044305 0.145169 -0.988414 -0.044305 0.150763 -0.987511 -0.045743 0.150763 -0.987511 -0.045743 0.150763 -0.987511 -0.045743 0.150763 -0.987511 -0.045743 0.150763 -0.987511 -0.045743 0.150763 -0.987511 -0.045743 0.156576 -0.986533 -0.047296 0.156576 -0.986533 -0.047296 0.156576 -0.986533 -0.047296 0.156576 -0.986533 -0.047296 0.156576 -0.986533 -0.047296 0.156576 -0.986533 -0.047296 0.162681 -0.985462 -0.048989 0.162681 -0.985462 -0.048989 0.162681 -0.985462 -0.048989 0.162681 -0.985462 -0.048989 0.162681 -0.985462 -0.048989 0.162681 -0.985462 -0.048989 -0.080619 -0.996523 0.021047 -0.080619 -0.996523 0.021047 -0.080619 -0.996523 0.021047 -0.080619 -0.996523 0.021047 -0.080619 -0.996523 0.021047 -0.080619 -0.996523 0.021047 0.456606 0.879611 -0.133398 0.456606 0.879611 -0.133398 0.456606 0.879611 -0.133398 0.456606 0.879611 -0.133398 0.456606 0.879611 -0.133398 0.456606 0.879611 -0.133398 0.162681 0.985462 -0.048989 0.162681 0.985462 -0.048989 0.162681 0.985462 -0.048989 0.162681 0.985462 -0.048989 0.162681 0.985462 -0.048989 0.162681 0.985462 -0.048989 0.156576 0.986533 -0.047296 0.156576 0.986533 -0.047296 0.156576 0.986533 -0.047296 0.156576 0.986533 -0.047296 0.156576 0.986533 -0.047296 0.156576 0.986533 -0.047296 0.150763 0.987511 -0.045743 0.150763 0.987511 -0.045743 0.150763 0.987511 -0.045743 0.150763 0.987511 -0.045743 0.150763 0.987511 -0.045743 0.150763 0.987511 -0.045743 0.145169 0.988414 -0.044305 0.145169 0.988414 -0.044305 0.145169 0.988414 -0.044305 0.145169 0.988414 -0.044305 0.145169 0.988414 -0.044305 0.145169 0.988414 -0.044305 0.139719 0.989259 -0.042959 0.139719 0.989259 -0.042959 0.139719 0.989259 -0.042959 0.139719 0.989259 -0.042959 0.139719 0.989259 -0.042959 0.139719 0.989259 -0.042959 0.134335 0.990059 -0.041684 0.134335 0.990059 -0.041684 0.134335 0.990059 -0.041684 0.134335 0.990059 -0.041684 0.134335 0.990059 -0.041684 0.134335 0.990059 -0.041684 0.128935 0.990827 -0.040459 0.128935 0.990827 -0.040459 0.128935 0.990827 -0.040459 0.128935 0.990827 -0.040459 0.128935 0.990827 -0.040459 0.128935 0.990827 -0.040459 0.123435 0.991575 -0.039267 0.123435 0.991575 -0.039267 0.123435 0.991575 -0.039267 0.123435 0.991575 -0.039267 0.123435 0.991575 -0.039267 0.123435 0.991575 -0.039267 0.117746 0.992313 -0.038091 0.117746 0.992313 -0.038091 0.117746 0.992313 -0.038091 0.117746 0.992313 -0.038091 0.117746 0.992313 -0.038091 0.117746 0.992313 -0.038091 0.111775 0.993048 -0.036916 0.111775 0.993048 -0.036916 0.111775 0.993048 -0.036916 0.111775 0.993048 -0.036916 0.111775 0.993048 -0.036916 0.111775 0.993048 -0.036916 0.105423 0.993785 -0.035729 0.105423 0.993785 -0.035729 0.105423 0.993785 -0.035729 0.105423 0.993785 -0.035729 0.105423 0.993785 -0.035729 0.105423 0.993785 -0.035729 0.098583 0.994530 -0.034519 0.098583 0.994530 -0.034519 0.098583 0.994530 -0.034519 0.098583 0.994530 -0.034519 0.098583 0.994530 -0.034519 0.098583 0.994530 -0.034519 0.091140 0.995282 -0.033276 0.091140 0.995282 -0.033276 0.091140 0.995282 -0.033276 0.091140 0.995282 -0.033276 0.091140 0.995282 -0.033276 0.091140 0.995282 -0.033276 0.082969 0.996038 -0.031993 0.082969 0.996038 -0.031993 0.082969 0.996038 -0.031993 0.082969 0.996038 -0.031993 0.082969 0.996038 -0.031993 0.082969 0.996038 -0.031993 0.073930 0.996792 -0.030661 0.073930 0.996792 -0.030661 0.073930 0.996792 -0.030661 0.073930 0.996792 -0.030661 0.073930 0.996792 -0.030661 0.073930 0.996792 -0.030661 0.063863 0.997529 -0.029277 0.063863 0.997529 -0.029277 0.063863 0.997529 -0.029277 0.063863 0.997529 -0.029277 0.063863 0.997529 -0.029277 0.063863 0.997529 -0.029277 0.052587 0.998228 -0.027836 0.052587 0.998228 -0.027836 0.052587 0.998228 -0.027836 0.052587 0.998228 -0.027836 0.052587 0.998228 -0.027836 0.052587 0.998228 -0.027836 0.039884 0.998857 -0.026336 0.039884 0.998857 -0.026336 0.039884 0.998857 -0.026336 0.039884 0.998857 -0.026336 0.039884 0.998857 -0.026336 0.039884 0.998857 -0.026336 0.025491 0.999368 -0.024775 0.025491 0.999368 -0.024775 0.025491 0.999368 -0.024775 0.025491 0.999368 -0.024775 0.025491 0.999368 -0.024775 0.025491 0.999368 -0.024775 0.009078 0.999691 -0.023152 0.009078 0.999691 -0.023152 0.009078 0.999691 -0.023152 0.009078 0.999691 -0.023152 0.009078 0.999691 -0.023152 0.009078 0.999691 -0.023152 -0.009786 0.999722 -0.021467 -0.009786 0.999722 -0.021467 -0.009786 0.999722 -0.021467 -0.009786 0.999722 -0.021467 -0.009786 0.999722 -0.021467 -0.009786 0.999722 -0.021467 -0.031687 0.999303 -0.019718 -0.031687 0.999303 -0.019718 -0.031687 0.999303 -0.019718 -0.031687 0.999303 -0.019718 -0.031687 0.999303 -0.019718 -0.031687 0.999303 -0.019718 -0.057467 0.998187 -0.017902 -0.057467 0.998187 -0.017902 -0.057467 0.998187 -0.017902 -0.057467 0.998187 -0.017902 -0.057467 0.998187 -0.017902 -0.057467 0.998187 -0.017902 -0.088416 0.995955 -0.016010 -0.088416 0.995955 -0.016010 -0.088416 0.995955 -0.016010 -0.088416 0.995955 -0.016010 -0.088416 0.995955 -0.016010 -0.088416 0.995955 -0.016010 -0.126678 0.991845 -0.014026 -0.126678 0.991845 -0.014026 -0.126678 0.991845 -0.014026 -0.126678 0.991845 -0.014026 -0.126678 0.991845 -0.014026 -0.126678 0.991845 -0.014026 -0.176229 0.984277 -0.011913 -0.176229 0.984277 -0.011913 -0.176229 0.984277 -0.011913 -0.176229 0.984277 -0.011913 -0.176229 0.984277 -0.011913 -0.176229 0.984277 -0.011913 -0.245730 0.969291 -0.009581 -0.245730 0.969291 -0.009581 -0.245730 0.969291 -0.009581 -0.245730 0.969291 -0.009581 -0.245730 0.969291 -0.009581 -0.245730 0.969291 -0.009581 -0.360046 0.932910 -0.006768 -0.360046 0.932910 -0.006768 -0.360046 0.932910 -0.006768 -0.360046 0.932910 -0.006768 -0.360046 0.932910 -0.006768 -0.360046 0.932910 -0.006768 -0.744926 0.667147 0.000000 -0.744926 0.667147 0.000000 -0.744926 0.667147 0.000000 -0.744926 0.667147 0.000000 -0.744926 0.667147 0.000000 -0.744926 0.667147 0.000000 -0.744926 -0.667147 0.000000 -0.744926 -0.667147 0.000000 -0.744926 -0.667147 0.000000 -0.744926 -0.667147 -0.000000 -0.744926 -0.667147 -0.000000 -0.744926 -0.667147 -0.000000 -0.360046 -0.932910 -0.006768 -0.360046 -0.932910 -0.006768 -0.360046 -0.932910 -0.006768 -0.360046 -0.932910 -0.006768 -0.360046 -0.932910 -0.006768 -0.360046 -0.932910 -0.006768 -0.245730 -0.969291 -0.009581 -0.245730 -0.969291 -0.009581 -0.245730 -0.969291 -0.009581 -0.245730 -0.969291 -0.009581 -0.245730 -0.969291 -0.009581 -0.245730 -0.969291 -0.009581 -0.176229 -0.984277 -0.011913 -0.176229 -0.984277 -0.011913 -0.176229 -0.984277 -0.011913 -0.176229 -0.984277 -0.011913 -0.176229 -0.984277 -0.011913 -0.176229 -0.984277 -0.011913 -0.126678 -0.991845 -0.014026 -0.126678 -0.991845 -0.014026 -0.126678 -0.991845 -0.014026 -0.126678 -0.991845 -0.014026 -0.126678 -0.991845 -0.014026 -0.126678 -0.991845 -0.014026 -0.088416 -0.995955 -0.016010 -0.088416 -0.995955 -0.016010 -0.088416 -0.995955 -0.016010 -0.088416 -0.995955 -0.016010 -0.088416 -0.995955 -0.016010 -0.088416 -0.995955 -0.016010 -0.057467 -0.998187 -0.017902 -0.057467 -0.998187 -0.017902 -0.057467 -0.998187 -0.017902 -0.057467 -0.998187 -0.017902 -0.057467 -0.998187 -0.017902 -0.057467 -0.998187 -0.017902 -0.031687 -0.999303 -0.019718 -0.031687 -0.999303 -0.019718 -0.031687 -0.999303 -0.019718 -0.031687 -0.999303 -0.019718 -0.031687 -0.999303 -0.019718 -0.031687 -0.999303 -0.019718 -0.009786 -0.999722 -0.021467 -0.009786 -0.999722 -0.021467 -0.009786 -0.999722 -0.021467 -0.009786 -0.999722 -0.021467 -0.009786 -0.999722 -0.021467 -0.009786 -0.999722 -0.021467 0.009078 -0.999691 -0.023152 0.009078 -0.999691 -0.023152 0.009078 -0.999691 -0.023152 0.009078 -0.999691 -0.023152 0.009078 -0.999691 -0.023152 0.009078 -0.999691 -0.023152 0.025491 -0.999368 -0.024775 0.025491 -0.999368 -0.024775 0.025491 -0.999368 -0.024775 0.025491 -0.999368 -0.024775 0.025491 -0.999368 -0.024775 0.025491 -0.999368 -0.024775 0.039884 -0.998857 -0.026336 0.039884 -0.998857 -0.026336 0.039884 -0.998857 -0.026336 0.039884 -0.998857 -0.026336 0.039884 -0.998857 -0.026336 0.039884 -0.998857 -0.026336 0.052587 -0.998228 -0.027836 0.052587 -0.998228 -0.027836 0.052587 -0.998228 -0.027836 0.052587 -0.998228 -0.027836 0.052587 -0.998228 -0.027836 0.052587 -0.998228 -0.027836 0.063863 -0.997529 -0.029277 0.063863 -0.997529 -0.029277 0.063863 -0.997529 -0.029277 0.063863 -0.997529 -0.029277 0.063863 -0.997529 -0.029277 0.063863 -0.997529 -0.029277 0.073930 -0.996792 -0.030661 0.073930 -0.996792 -0.030661 0.073930 -0.996792 -0.030661 0.073930 -0.996792 -0.030661 0.073930 -0.996792 -0.030661 0.073930 -0.996792 -0.030661 0.082969 -0.996038 -0.031993 0.082969 -0.996038 -0.031993 0.082969 -0.996038 -0.031993 0.082969 -0.996038 -0.031993 0.082969 -0.996038 -0.031993 0.082969 -0.996038 -0.031993 0.091140 -0.995282 -0.033276 0.091140 -0.995282 -0.033276 0.091140 -0.995282 -0.033276 0.091140 -0.995282 -0.033276 0.091140 -0.995282 -0.033276 0.091140 -0.995282 -0.033276 0.098583 -0.994530 -0.034519 0.098583 -0.994530 -0.034519 0.098583 -0.994530 -0.034519 0.098583 -0.994530 -0.034519 0.098583 -0.994530 -0.034519 0.098583 -0.994530 -0.034519 0.105423 -0.993785 -0.035729 0.105423 -0.993785 -0.035729 0.105423 -0.993785 -0.035729 0.105423 -0.993785 -0.035729 0.105423 -0.993785 -0.035729 0.105423 -0.993785 -0.035729 0.111775 -0.993048 -0.036916 0.111775 -0.993048 -0.036916 0.111775 -0.993048 -0.036916 0.111775 -0.993048 -0.036916 0.111775 -0.993048 -0.036916 0.111775 -0.993048 -0.036916 0.117746 -0.992313 -0.038091 0.117746 -0.992313 -0.038091 0.117746 -0.992313 -0.038091 0.117746 -0.992313 -0.038091 0.117746 -0.992313 -0.038091 0.117746 -0.992313 -0.038091 0.123435 -0.991575 -0.039267 0.123435 -0.991575 -0.039267 0.123435 -0.991575 -0.039267 0.123435 -0.991575 -0.039267 0.123435 -0.991575 -0.039267 0.123435 -0.991575 -0.039267 0.128935 -0.990827 -0.040459 0.128935 -0.990827 -0.040459 0.128935 -0.990827 -0.040459 0.128935 -0.990827 -0.040459 0.128935 -0.990827 -0.040459 0.128935 -0.990827 -0.040459 0.134335 -0.990059 -0.041684 0.134335 -0.990059 -0.041684 0.134335 -0.990059 -0.041684 0.134335 -0.990059 -0.041684 0.134335 -0.990059 -0.041684 0.134335 -0.990059 -0.041684 0.139719 -0.989259 -0.042959 0.139719 -0.989259 -0.042959 0.139719 -0.989259 -0.042959 0.139719 -0.989259 -0.042959 0.139719 -0.989259 -0.042959 0.139719 -0.989259 -0.042959 0.145169 -0.988414 -0.044305 0.145169 -0.988414 -0.044305 0.145169 -0.988414 -0.044305 0.145169 -0.988414 -0.044305 0.145169 -0.988414 -0.044305 0.145169 -0.988414 -0.044305 0.150763 -0.987511 -0.045743 0.150763 -0.987511 -0.045743 0.150763 -0.987511 -0.045743 0.150763 -0.987511 -0.045743 0.150763 -0.987511 -0.045743 0.150763 -0.987511 -0.045743 0.156576 -0.986533 -0.047296 0.156576 -0.986533 -0.047296 0.156576 -0.986533 -0.047296 0.156576 -0.986533 -0.047296 0.156576 -0.986533 -0.047296 0.156576 -0.986533 -0.047296 0.162681 -0.985462 -0.048989 0.162681 -0.985462 -0.048989 0.162681 -0.985462 -0.048989 0.162681 -0.985462 -0.048989 0.162681 -0.985462 -0.048989 0.162681 -0.985462 -0.048989 -0.080619 -0.996523 0.021047 -0.080619 -0.996523 0.021047 -0.080619 -0.996523 0.021047 -0.080619 -0.996523 0.021047 -0.080619 -0.996523 0.021047 -0.080619 -0.996523 0.021047 0.456606 0.879611 -0.133398 0.456606 0.879611 -0.133398 0.456606 0.879611 -0.133398 0.456606 0.879611 -0.133398 0.456606 0.879611 -0.133398 0.456606 0.879611 -0.133398 0.162681 0.985462 -0.048989 0.162681 0.985462 -0.048989 0.162681 0.985462 -0.048989 0.162681 0.985462 -0.048989 0.162681 0.985462 -0.048989 0.162681 0.985462 -0.048989 0.156576 0.986533 -0.047296 0.156576 0.986533 -0.047296 0.156576 0.986533 -0.047296 0.156576 0.986533 -0.047296 0.156576 0.986533 -0.047296 0.156576 0.986533 -0.047296 0.150763 0.987511 -0.045743 0.150763 0.987511 -0.045743 0.150763 0.987511 -0.045743 0.150763 0.987511 -0.045743 0.150763 0.987511 -0.045743 0.150763 0.987511 -0.045743 0.145169 0.988414 -0.044305 0.145169 0.988414 -0.044305 0.145169 0.988414 -0.044305 0.145169 0.988414 -0.044305 0.145169 0.988414 -0.044305 0.145169 0.988414 -0.044305 0.139719 0.989259 -0.042959 0.139719 0.989259 -0.042959 0.139719 0.989259 -0.042959 0.139719 0.989259 -0.042959 0.139719 0.989259 -0.042959 0.139719 0.989259 -0.042959 0.134335 0.990059 -0.041684 0.134335 0.990059 -0.041684 0.134335 0.990059 -0.041684 0.134335 0.990059 -0.041684 0.134335 0.990059 -0.041684 0.134335 0.990059 -0.041684 0.128935 0.990827 -0.040459 0.128935 0.990827 -0.040459 0.128935 0.990827 -0.040459 0.128935 0.990827 -0.040459 0.128935 0.990827 -0.040459 0.128935 0.990827 -0.040459 0.123435 0.991575 -0.039267 0.123435 0.991575 -0.039267 0.123435 0.991575 -0.039267 0.123435 0.991575 -0.039267 0.123435 0.991575 -0.039267 0.123435 0.991575 -0.039267 0.117746 0.992313 -0.038091 0.117746 0.992313 -0.038091 0.117746 0.992313 -0.038091 0.117746 0.992313 -0.038091 0.117746 0.992313 -0.038091 0.117746 0.992313 -0.038091 0.111775 0.993048 -0.036916 0.111775 0.993048 -0.036916 0.111775 0.993048 -0.036916 0.111775 0.993048 -0.036916 0.111775 0.993048 -0.036916 0.111775 0.993048 -0.036916 0.105423 0.993785 -0.035729 0.105423 0.993785 -0.035729 0.105423 0.993785 -0.035729 0.105423 0.993785 -0.035729 0.105423 0.993785 -0.035729 0.105423 0.993785 -0.035729 0.098583 0.994530 -0.034519 0.098583 0.994530 -0.034519 0.098583 0.994530 -0.034519 0.098583 0.994530 -0.034519 0.098583 0.994530 -0.034519 0.098583 0.994530 -0.034519 0.091140 0.995282 -0.033276 0.091140 0.995282 -0.033276 0.091140 0.995282 -0.033276 0.091140 0.995282 -0.033276 0.091140 0.995282 -0.033276 0.091140 0.995282 -0.033276 0.082969 0.996038 -0.031993 0.082969 0.996038 -0.031993 0.082969 0.996038 -0.031993 0.082969 0.996038 -0.031993 0.082969 0.996038 -0.031993 0.082969 0.996038 -0.031993 0.073930 0.996792 -0.030661 0.073930 0.996792 -0.030661 0.073930 0.996792 -0.030661 0.073930 0.996792 -0.030661 0.073930 0.996792 -0.030661 0.073930 0.996792 -0.030661 0.063863 0.997529 -0.029277 0.063863 0.997529 -0.029277 0.063863 0.997529 -0.029277 0.063863 0.997529 -0.029277 0.063863 0.997529 -0.029277 0.063863 0.997529 -0.029277 0.052587 0.998228 -0.027836 0.052587 0.998228 -0.027836 0.052587 0.998228 -0.027836 0.052587 0.998228 -0.027836 0.052587 0.998228 -0.027836 0.052587 0.998228 -0.027836 0.039884 0.998857 -0.026336 0.039884 0.998857 -0.026336 0.039884 0.998857 -0.026336 0.039884 0.998857 -0.026336 0.039884 0.998857 -0.026336 0.039884 0.998857 -0.026336 0.025491 0.999368 -0.024775 0.025491 0.999368 -0.024775 0.025491 0.999368 -0.024775 0.025491 0.999368 -0.024775 0.025491 0.999368 -0.024775 0.025491 0.999368 -0.024775 0.009078 0.999691 -0.023152 0.009078 0.999691 -0.023152 0.009078 0.999691 -0.023152 0.009078 0.999691 -0.023152 0.009078 0.999691 -0.023152 0.009078 0.999691 -0.023152 -0.009786 0.999722 -0.021467 -0.009786 0.999722 -0.021467 -0.009786 0.999722 -0.021467 -0.009786 0.999722 -0.021467 -0.009786 0.999722 -0.021467 -0.009786 0.999722 -0.021467 -0.031687 0.999303 -0.019718 -0.031687 0.999303 -0.019718 -0.031687 0.999303 -0.019718 -0.031687 0.999303 -0.019718 -0.031687 0.999303 -0.019718 -0.031687 0.999303 -0.019718 -0.057467 0.998187 -0.017902 -0.057467 0.998187 -0.017902 -0.057467 0.998187 -0.017902 -0.057467 0.998187 -0.017902 -0.057467 0.998187 -0.017902 -0.057467 0.998187 -0.017902 -0.088416 0.995955 -0.016010 -0.088416 0.995955 -0.016010 -0.088416 0.995955 -0.016010 -0.088416 0.995955 -0.016010 -0.088416 0.995955 -0.016010 -0.088416 0.995955 -0.016010 -0.126678 0.991845 -0.014026 -0.126678 0.991845 -0.014026 -0.126678 0.991845 -0.014026 -0.126678 0.991845 -0.014026 -0.126678 0.991845 -0.014026 -0.126678 0.991845 -0.014026 -0.176229 0.984277 -0.011913 -0.176229 0.984277 -0.011913 -0.176229 0.984277 -0.011913 -0.176229 0.984277 -0.011913 -0.176229 0.984277 -0.011913 -0.176229 0.984277 -0.011913 -0.245730 0.969291 -0.009581 -0.245730 0.969291 -0.009581 -0.245730 0.969291 -0.009581 -0.245730 0.969291 -0.009581 -0.245730 0.969291 -0.009581 -0.245730 0.969291 -0.009581 -0.360046 0.932910 -0.006768 -0.360046 0.932910 -0.006768 -0.360046 0.932910 -0.006768 -0.360046 0.932910 -0.006768 -0.360046 0.932910 -0.006768 -0.360046 0.932910 -0.006768 -0.744926 0.667147 -0.000000 -0.744926 0.667147 -0.000000 -0.744926 0.667147 -0.000000 -0.744926 0.667147 0.000000 -0.744926 0.667147 0.000000 -0.744926 0.667147 0.000000 -0.744926 -0.667147 0.000000 -0.744926 -0.667147 0.000000 -0.744926 -0.667147 0.000000 -0.744926 -0.667147 0.000000 -0.744926 -0.667147 0.000000 -0.744926 -0.667147 0.000000 -0.360046 -0.932910 -0.006768 -0.360046 -0.932910 -0.006768 -0.360046 -0.932910 -0.006768 -0.360046 -0.932910 -0.006768 -0.360046 -0.932910 -0.006768 -0.360046 -0.932910 -0.006768 -0.245730 -0.969291 -0.009581 -0.245730 -0.969291 -0.009581 -0.245730 -0.969291 -0.009581 -0.245730 -0.969291 -0.009581 -0.245730 -0.969291 -0.009581 -0.245730 -0.969291 -0.009581 -0.176229 -0.984277 -0.011913 -0.176229 -0.984277 -0.011913 -0.176229 -0.984277 -0.011913 -0.176229 -0.984277 -0.011913 -0.176229 -0.984277 -0.011913 -0.176229 -0.984277 -0.011913 -0.126678 -0.991845 -0.014026 -0.126678 -0.991845 -0.014026 -0.126678 -0.991845 -0.014026 -0.126678 -0.991845 -0.014026 -0.126678 -0.991845 -0.014026 -0.126678 -0.991845 -0.014026 -0.088416 -0.995955 -0.016010 -0.088416 -0.995955 -0.016010 -0.088416 -0.995955 -0.016010 -0.088416 -0.995955 -0.016010 -0.088416 -0.995955 -0.016010 -0.088416 -0.995955 -0.016010 -0.057467 -0.998187 -0.017902 -0.057467 -0.998187 -0.017902 -0.057467 -0.998187 -0.017902 -0.057467 -0.998187 -0.017902 -0.057467 -0.998187 -0.017902 -0.057467 -0.998187 -0.017902 -0.031687 -0.999303 -0.019718 -0.031687 -0.999303 -0.019718 -0.031687 -0.999303 -0.019718 -0.031687 -0.999303 -0.019718 -0.031687 -0.999303 -0.019718 -0.031687 -0.999303 -0.019718 -0.009786 -0.999722 -0.021467 -0.009786 -0.999722 -0.021467 -0.009786 -0.999722 -0.021467 -0.009786 -0.999722 -0.021467 -0.009786 -0.999722 -0.021467 -0.009786 -0.999722 -0.021467 0.009078 -0.999691 -0.023152 0.009078 -0.999691 -0.023152 0.009078 -0.999691 -0.023152 0.009078 -0.999691 -0.023152 0.009078 -0.999691 -0.023152 0.009078 -0.999691 -0.023152 0.025491 -0.999368 -0.024775 0.025491 -0.999368 -0.024775 0.025491 -0.999368 -0.024775 0.025491 -0.999368 -0.024775 0.025491 -0.999368 -0.024775 0.025491 -0.999368 -0.024775 0.039884 -0.998857 -0.026336 0.039884 -0.998857 -0.026336 0.039884 -0.998857 -0.026336 0.039884 -0.998857 -0.026336 0.039884 -0.998857 -0.026336 0.039884 -0.998857 -0.026336 0.052587 -0.998228 -0.027836 0.052587 -0.998228 -0.027836 0.052587 -0.998228 -0.027836 0.052587 -0.998228 -0.027836 0.052587 -0.998228 -0.027836 0.052587 -0.998228 -0.027836 0.063863 -0.997529 -0.029277 0.063863 -0.997529 -0.029277 0.063863 -0.997529 -0.029277 0.063863 -0.997529 -0.029277 0.063863 -0.997529 -0.029277 0.063863 -0.997529 -0.029277 0.073930 -0.996792 -0.030661 0.073930 -0.996792 -0.030661 0.073930 -0.996792 -0.030661 0.073930 -0.996792 -0.030661 0.073930 -0.996792 -0.030661 0.073930 -0.996792 -0.030661 0.082969 -0.996038 -0.031993 0.082969 -0.996038 -0.031993 0.082969 -0.996038 -0.031993 0.082969 -0.996038 -0.031993 0.082969 -0.996038 -0.031993 0.082969 -0.996038 -0.031993 0.091140 -0.995282 -0.033276 0.091140 -0.995282 -0.033276 0.091140 -0.995282 -0.033276 0.091140 -0.995282 -0.033276 0.091140 -0.995282 -0.033276 0.091140 -0.995282 -0.033276 0.098583 -0.994530 -0.034519 0.098583 -0.994530 -0.034519 0.098583 -0.994530 -0.034519 0.098583 -0.994530 -0.034519 0.098583 -0.994530 -0.034519 0.098583 -0.994530 -0.034519 0.105423 -0.993785 -0.035729 0.105423 -0.993785 -0.035729 0.105423 -0.993785 -0.035729 0.105423 -0.993785 -0.035729 0.105423 -0.993785 -0.035729 0.105423 -0.993785 -0.035729 0.111775 -0.993048 -0.036916 0.111775 -0.993048 -0.036916 0.111775 -0.993048 -0.036916 0.111775 -0.993048 -0.036916 0.111775 -0.993048 -0.036916 0.111775 -0.993048 -0.036916 0.117746 -0.992313 -0.038091 0.117746 -0.992313 -0.038091 0.117746 -0.992313 -0.038091 0.117746 -0.992313 -0.038091 0.117746 -0.992313 -0.038091 0.117746 -0.992313 -0.038091 0.123435 -0.991575 -0.039267 0.123435 -0.991575 -0.039267 0.123435 -0.991575 -0.039267 0.123435 -0.991575 -0.039267 0.123435 -0.991575 -0.039267 0.123435 -0.991575 -0.039267 0.128935 -0.990827 -0.040459 0.128935 -0.990827 -0.040459 0.128935 -0.990827 -0.040459 0.128935 -0.990827 -0.040459 0.128935 -0.990827 -0.040459 0.128935 -0.990827 -0.040459 0.134335 -0.990059 -0.041684 0.134335 -0.990059 -0.041684 0.134335 -0.990059 -0.041684 0.134335 -0.990059 -0.041684 0.134335 -0.990059 -0.041684 0.134335 -0.990059 -0.041684 0.139719 -0.989259 -0.042959 0.139719 -0.989259 -0.042959 0.139719 -0.989259 -0.042959 0.139719 -0.989259 -0.042959 0.139719 -0.989259 -0.042959 0.139719 -0.989259 -0.042959 0.145169 -0.988414 -0.044305 0.145169 -0.988414 -0.044305 0.145169 -0.988414 -0.044305 0.145169 -0.988414 -0.044305 0.145169 -0.988414 -0.044305 0.145169 -0.988414 -0.044305 0.150763 -0.987511 -0.045743 0.150763 -0.987511 -0.045743 0.150763 -0.987511 -0.045743 0.150763 -0.987511 -0.045743 0.150763 -0.987511 -0.045743 0.150763 -0.987511 -0.045743 0.156576 -0.986533 -0.047296 0.156576 -0.986533 -0.047296 0.156576 -0.986533 -0.047296 0.156576 -0.986533 -0.047296 0.156576 -0.986533 -0.047296 0.156576 -0.986533 -0.047296 0.162681 -0.985462 -0.048989 0.162681 -0.985462 -0.048989 0.162681 -0.985462 -0.048989 0.162681 -0.985462 -0.048989 0.162681 -0.985462 -0.048989 0.162681 -0.985462 -0.048989 -0.080619 -0.996523 0.021047 -0.080619 -0.996523 0.021047 -0.080619 -0.996523 0.021047 -0.080619 -0.996523 0.021047 -0.080619 -0.996523 0.021047 -0.080619 -0.996523 0.021047 0.456606 0.879611 -0.133398 0.456606 0.879611 -0.133398 0.456606 0.879611 -0.133398 0.456606 0.879611 -0.133398 0.456606 0.879611 -0.133398 0.456606 0.879611 -0.133398 0.162681 0.985462 -0.048989 0.162681 0.985462 -0.048989 0.162681 0.985462 -0.048989 0.162681 0.985462 -0.048989 0.162681 0.985462 -0.048989 0.162681 0.985462 -0.048989 0.156576 0.986533 -0.047296 0.156576 0.986533 -0.047296 0.156576 0.986533 -0.047296 0.156576 0.986533 -0.047296 0.156576 0.986533 -0.047296 0.156576 0.986533 -0.047296 0.150763 0.987511 -0.045743 0.150763 0.987511 -0.045743 0.150763 0.987511 -0.045743 0.150763 0.987511 -0.045743 0.150763 0.987511 -0.045743 0.150763 0.987511 -0.045743 0.145169 0.988414 -0.044305 0.145169 0.988414 -0.044305 0.145169 0.988414 -0.044305 0.145169 0.988414 -0.044305 0.145169 0.988414 -0.044305 0.145169 0.988414 -0.044305 0.139719 0.989259 -0.042959 0.139719 0.989259 -0.042959 0.139719 0.989259 -0.042959 0.139719 0.989259 -0.042959 0.139719 0.989259 -0.042959 0.139719 0.989259 -0.042959 0.134335 0.990059 -0.041684 0.134335 0.990059 -0.041684 0.134335 0.990059 -0.041684 0.134335 0.990059 -0.041684 0.134335 0.990059 -0.041684 0.134335 0.990059 -0.041684 0.128935 0.990827 -0.040459 0.128935 0.990827 -0.040459 0.128935 0.990827 -0.040459 0.128935 0.990827 -0.040459 0.128935 0.990827 -0.040459 0.128935 0.990827 -0.040459 0.123435 0.991575 -0.039267 0.123435 0.991575 -0.039267 0.123435 0.991575 -0.039267 0.123435 0.991575 -0.039267 0.123435 0.991575 -0.039267 0.123435 0.991575 -0.039267 0.117746 0.992313 -0.038091 0.117746 0.992313 -0.038091 0.117746 0.992313 -0.038091 0.117746 0.992313 -0.038091 0.117746 0.992313 -0.038091 0.117746 0.992313 -0.038091 0.111775 0.993048 -0.036916 0.111775 0.993048 -0.036916 0.111775 0.993048 -0.036916 0.111775 0.993048 -0.036916 0.111775 0.993048 -0.036916 0.111775 0.993048 -0.036916 0.105423 0.993785 -0.035729 0.105423 0.993785 -0.035729 0.105423 0.993785 -0.035729 0.105423 0.993785 -0.035729 0.105423 0.993785 -0.035729 0.105423 0.993785 -0.035729 0.098583 0.994530 -0.034519 0.098583 0.994530 -0.034519 0.098583 0.994530 -0.034519 0.098583 0.994530 -0.034519 0.098583 0.994530 -0.034519 0.098583 0.994530 -0.034519 0.091140 0.995282 -0.033276 0.091140 0.995282 -0.033276 0.091140 0.995282 -0.033276 0.091140 0.995282 -0.033276 0.091140 0.995282 -0.033276 0.091140 0.995282 -0.033276 0.082969 0.996038 -0.031993 0.082969 0.996038 -0.031993 0.082969 0.996038 -0.031993 0.082969 0.996038 -0.031993 0.082969 0.996038 -0.031993 0.082969 0.996038 -0.031993 0.073930 0.996792 -0.030661 0.073930 0.996792 -0.030661 0.073930 0.996792 -0.030661 0.073930 0.996792 -0.030661 0.073930 0.996792 -0.030661 0.073930 0.996792 -0.030661 0.063863 0.997529 -0.029277 0.063863 0.997529 -0.029277 0.063863 0.997529 -0.029277 0.063863 0.997529 -0.029277 0.063863 0.997529 -0.029277 0.063863 0.997529 -0.029277 0.052587 0.998228 -0.027836 0.052587 0.998228 -0.027836 0.052587 0.998228 -0.027836 0.052587 0.998228 -0.027836 0.052587 0.998228 -0.027836 0.052587 0.998228 -0.027836 0.039884 0.998857 -0.026336 0.039884 0.998857 -0.026336 0.039884 0.998857 -0.026336 0.039884 0.998857 -0.026336 0.039884 0.998857 -0.026336 0.039884 0.998857 -0.026336 0.025491 0.999368 -0.024775 0.025491 0.999368 -0.024775 0.025491 0.999368 -0.024775 0.025491 0.999368 -0.024775 0.025491 0.999368 -0.024775 0.025491 0.999368 -0.024775 0.009078 0.999691 -0.023152 0.009078 0.999691 -0.023152 0.009078 0.999691 -0.023152 0.009078 0.999691 -0.023152 0.009078 0.999691 -0.023152 0.009078 0.999691 -0.023152 -0.009786 0.999722 -0.021467 -0.009786 0.999722 -0.021467 -0.009786 0.999722 -0.021467 -0.009786 0.999722 -0.021467 -0.009786 0.999722 -0.021467 -0.009786 0.999722 -0.021467 -0.031687 0.999303 -0.019718 -0.031687 0.999303 -0.019718 -0.031687 0.999303 -0.019718 -0.031687 0.999303 -0.019718 -0.031687 0.999303 -0.019718 -0.031687 0.999303 -0.019718 -0.057467 0.998187 -0.017902 -0.057467 0.998187 -0.017902 -0.057467 0.998187 -0.017902 -0.057467 0.998187 -0.017902 -0.057467 0.998187 -0.017902 -0.057467 0.998187 -0.017902 -0.088416 0.995955 -0.016010 -0.088416 0.995955 -0.016010 -0.088416 0.995955 -0.016010 -0.088416 0.995955 -0.016010 -0.088416 0.995955 -0.016010 -0.088416 0.995955 -0.016010 -0.126678 0.991845 -0.014026 -0.126678 0.991845 -0.014026 -0.126678 0.991845 -0.014026 -0.126678 0.991845 -0.014026 -0.126678 0.991845 -0.014026 -0.126678 0.991845 -0.014026 -0.176229 0.984277 -0.011913 -0.176229 0.984277 -0.011913 -0.176229 0.984277 -0.011913 -0.176229 0.984277 -0.011913 -0.176229 0.984277 -0.011913 -0.176229 0.984277 -0.011913 -0.245730 0.969291 -0.009581 -0.245730 0.969291 -0.009581 -0.245730 0.969291 -0.009581 -0.245730 0.969291 -0.009581 -0.245730 0.969291 -0.009581 -0.245730 0.969291 -0.009581 -0.360046 0.932910 -0.006768 -0.360046 0.932910 -0.006768 -0.360046 0.932910 -0.006768 -0.360046 0.932910 -0.006768 -0.360046 0.932910 -0.006768 -0.360046 0.932910 -0.006768 -0.744926 0.667147 0.000000 -0.744926 0.667147 0.000000 -0.744926 0.667147 0.000000 -0.744926 0.667147 0.000000 -0.744926 0.667147 0.000000 -0.744926 0.667147 0.000000 -0.744926 -0.667147 0.000000 -0.744926 -0.667147 0.000000 -0.744926 -0.667147 0.000000 -0.744926 -0.667147 0.000000 -0.744926 -0.667147 0.000000 -0.744926 -0.667147 0.000000 -0.360046 -0.932910 -0.006768 -0.360046 -0.932910 -0.006768 -0.360046 -0.932910 -0.006768 -0.360046 -0.932910 -0.006768 -0.360046 -0.932910 -0.006768 -0.360046 -0.932910 -0.006768 -0.245730 -0.969291 -0.009581 -0.245730 -0.969291 -0.009581 -0.245730 -0.969291 -0.009581 -0.245730 -0.969291 -0.009581 -0.245730 -0.969291 -0.009581 -0.245730 -0.969291 -0.009581 -0.176229 -0.984277 -0.011913 -0.176229 -0.984277 -0.011913 -0.176229 -0.984277 -0.011913 -0.176229 -0.984277 -0.011913 -0.176229 -0.984277 -0.011913 -0.176229 -0.984277 -0.011913 -0.126678 -0.991845 -0.014026 -0.126678 -0.991845 -0.014026 -0.126678 -0.991845 -0.014026 -0.126678 -0.991845 -0.014026 -0.126678 -0.991845 -0.014026 -0.126678 -0.991845 -0.014026 -0.088416 -0.995955 -0.016010 -0.088416 -0.995955 -0.016010 -0.088416 -0.995955 -0.016010 -0.088416 -0.995955 -0.016010 -0.088416 -0.995955 -0.016010 -0.088416 -0.995955 -0.016010 -0.057467 -0.998187 -0.017902 -0.057467 -0.998187 -0.017902 -0.057467 -0.998187 -0.017902 -0.057467 -0.998187 -0.017902 -0.057467 -0.998187 -0.017902 -0.057467 -0.998187 -0.017902 -0.031687 -0.999303 -0.019718 -0.031687 -0.999303 -0.019718 -0.031687 -0.999303 -0.019718 -0.031687 -0.999303 -0.019718 -0.031687 -0.999303 -0.019718 -0.031687 -0.999303 -0.019718 -0.009786 -0.999722 -0.021467 -0.009786 -0.999722 -0.021467 -0.009786 -0.999722 -0.021467 -0.009786 -0.999722 -0.021467 -0.009786 -0.999722 -0.021467 -0.009786 -0.999722 -0.021467 0.009078 -0.999691 -0.023152 0.009078 -0.999691 -0.023152 0.009078 -0.999691 -0.023152 0.009078 -0.999691 -0.023152 0.009078 -0.999691 -0.023152 0.009078 -0.999691 -0.023152 0.025491 -0.999368 -0.024775 0.025491 -0.999368 -0.024775 0.025491 -0.999368 -0.024775 0.025491 -0.999368 -0.024775 0.025491 -0.999368 -0.024775 0.025491 -0.999368 -0.024775 0.039884 -0.998857 -0.026336 0.039884 -0.998857 -0.026336 0.039884 -0.998857 -0.026336 0.039884 -0.998857 -0.026336 0.039884 -0.998857 -0.026336 0.039884 -0.998857 -0.026336 0.052587 -0.998228 -0.027836 0.052587 -0.998228 -0.027836 0.052587 -0.998228 -0.027836 0.052587 -0.998228 -0.027836 0.052587 -0.998228 -0.027836 0.052587 -0.998228 -0.027836 0.063863 -0.997529 -0.029277 0.063863 -0.997529 -0.029277 0.063863 -0.997529 -0.029277 0.063863 -0.997529 -0.029277 0.063863 -0.997529 -0.029277 0.063863 -0.997529 -0.029277 0.073930 -0.996792 -0.030661 0.073930 -0.996792 -0.030661 0.073930 -0.996792 -0.030661 0.073930 -0.996792 -0.030661 0.073930 -0.996792 -0.030661 0.073930 -0.996792 -0.030661 0.082969 -0.996038 -0.031993 0.082969 -0.996038 -0.031993 0.082969 -0.996038 -0.031993 0.082969 -0.996038 -0.031993 0.082969 -0.996038 -0.031993 0.082969 -0.996038 -0.031993 0.091140 -0.995282 -0.033276 0.091140 -0.995282 -0.033276 0.091140 -0.995282 -0.033276 0.091140 -0.995282 -0.033276 0.091140 -0.995282 -0.033276 0.091140 -0.995282 -0.033276 0.098583 -0.994530 -0.034519 0.098583 -0.994530 -0.034519 0.098583 -0.994530 -0.034519 0.098583 -0.994530 -0.034519 0.098583 -0.994530 -0.034519 0.098583 -0.994530 -0.034519 0.105423 -0.993785 -0.035729 0.105423 -0.993785 -0.035729 0.105423 -0.993785 -0.035729 0.105423 -0.993785 -0.035729 0.105423 -0.993785 -0.035729 0.105423 -0.993785 -0.035729 0.111775 -0.993048 -0.036916 0.111775 -0.993048 -0.036916 0.111775 -0.993048 -0.036916 0.111775 -0.993048 -0.036916 0.111775 -0.993048 -0.036916 0.111775 -0.993048 -0.036916 0.117746 -0.992313 -0.038091 0.117746 -0.992313 -0.038091 0.117746 -0.992313 -0.038091 0.117746 -0.992313 -0.038091 0.117746 -0.992313 -0.038091 0.117746 -0.992313 -0.038091 0.123435 -0.991575 -0.039267 0.123435 -0.991575 -0.039267 0.123435 -0.991575 -0.039267 0.123435 -0.991575 -0.039267 0.123435 -0.991575 -0.039267 0.123435 -0.991575 -0.039267 0.128935 -0.990827 -0.040459 0.128935 -0.990827 -0.040459 0.128935 -0.990827 -0.040459 0.128935 -0.990827 -0.040459 0.128935 -0.990827 -0.040459 0.128935 -0.990827 -0.040459 0.134335 -0.990059 -0.041684 0.134335 -0.990059 -0.041684 0.134335 -0.990059 -0.041684 0.134335 -0.990059 -0.041684 0.134335 -0.990059 -0.041684 0.134335 -0.990059 -0.041684 0.139719 -0.989259 -0.042959 0.139719 -0.989259 -0.042959 0.139719 -0.989259 -0.042959 0.139719 -0.989259 -0.042959 0.139719 -0.989259 -0.042959 0.139719 -0.989259 -0.042959 0.145169 -0.988414 -0.044305 0.145169 -0.988414 -0.044305 0.145169 -0.988414 -0.044305 0.145169 -0.988414 -0.044305 0.145169 -0.988414 -0.044305 0.145169 -0.988414 -0.044305 0.150763 -0.987511 -0.045743 0.150763 -0.987511 -0.045743 0.150763 -0.987511 -0.045743 0.150763 -0.987511 -0.045743 0.150763 -0.987511 -0.045743 0.150763 -0.987511 -0.045743 0.156576 -0.986533 -0.047296 0.156576 -0.986533 -0.047296 0.156576 -0.986533 -0.047296 0.156576 -0.986533 -0.047296 0.156576 -0.986533 -0.047296 0.156576 -0.986533 -0.047296 0.162681 -0.985462 -0.048989 0.162681 -0.985462 -0.048989 0.162681 -0.985462 -0.048989 0.162681 -0.985462 -0.048989 0.162681 -0.985462 -0.048989 0.162681 -0.985462 -0.048989 -0.080619 -0.996523 0.021047 -0.080619 -0.996523 0.021047 -0.080619 -0.996523 0.021047 -0.080619 -0.996523 0.021047 -0.080619 -0.996523 0.021047 -0.080619 -0.996523 0.021047 0.456606 0.879611 -0.133398 0.456606 0.879611 -0.133398 0.456606 0.879611 -0.133398 0.456606 0.879611 -0.133398 0.456606 0.879611 -0.133398 0.456606 0.879611 -0.133398 0.162681 0.985462 -0.048989 0.162681 0.985462 -0.048989 0.162681 0.985462 -0.048989 0.162681 0.985462 -0.048989 0.162681 0.985462 -0.048989 0.162681 0.985462 -0.048989 0.156576 0.986533 -0.047296 0.156576 0.986533 -0.047296 0.156576 0.986533 -0.047296 0.156576 0.986533 -0.047296 0.156576 0.986533 -0.047296 0.156576 0.986533 -0.047296 0.150763 0.987511 -0.045743 0.150763 0.987511 -0.045743 0.150763 0.987511 -0.045743 0.150763 0.987511 -0.045743 0.150763 0.987511 -0.045743 0.150763 0.987511 -0.045743 0.145169 0.988414 -0.044305 0.145169 0.988414 -0.044305 0.145169 0.988414 -0.044305 0.145169 0.988414 -0.044305 0.145169 0.988414 -0.044305 0.145169 0.988414 -0.044305 0.139719 0.989259 -0.042959 0.139719 0.989259 -0.042959 0.139719 0.989259 -0.042959 0.139719 0.989259 -0.042959 0.139719 0.989259 -0.042959 0.139719 0.989259 -0.042959 0.134335 0.990059 -0.041684 0.134335 0.990059 -0.041684 0.134335 0.990059 -0.041684 0.134335 0.990059 -0.041684 0.134335 0.990059 -0.041684 0.134335 0.990059 -0.041684 0.128935 0.990827 -0.040459 0.128935 0.990827 -0.040459 0.128935 0.990827 -0.040459 0.128935 0.990827 -0.040459 0.128935 0.990827 -0.040459 0.128935 0.990827 -0.040459 0.123435 0.991575 -0.039267 0.123435 0.991575 -0.039267 0.123435 0.991575 -0.039267 0.123435 0.991575 -0.039267 0.123435 0.991575 -0.039267 0.123435 0.991575 -0.039267 0.117746 0.992313 -0.038091 0.117746 0.992313 -0.038091 0.117746 0.992313 -0.038091 0.117746 0.992313 -0.038091 0.117746 0.992313 -0.038091 0.117746 0.992313 -0.038091 0.111775 0.993048 -0.036916 0.111775 0.993048 -0.036916 0.111775 0.993048 -0.036916 0.111775 0.993048 -0.036916 0.111775 0.993048 -0.036916 0.111775 0.993048 -0.036916 0.105423 0.993785 -0.035729 0.105423 0.993785 -0.035729 0.105423 0.993785 -0.035729 0.105423 0.993785 -0.035729 0.105423 0.993785 -0.035729 0.105423 0.993785 -0.035729 0.098583 0.994530 -0.034519 0.098583 0.994530 -0.034519 0.098583 0.994530 -0.034519 0.098583 0.994530 -0.034519 0.098583 0.994530 -0.034519 0.098583 0.994530 -0.034519 0.091140 0.995282 -0.033276 0.091140 0.995282 -0.033276 0.091140 0.995282 -0.033276 0.091140 0.995282 -0.033276 0.091140 0.995282 -0.033276 0.091140 0.995282 -0.033276 0.082969 0.996038 -0.031993 0.082969 0.996038 -0.031993 0.082969 0.996038 -0.031993 0.082969 0.996038 -0.031993 0.082969 0.996038 -0.031993 0.082969 0.996038 -0.031993 0.073930 0.996792 -0.030661 0.073930 0.996792 -0.030661 0.073930 0.996792 -0.030661 0.073930 0.996792 -0.030661 0.073930 0.996792 -0.030661 0.073930 0.996792 -0.030661 0.063863 0.997529 -0.029277 0.063863 0.997529 -0.029277 0.063863 0.997529 -0.029277 0.063863 0.997529 -0.029277 0.063863 0.997529 -0.029277 0.063863 0.997529 -0.029277 0.052587 0.998228 -0.027836 0.052587 0.998228 -0.027836 0.052587 0.998228 -0.027836 0.052587 0.998228 -0.027836 0.052587 0.998228 -0.027836 0.052587 0.998228 -0.027836 0.039884 0.998857 -0.026336 0.039884 0.998857 -0.026336 0.039884 0.998857 -0.026336 0.039884 0.998857 -0.026336 0.039884 0.998857 -0.026336 0.039884 0.998857 -0.026336 0.025491 0.999368 -0.024775 0.025491 0.999368 -0.024775 0.025491 0.999368 -0.024775 0.025491 0.999368 -0.024775 0.025491 0.999368 -0.024775 0.025491 0.999368 -0.024775 0.009078 0.999691 -0.023152 0.009078 0.999691 -0.023152 0.009078 0.999691 -0.023152 0.009078 0.999691 -0.023152 0.009078 0.999691 -0.023152 0.009078 0.999691 -0.023152 -0.009786 0.999722 -0.021467 -0.009786 0.999722 -0.021467 -0.009786 0.999722 -0.021467 -0.009786 0.999722 -0.021467 -0.009786 0.999722 -0.021467 -0.009786 0.999722 -0.021467 -0.031687 0.999303 -0.019718 -0.031687 0.999303 -0.019718 -0.031687 0.999303 -0.019718 -0.031687 0.999303 -0.019718 -0.031687 0.999303 -0.019718 -0.031687 0.999303 -0.019718 -0.057467 0.998187 -0.017902 -0.057467 0.998187 -0.017902 -0.057467 0.998187 -0.017902 -0.057467 0.998187 -0.017902 -0.057467 0.998187 -0.017902 -0.057467 0.998187 -0.017902 -0.088416 0.995955 -0.016010 -0.088416 0.995955 -0.016010 -0.088416 0.995955 -0.016010 -0.088416 0.995955 -0.016010 -0.088416 0.995955 -0.016010 -0.088416 0.995955 -0.016010 -0.126678 0.991845 -0.014026 -0.126678 0.991845 -0.014026 -0.126678 0.991845 -0.014026 -0.126678 0.991845 -0.014026 -0.126678 0.991845 -0.014026 -0.126678 0.991845 -0.014026 -0.176229 0.984277 -0.011913 -0.176229 0.984277 -0.011913 -0.176229 0.984277 -0.011913 -0.176229 0.984277 -0.011913 -0.176229 0.984277 -0.011913 -0.176229 0.984277 -0.011913 -0.245730 0.969291 -0.009581 -0.245730 0.969291 -0.009581 -0.245730 0.969291 -0.009581 -0.245730 0.969291 -0.009581 -0.245730 0.969291 -0.009581 -0.245730 0.969291 -0.009581 -0.360046 0.932910 -0.006768 -0.360046 0.932910 -0.006768 -0.360046 0.932910 -0.006768 -0.360046 0.932910 -0.006768 -0.360046 0.932910 -0.006768 -0.360046 0.932910 -0.006768 -0.744926 0.667147 -0.000000 -0.744926 0.667147 -0.000000 -0.744926 0.667147 -0.000000 -0.744926 0.667147 0.000000 -0.744926 0.667147 0.000000 -0.744926 0.667147 0.000000 -0.744926 -0.667147 0.000000 -0.744926 -0.667147 0.000000 -0.744926 -0.667147 0.000000 -0.744926 -0.667147 0.000000 -0.744926 -0.667147 0.000000 -0.744926 -0.667147 0.000000 -0.360046 -0.932910 -0.006768 -0.360046 -0.932910 -0.006768 -0.360046 -0.932910 -0.006768 -0.360046 -0.932910 -0.006768 -0.360046 -0.932910 -0.006768 -0.360046 -0.932910 -0.006768 -0.245730 -0.969291 -0.009581 -0.245730 -0.969291 -0.009581 -0.245730 -0.969291 -0.009581 -0.245730 -0.969291 -0.009581 -0.245730 -0.969291 -0.009581 -0.245730 -0.969291 -0.009581 -0.176229 -0.984277 -0.011913 -0.176229 -0.984277 -0.011913 -0.176229 -0.984277 -0.011913 -0.176229 -0.984277 -0.011913 -0.176229 -0.984277 -0.011913 -0.176229 -0.984277 -0.011913 -0.126678 -0.991845 -0.014026 -0.126678 -0.991845 -0.014026 -0.126678 -0.991845 -0.014026 -0.126678 -0.991845 -0.014026 -0.126678 -0.991845 -0.014026 -0.126678 -0.991845 -0.014026 -0.088416 -0.995955 -0.016010 -0.088416 -0.995955 -0.016010 -0.088416 -0.995955 -0.016010 -0.088416 -0.995955 -0.016010 -0.088416 -0.995955 -0.016010 -0.088416 -0.995955 -0.016010 -0.057467 -0.998187 -0.017902 -0.057467 -0.998187 -0.017902 -0.057467 -0.998187 -0.017902 -0.057467 -0.998187 -0.017902 -0.057467 -0.998187 -0.017902 -0.057467 -0.998187 -0.017902 -0.031687 -0.999303 -0.019718 -0.031687 -0.999303 -0.019718 -0.031687 -0.999303 -0.019718 -0.031687 -0.999303 -0.019718 -0.031687 -0.999303 -0.019718 -0.031687 -0.999303 -0.019718 -0.009786 -0.999722 -0.021467 -0.009786 -0.999722 -0.021467 -0.009786 -0.999722 -0.021467 -0.009786 -0.999722 -0.021467 -0.009786 -0.999722 -0.021467 -0.009786 -0.999722 -0.021467 0.009078 -0.999691 -0.023152 0.009078 -0.999691 -0.023152 0.009078 -0.999691 -0.023152 0.009078 -0.999691 -0.023152 0.009078 -0.999691 -0.023152 0.009078 -0.999691 -0.023152 0.025491 -0.999368 -0.024775 0.025491 -0.999368 -0.024775 0.025491 -0.999368 -0.024775 0.025491 -0.999368 -0.024775 0.025491 -0.999368 -0.024775 0.025491 -0.999368 -0.024775 0.039884 -0.998857 -0.026336 0.039884 -0.998857 -0.026336 0.039884 -0.998857 -0.026336 0.039884 -0.998857 -0.026336 0.039884 -0.998857 -0.026336 0.039884 -0.998857 -0.026336 0.052587 -0.998228 -0.027836 0.052587 -0.998228 -0.027836 0.052587 -0.998228 -0.027836 0.052587 -0.998228 -0.027836 0.052587 -0.998228 -0.027836 0.052587 -0.998228 -0.027836 0.063863 -0.997529 -0.029277 0.063863 -0.997529 -0.029277 0.063863 -0.997529 -0.029277 0.063863 -0.997529 -0.029277 0.063863 -0.997529 -0.029277 0.063863 -0.997529 -0.029277 0.073930 -0.996792 -0.030661 0.073930 -0.996792 -0.030661 0.073930 -0.996792 -0.030661 0.073930 -0.996792 -0.030661 0.073930 -0.996792 -0.030661 0.073930 -0.996792 -0.030661 0.082969 -0.996038 -0.031993 0.082969 -0.996038 -0.031993 0.082969 -0.996038 -0.031993 0.082969 -0.996038 -0.031993 0.082969 -0.996038 -0.031993 0.082969 -0.996038 -0.031993 0.091140 -0.995282 -0.033276 0.091140 -0.995282 -0.033276 0.091140 -0.995282 -0.033276 0.091140 -0.995282 -0.033276 0.091140 -0.995282 -0.033276 0.091140 -0.995282 -0.033276 0.098583 -0.994530 -0.034519 0.098583 -0.994530 -0.034519 0.098583 -0.994530 -0.034519 0.098583 -0.994530 -0.034519 0.098583 -0.994530 -0.034519 0.098583 -0.994530 -0.034519 0.105423 -0.993785 -0.035729 0.105423 -0.993785 -0.035729 0.105423 -0.993785 -0.035729 0.105423 -0.993785 -0.035729 0.105423 -0.993785 -0.035729 0.105423 -0.993785 -0.035729 0.111775 -0.993048 -0.036916 0.111775 -0.993048 -0.036916 0.111775 -0.993048 -0.036916 0.111775 -0.993048 -0.036916 0.111775 -0.993048 -0.036916 0.111775 -0.993048 -0.036916 0.117746 -0.992313 -0.038091 0.117746 -0.992313 -0.038091 0.117746 -0.992313 -0.038091 0.117746 -0.992313 -0.038091 0.117746 -0.992313 -0.038091 0.117746 -0.992313 -0.038091 0.123435 -0.991575 -0.039267 0.123435 -0.991575 -0.039267 0.123435 -0.991575 -0.039267 0.123435 -0.991575 -0.039267 0.123435 -0.991575 -0.039267 0.123435 -0.991575 -0.039267 0.128935 -0.990827 -0.040459 0.128935 -0.990827 -0.040459 0.128935 -0.990827 -0.040459 0.128935 -0.990827 -0.040459 0.128935 -0.990827 -0.040459 0.128935 -0.990827 -0.040459 0.134335 -0.990059 -0.041684 0.134335 -0.990059 -0.041684 0.134335 -0.990059 -0.041684 0.134335 -0.990059 -0.041684 0.134335 -0.990059 -0.041684 0.134335 -0.990059 -0.041684 0.139719 -0.989259 -0.042959 0.139719 -0.989259 -0.042959 0.139719 -0.989259 -0.042959 0.139719 -0.989259 -0.042959 0.139719 -0.989259 -0.042959 0.139719 -0.989259 -0.042959 0.145169 -0.988414 -0.044305 0.145169 -0.988414 -0.044305 0.145169 -0.988414 -0.044305 0.145169 -0.988414 -0.044305 0.145169 -0.988414 -0.044305 0.145169 -0.988414 -0.044305 0.150763 -0.987511 -0.045743 0.150763 -0.987511 -0.045743 0.150763 -0.987511 -0.045743 0.150763 -0.987511 -0.045743 0.150763 -0.987511 -0.045743 0.150763 -0.987511 -0.045743 0.156576 -0.986533 -0.047296 0.156576 -0.986533 -0.047296 0.156576 -0.986533 -0.047296 0.156576 -0.986533 -0.047296 0.156576 -0.986533 -0.047296 0.156576 -0.986533 -0.047296 0.162681 -0.985462 -0.048989 0.162681 -0.985462 -0.048989 0.162681 -0.985462 -0.048989 0.162681 -0.985462 -0.048989 0.162681 -0.985462 -0.048989 0.162681 -0.985462 -0.048989 -0.080619 -0.996523 0.021047 -0.080619 -0.996523 0.021047 -0.080619 -0.996523 0.021047 -0.080619 -0.996523 0.021047 -0.080619 -0.996523 0.021047 -0.080619 -0.996523 0.021047 0.456606 0.879611 -0.133398 0.456606 0.879611 -0.133398 0.456606 0.879611 -0.133398 0.456606 0.879611 -0.133398 0.456606 0.879611 -0.133398 0.456606 0.879611 -0.133398 0.162681 0.985462 -0.048989 0.162681 0.985462 -0.048989 0.162681 0.985462 -0.048989 0.162681 0.985462 -0.048989 0.162681 0.985462 -0.048989 0.162681 0.985462 -0.048989 0.156576 0.986533 -0.047296 0.156576 0.986533 -0.047296 0.156576 0.986533 -0.047296 0.156576 0.986533 -0.047296 0.156576 0.986533 -0.047296 0.156576 0.986533 -0.047296 0.150763 0.987511 -0.045743 0.150763 0.987511 -0.045743 0.150763 0.987511 -0.045743 0.150763 0.987511 -0.045743 0.150763 0.987511 -0.045743 0.150763 0.987511 -0.045743 0.145169 0.988414 -0.044305 0.145169 0.988414 -0.044305 0.145169 0.988414 -0.044305 0.145169 0.988414 -0.044305 0.145169 0.988414 -0.044305 0.145169 0.988414 -0.044305 0.139719 0.989259 -0.042959 0.139719 0.989259 -0.042959 0.139719 0.989259 -0.042959 0.139719 0.989259 -0.042959 0.139719 0.989259 -0.042959 0.139719 0.989259 -0.042959 0.134335 0.990059 -0.041684 0.134335 0.990059 -0.041684 0.134335 0.990059 -0.041684 0.134335 0.990059 -0.041684 0.134335 0.990059 -0.041684 0.134335 0.990059 -0.041684 0.128935 0.990827 -0.040459 0.128935 0.990827 -0.040459 0.128935 0.990827 -0.040459 0.128935 0.990827 -0.040459 0.128935 0.990827 -0.040459 0.128935 0.990827 -0.040459 0.123435 0.991575 -0.039267 0.123435 0.991575 -0.039267 0.123435 0.991575 -0.039267 0.123435 0.991575 -0.039267 0.123435 0.991575 -0.039267 0.123435 0.991575 -0.039267 0.117746 0.992313 -0.038091 0.117746 0.992313 -0.038091 0.117746 0.992313 -0.038091 0.117746 0.992313 -0.038091 0.117746 0.992313 -0.038091 0.117746 0.992313 -0.038091 0.111775 0.993048 -0.036916 0.111775 0.993048 -0.036916 0.111775 0.993048 -0.036916 0.111775 0.993048 -0.036916 0.111775 0.993048 -0.036916 0.111775 0.993048 -0.036916 0.105423 0.993785 -0.035729 0.105423 0.993785 -0.035729 0.105423 0.993785 -0.035729 0.105423 0.993785 -0.035729 0.105423 0.993785 -0.035729 0.105423 0.993785 -0.035729 0.098583 0.994530 -0.034519 0.098583 0.994530 -0.034519 0.098583 0.994530 -0.034519 0.098583 0.994530 -0.034519 0.098583 0.994530 -0.034519 0.098583 0.994530 -0.034519 0.091140 0.995282 -0.033276 0.091140 0.995282 -0.033276 0.091140 0.995282 -0.033276 0.091140 0.995282 -0.033276 0.091140 0.995282 -0.033276 0.091140 0.995282 -0.033276 0.082969 0.996038 -0.031993 0.082969 0.996038 -0.031993 0.082969 0.996038 -0.031993 0.082969 0.996038 -0.031993 0.082969 0.996038 -0.031993 0.082969 0.996038 -0.031993 0.073930 0.996792 -0.030661 0.073930 0.996792 -0.030661 0.073930 0.996792 -0.030661 0.073930 0.996792 -0.030661 0.073930 0.996792 -0.030661 0.073930 0.996792 -0.030661 0.063863 0.997529 -0.029277 0.063863 0.997529 -0.029277 0.063863 0.997529 -0.029277 0.063863 0.997529 -0.029277 0.063863 0.997529 -0.029277 0.063863 0.997529 -0.029277 0.052587 0.998228 -0.027836 0.052587 0.998228 -0.027836 0.052587 0.998228 -0.027836 0.052587 0.998228 -0.027836 0.052587 0.998228 -0.027836 0.052587 0.998228 -0.027836 0.039884 0.998857 -0.026336 0.039884 0.998857 -0.026336 0.039884 0.998857 -0.026336 0.039884 0.998857 -0.026336 0.039884 0.998857 -0.026336 0.039884 0.998857 -0.026336 0.025491 0.999368 -0.024775 0.025491 0.999368 -0.024775 0.025491 0.999368 -0.024775 0.025491 0.999368 -0.024775 0.025491 0.999368 -0.024775 0.025491 0.999368 -0.024775 0.009078 0.999691 -0.023152 0.009078 0.999691 -0.023152 0.009078 0.999691 -0.023152 0.009078 0.999691 -0.023152 0.009078 0.999691 -0.023152 0.009078 0.999691 -0.023152 -0.009786 0.999722 -0.021467 -0.009786 0.999722 -0.021467 -0.009786 0.999722 -0.021467 -0.009786 0.999722 -0.021467 -0.009786 0.999722 -0.021467 -0.009786 0.999722 -0.021467 -0.031687 0.999303 -0.019718 -0.031687 0.999303 -0.019718 -0.031687 0.999303 -0.019718 -0.031687 0.999303 -0.019718 -0.031687 0.999303 -0.019718 -0.031687 0.999303 -0.019718 -0.057467 0.998187 -0.017902 -0.057467 0.998187 -0.017902 -0.057467 0.998187 -0.017902 -0.057467 0.998187 -0.017902 -0.057467 0.998187 -0.017902 -0.057467 0.998187 -0.017902 -0.088416 0.995955 -0.016010 -0.088416 0.995955 -0.016010 -0.088416 0.995955 -0.016010 -0.088416 0.995955 -0.016010 -0.088416 0.995955 -0.016010 -0.088416 0.995955 -0.016010 -0.126678 0.991845 -0.014026 -0.126678 0.991845 -0.014026 -0.126678 0.991845 -0.014026 -0.126678 0.991845 -0.014026 -0.126678 0.991845 -0.014026 -0.126678 0.991845 -0.014026 -0.176229 0.984277 -0.011913 -0.176229 0.984277 -0.011913 -0.176229 0.984277 -0.011913 -0.176229 0.984277 -0.011913 -0.176229 0.984277 -0.011913 -0.176229 0.984277 -0.011913 -0.245730 0.969291 -0.009581 -0.245730 0.969291 -0.009581 -0.245730 0.969291 -0.009581 -0.245730 0.969291 -0.009581 -0.245730 0.969291 -0.009581 -0.245730 0.969291 -0.009581 -0.360046 0.932910 -0.006768 -0.360046 0.932910 -0.006768 -0.360046 0.932910 -0.006768 -0.360046 0.932910 -0.006768 -0.360046 0.932910 -0.006768 -0.360046 0.932910 -0.006768 -0.744926 0.667147 0.000000 -0.744926 0.667147 0.000000 -0.744926 0.667147 0.000000 -0.744926 0.667147 0.000000 -0.744926 0.667147 0.000000 -0.744926 0.667147 0.000000 -0.744926 -0.667147 0.000000 -0.744926 -0.667147 0.000000 -0.744926 -0.667147 0.000000 -0.744926 -0.667147 0.000000 -0.744926 -0.667147 0.000000 -0.744926 -0.667147 0.000000 -0.360046 -0.932910 -0.006768 -0.360046 -0.932910 -0.006768 -0.360046 -0.932910 -0.006768 -0.360046 -0.932910 -0.006768 -0.360046 -0.932910 -0.006768 -0.360046 -0.932910 -0.006768 -0.245730 -0.969291 -0.009581 -0.245730 -0.969291 -0.009581 -0.245730 -0.969291 -0.009581 -0.245730 -0.969291 -0.009581 -0.245730 -0.969291 -0.009581 -0.245730 -0.969291 -0.009581 -0.176229 -0.984277 -0.011913 -0.176229 -0.984277 -0.011913 -0.176229 -0.984277 -0.011913 -0.176229 -0.984277 -0.011913 -0.176229 -0.984277 -0.011913 -0.176229 -0.984277 -0.011913 -0.126678 -0.991845 -0.014026 -0.126678 -0.991845 -0.014026 -0.126678 -0.991845 -0.014026 -0.126678 -0.991845 -0.014026 -0.126678 -0.991845 -0.014026 -0.126678 -0.991845 -0.014026 -0.088416 -0.995955 -0.016010 -0.088416 -0.995955 -0.016010 -0.088416 -0.995955 -0.016010 -0.088416 -0.995955 -0.016010 -0.088416 -0.995955 -0.016010 -0.088416 -0.995955 -0.016010 -0.057467 -0.998187 -0.017902 -0.057467 -0.998187 -0.017902 -0.057467 -0.998187 -0.017902 -0.057467 -0.998187 -0.017902 -0.057467 -0.998187 -0.017902 -0.057467 -0.998187 -0.017902 -0.031687 -0.999303 -0.019718 -0.031687 -0.999303 -0.019718 -0.031687 -0.999303 -0.019718 -0.031687 -0.999303 -0.019718 -0.031687 -0.999303 -0.019718 -0.031687 -0.999303 -0.019718 -0.009786 -0.999722 -0.021467 -0.009786 -0.999722 -0.021467 -0.009786 -0.999722 -0.021467 -0.009786 -0.999722 -0.021467 -0.009786 -0.999722 -0.021467 -0.009786 -0.999722 -0.021467 0.009078 -0.999691 -0.023152 0.009078 -0.999691 -0.023152 0.009078 -0.999691 -0.023152 0.009078 -0.999691 -0.023152 0.009078 -0.999691 -0.023152 0.009078 -0.999691 -0.023152 0.025491 -0.999368 -0.024775 0.025491 -0.999368 -0.024775 0.025491 -0.999368 -0.024775 0.025491 -0.999368 -0.024775 0.025491 -0.999368 -0.024775 0.025491 -0.999368 -0.024775 0.039884 -0.998857 -0.026336 0.039884 -0.998857 -0.026336 0.039884 -0.998857 -0.026336 0.039884 -0.998857 -0.026336 0.039884 -0.998857 -0.026336 0.039884 -0.998857 -0.026336 0.052587 -0.998228 -0.027836 0.052587 -0.998228 -0.027836 0.052587 -0.998228 -0.027836 0.052587 -0.998228 -0.027836 0.052587 -0.998228 -0.027836 0.052587 -0.998228 -0.027836 0.063863 -0.997529 -0.029277 0.063863 -0.997529 -0.029277 0.063863 -0.997529 -0.029277 0.063863 -0.997529 -0.029277 0.063863 -0.997529 -0.029277 0.063863 -0.997529 -0.029277 0.073930 -0.996792 -0.030661 0.073930 -0.996792 -0.030661 0.073930 -0.996792 -0.030661 0.073930 -0.996792 -0.030661 0.073930 -0.996792 -0.030661 0.073930 -0.996792 -0.030661 0.082969 -0.996038 -0.031993 0.082969 -0.996038 -0.031993 0.082969 -0.996038 -0.031993 0.082969 -0.996038 -0.031993 0.082969 -0.996038 -0.031993 0.082969 -0.996038 -0.031993 0.091140 -0.995282 -0.033276 0.091140 -0.995282 -0.033276 0.091140 -0.995282 -0.033276 0.091140 -0.995282 -0.033276 0.091140 -0.995282 -0.033276 0.091140 -0.995282 -0.033276 0.098583 -0.994530 -0.034519 0.098583 -0.994530 -0.034519 0.098583 -0.994530 -0.034519 0.098583 -0.994530 -0.034519 0.098583 -0.994530 -0.034519 0.098583 -0.994530 -0.034519 0.105423 -0.993785 -0.035729 0.105423 -0.993785 -0.035729 0.105423 -0.993785 -0.035729 0.105423 -0.993785 -0.035729 0.105423 -0.993785 -0.035729 0.105423 -0.993785 -0.035729 0.111775 -0.993048 -0.036916 0.111775 -0.993048 -0.036916 0.111775 -0.993048 -0.036916 0.111775 -0.993048 -0.036916 0.111775 -0.993048 -0.036916 0.111775 -0.993048 -0.036916 0.117746 -0.992313 -0.038091 0.117746 -0.992313 -0.038091 0.117746 -0.992313 -0.038091 0.117746 -0.992313 -0.038091 0.117746 -0.992313 -0.038091 0.117746 -0.992313 -0.038091 0.123435 -0.991575 -0.039267 0.123435 -0.991575 -0.039267 0.123435 -0.991575 -0.039267 0.123435 -0.991575 -0.039267 0.123435 -0.991575 -0.039267 0.123435 -0.991575 -0.039267 0.128935 -0.990827 -0.040459 0.128935 -0.990827 -0.040459 0.128935 -0.990827 -0.040459 0.128935 -0.990827 -0.040459 0.128935 -0.990827 -0.040459 0.128935 -0.990827 -0.040459 0.134335 -0.990059 -0.041684 0.134335 -0.990059 -0.041684 0.134335 -0.990059 -0.041684 0.134335 -0.990059 -0.041684 0.134335 -0.990059 -0.041684 0.134335 -0.990059 -0.041684 0.139719 -0.989259 -0.042959 0.139719 -0.989259 -0.042959 0.139719 -0.989259 -0.042959 0.139719 -0.989259 -0.042959 0.139719 -0.989259 -0.042959 0.139719 -0.989259 -0.042959 0.145169 -0.988414 -0.044305 0.145169 -0.988414 -0.044305 0.145169 -0.988414 -0.044305 0.145169 -0.988414 -0.044305 0.145169 -0.988414 -0.044305 0.145169 -0.988414 -0.044305 0.150763 -0.987511 -0.045743 0.150763 -0.987511 -0.045743 0.150763 -0.987511 -0.045743 0.150763 -0.987511 -0.045743 0.150763 -0.987511 -0.045743 0.150763 -0.987511 -0.045743 0.156576 -0.986533 -0.047296 0.156576 -0.986533 -0.047296 0.156576 -0.986533 -0.047296 0.156576 -0.986533 -0.047296 0.156576 -0.986533 -0.047296 0.156576 -0.986533 -0.047296 0.162681 -0.985462 -0.048989 0.162681 -0.985462 -0.048989 0.162681 -0.985462 -0.048989 0.162681 -0.985462 -0.048989 0.162681 -0.985462 -0.048989 0.162681 -0.985462 -0.048989 -0.080619 -0.996523 0.021047 -0.080619 -0.996523 0.021047 -0.080619 -0.996523 0.021047 -0.080619 -0.996523 0.021047 -0.080619 -0.996523 0.021047 -0.080619 -0.996523 0.021047 0.456606 0.879611 -0.133398 0.456606 0.879611 -0.133398 0.456606 0.879611 -0.133398 0.456606 0.879611 -0.133398 0.456606 0.879611 -0.133398 0.456606 0.879611 -0.133398 0.162681 0.985462 -0.048989 0.162681 0.985462 -0.048989 0.162681 0.985462 -0.048989 0.162681 0.985462 -0.048989 0.162681 0.985462 -0.048989 0.162681 0.985462 -0.048989 0.156576 0.986533 -0.047296 0.156576 0.986533 -0.047296 0.156576 0.986533 -0.047296 0.156576 0.986533 -0.047296 0.156576 0.986533 -0.047296 0.156576 0.986533 -0.047296 0.150763 0.987511 -0.045743 0.150763 0.987511 -0.045743 0.150763 0.987511 -0.045743 0.150763 0.987511 -0.045743 0.150763 0.987511 -0.045743 0.150763 0.987511 -0.045743 0.145169 0.988414 -0.044305 0.145169 0.988414 -0.044305 0.145169 0.988414 -0.044305 0.145169 0.988414 -0.044305 0.145169 0.988414 -0.044305 0.145169 0.988414 -0.044305 0.139719 0.989259 -0.042959 0.139719 0.989259 -0.042959 0.139719 0.989259 -0.042959 0.139719 0.989259 -0.042959 0.139719 0.989259 -0.042959 0.139719 0.989259 -0.042959 0.134335 0.990059 -0.041684 0.134335 0.990059 -0.041684 0.134335 0.990059 -0.041684 0.134335 0.990059 -0.041684 0.134335 0.990059 -0.041684 0.134335 0.990059 -0.041684 0.128935 0.990827 -0.040459 0.128935 0.990827 -0.040459 0.128935 0.990827 -0.040459 0.128935 0.990827 -0.040459 0.128935 0.990827 -0.040459 0.128935 0.990827 -0.040459 0.123435 0.991575 -0.039267 0.123435 0.991575 -0.039267 0.123435 0.991575 -0.039267 0.123435 0.991575 -0.039267 0.123435 0.991575 -0.039267 0.123435 0.991575 -0.039267 0.117746 0.992313 -0.038091 0.117746 0.992313 -0.038091 0.117746 0.992313 -0.038091 0.117746 0.992313 -0.038091 0.117746 0.992313 -0.038091 0.117746 0.992313 -0.038091 0.111775 0.993048 -0.036916 0.111775 0.993048 -0.036916 0.111775 0.993048 -0.036916 0.111775 0.993048 -0.036916 0.111775 0.993048 -0.036916 0.111775 0.993048 -0.036916 0.105423 0.993785 -0.035729 0.105423 0.993785 -0.035729 0.105423 0.993785 -0.035729 0.105423 0.993785 -0.035729 0.105423 0.993785 -0.035729 0.105423 0.993785 -0.035729 0.098583 0.994530 -0.034519 0.098583 0.994530 -0.034519 0.098583 0.994530 -0.034519 0.098583 0.994530 -0.034519 0.098583 0.994530 -0.034519 0.098583 0.994530 -0.034519 0.091140 0.995282 -0.033276 0.091140 0.995282 -0.033276 0.091140 0.995282 -0.033276 0.091140 0.995282 -0.033276 0.091140 0.995282 -0.033276 0.091140 0.995282 -0.033276 0.082969 0.996038 -0.031993 0.082969 0.996038 -0.031993 0.082969 0.996038 -0.031993 0.082969 0.996038 -0.031993 0.082969 0.996038 -0.031993 0.082969 0.996038 -0.031993 0.073930 0.996792 -0.030661 0.073930 0.996792 -0.030661 0.073930 0.996792 -0.030661 0.073930 0.996792 -0.030661 0.073930 0.996792 -0.030661 0.073930 0.996792 -0.030661 0.063863 0.997529 -0.029277 0.063863 0.997529 -0.029277 0.063863 0.997529 -0.029277 0.063863 0.997529 -0.029277 0.063863 0.997529 -0.029277 0.063863 0.997529 -0.029277 0.052587 0.998228 -0.027836 0.052587 0.998228 -0.027836 0.052587 0.998228 -0.027836 0.052587 0.998228 -0.027836 0.052587 0.998228 -0.027836 0.052587 0.998228 -0.027836 0.039884 0.998857 -0.026336 0.039884 0.998857 -0.026336 0.039884 0.998857 -0.026336 0.039884 0.998857 -0.026336 0.039884 0.998857 -0.026336 0.039884 0.998857 -0.026336 0.025491 0.999368 -0.024775 0.025491 0.999368 -0.024775 0.025491 0.999368 -0.024775 0.025491 0.999368 -0.024775 0.025491 0.999368 -0.024775 0.025491 0.999368 -0.024775 0.009078 0.999691 -0.023152 0.009078 0.999691 -0.023152 0.009078 0.999691 -0.023152 0.009078 0.999691 -0.023152 0.009078 0.999691 -0.023152 0.009078 0.999691 -0.023152 -0.009786 0.999722 -0.021467 -0.009786 0.999722 -0.021467 -0.009786 0.999722 -0.021467 -0.009786 0.999722 -0.021467 -0.009786 0.999722 -0.021467 -0.009786 0.999722 -0.021467 -0.031687 0.999303 -0.019718 -0.031687 0.999303 -0.019718 -0.031687 0.999303 -0.019718 -0.031687 0.999303 -0.019718 -0.031687 0.999303 -0.019718 -0.031687 0.999303 -0.019718 -0.057467 0.998187 -0.017902 -0.057467 0.998187 -0.017902 -0.057467 0.998187 -0.017902 -0.057467 0.998187 -0.017902 -0.057467 0.998187 -0.017902 -0.057467 0.998187 -0.017902 -0.088416 0.995955 -0.016010 -0.088416 0.995955 -0.016010 -0.088416 0.995955 -0.016010 -0.088416 0.995955 -0.016010 -0.088416 0.995955 -0.016010 -0.088416 0.995955 -0.016010 -0.126678 0.991845 -0.014026 -0.126678 0.991845 -0.014026 -0.126678 0.991845 -0.014026 -0.126678 0.991845 -0.014026 -0.126678 0.991845 -0.014026 -0.126678 0.991845 -0.014026 -0.176229 0.984277 -0.011913 -0.176229 0.984277 -0.011913 -0.176229 0.984277 -0.011913 -0.176229 0.984277 -0.011913 -0.176229 0.984277 -0.011913 -0.176229 0.984277 -0.011913 -0.245730 0.969291 -0.009581 -0.245730 0.969291 -0.009581 -0.245730 0.969291 -0.009581 -0.245730 0.969291 -0.009581 -0.245730 0.969291 -0.009581 -0.245730 0.969291 -0.009581 -0.360046 0.932910 -0.006768 -0.360046 0.932910 -0.006768 -0.360046 0.932910 -0.006768 -0.360046 0.932910 -0.006768 -0.360046 0.932910 -0.006768 -0.360046 0.932910 -0.006768 -0.744926 0.667147 0.000000 -0.744926 0.667147 0.000000 -0.744926 0.667147 0.000000 -0.744926 0.667147 0.000000 -0.744926 0.667147 0.000000 -0.744926 0.667147 0.000000 -0.744926 -0.667147 0.000000 -0.744926 -0.667147 0.000000 -0.744926 -0.667147 0.000000 -0.744926 -0.667147 -0.000000 -0.744926 -0.667147 -0.000000 -0.744926 -0.667147 -0.000000 -0.360046 -0.932910 -0.006768 -0.360046 -0.932910 -0.006768 -0.360046 -0.932910 -0.006768 -0.360046 -0.932910 -0.006768 -0.360046 -0.932910 -0.006768 -0.360046 -0.932910 -0.006768 -0.245730 -0.969291 -0.009581 -0.245730 -0.969291 -0.009581 -0.245730 -0.969291 -0.009581 -0.245730 -0.969291 -0.009581 -0.245730 -0.969291 -0.009581 -0.245730 -0.969291 -0.009581 -0.176229 -0.984277 -0.011913 -0.176229 -0.984277 -0.011913 -0.176229 -0.984277 -0.011913 -0.176229 -0.984277 -0.011913 -0.176229 -0.984277 -0.011913 -0.176229 -0.984277 -0.011913 -0.126678 -0.991845 -0.014026 -0.126678 -0.991845 -0.014026 -0.126678 -0.991845 -0.014026 -0.126678 -0.991845 -0.014026 -0.126678 -0.991845 -0.014026 -0.126678 -0.991845 -0.014026 -0.088416 -0.995955 -0.016010 -0.088416 -0.995955 -0.016010 -0.088416 -0.995955 -0.016010 -0.088416 -0.995955 -0.016010 -0.088416 -0.995955 -0.016010 -0.088416 -0.995955 -0.016010 -0.057467 -0.998187 -0.017902 -0.057467 -0.998187 -0.017902 -0.057467 -0.998187 -0.017902 -0.057467 -0.998187 -0.017902 -0.057467 -0.998187 -0.017902 -0.057467 -0.998187 -0.017902 -0.031687 -0.999303 -0.019718 -0.031687 -0.999303 -0.019718 -0.031687 -0.999303 -0.019718 -0.031687 -0.999303 -0.019718 -0.031687 -0.999303 -0.019718 -0.031687 -0.999303 -0.019718 -0.009786 -0.999722 -0.021467 -0.009786 -0.999722 -0.021467 -0.009786 -0.999722 -0.021467 -0.009786 -0.999722 -0.021467 -0.009786 -0.999722 -0.021467 -0.009786 -0.999722 -0.021467 0.009078 -0.999691 -0.023152 0.009078 -0.999691 -0.023152 0.009078 -0.999691 -0.023152 0.009078 -0.999691 -0.023152 0.009078 -0.999691 -0.023152 0.009078 -0.999691 -0.023152 0.025491 -0.999368 -0.024775 0.025491 -0.999368 -0.024775 0.025491 -0.999368 -0.024775 0.025491 -0.999368 -0.024775 0.025491 -0.999368 -0.024775 0.025491 -0.999368 -0.024775 0.039884 -0.998857 -0.026336 0.039884 -0.998857 -0.026336 0.039884 -0.998857 -0.026336 0.039884 -0.998857 -0.026336 0.039884 -0.998857 -0.026336 0.039884 -0.998857 -0.026336 0.052587 -0.998228 -0.027836 0.052587 -0.998228 -0.027836 0.052587 -0.998228 -0.027836 0.052587 -0.998228 -0.027836 0.052587 -0.998228 -0.027836 0.052587 -0.998228 -0.027836 0.063863 -0.997529 -0.029277 0.063863 -0.997529 -0.029277 0.063863 -0.997529 -0.029277 0.063863 -0.997529 -0.029277 0.063863 -0.997529 -0.029277 0.063863 -0.997529 -0.029277 0.073930 -0.996792 -0.030661 0.073930 -0.996792 -0.030661 0.073930 -0.996792 -0.030661 0.073930 -0.996792 -0.030661 0.073930 -0.996792 -0.030661 0.073930 -0.996792 -0.030661 0.082969 -0.996038 -0.031993 0.082969 -0.996038 -0.031993 0.082969 -0.996038 -0.031993 0.082969 -0.996038 -0.031993 0.082969 -0.996038 -0.031993 0.082969 -0.996038 -0.031993 0.091140 -0.995282 -0.033276 0.091140 -0.995282 -0.033276 0.091140 -0.995282 -0.033276 0.091140 -0.995282 -0.033276 0.091140 -0.995282 -0.033276 0.091140 -0.995282 -0.033276 0.098583 -0.994530 -0.034519 0.098583 -0.994530 -0.034519 0.098583 -0.994530 -0.034519 0.098583 -0.994530 -0.034519 0.098583 -0.994530 -0.034519 0.098583 -0.994530 -0.034519 0.105423 -0.993785 -0.035729 0.105423 -0.993785 -0.035729 0.105423 -0.993785 -0.035729 0.105423 -0.993785 -0.035729 0.105423 -0.993785 -0.035729 0.105423 -0.993785 -0.035729 0.111775 -0.993048 -0.036916 0.111775 -0.993048 -0.036916 0.111775 -0.993048 -0.036916 0.111775 -0.993048 -0.036916 0.111775 -0.993048 -0.036916 0.111775 -0.993048 -0.036916 0.117746 -0.992313 -0.038091 0.117746 -0.992313 -0.038091 0.117746 -0.992313 -0.038091 0.117746 -0.992313 -0.038091 0.117746 -0.992313 -0.038091 0.117746 -0.992313 -0.038091 0.123435 -0.991575 -0.039267 0.123435 -0.991575 -0.039267 0.123435 -0.991575 -0.039267 0.123435 -0.991575 -0.039267 0.123435 -0.991575 -0.039267 0.123435 -0.991575 -0.039267 0.128935 -0.990827 -0.040459 0.128935 -0.990827 -0.040459 0.128935 -0.990827 -0.040459 0.128935 -0.990827 -0.040459 0.128935 -0.990827 -0.040459 0.128935 -0.990827 -0.040459 0.134335 -0.990059 -0.041684 0.134335 -0.990059 -0.041684 0.134335 -0.990059 -0.041684 0.134335 -0.990059 -0.041684 0.134335 -0.990059 -0.041684 0.134335 -0.990059 -0.041684 0.139719 -0.989259 -0.042959 0.139719 -0.989259 -0.042959 0.139719 -0.989259 -0.042959 0.139719 -0.989259 -0.042959 0.139719 -0.989259 -0.042959 0.139719 -0.989259 -0.042959 0.145169 -0.988414 -0.044305 0.145169 -0.988414 -0.044305 0.145169 -0.988414 -0.044305 0.145169 -0.988414 -0.044305 0.145169 -0.988414 -0.044305 0.145169 -0.988414 -0.044305 0.150763 -0.987511 -0.045743 0.150763 -0.987511 -0.045743 0.150763 -0.987511 -0.045743 0.150763 -0.987511 -0.045743 0.150763 -0.987511 -0.045743 0.150763 -0.987511 -0.045743 0.156576 -0.986533 -0.047296 0.156576 -0.986533 -0.047296 0.156576 -0.986533 -0.047296 0.156576 -0.986533 -0.047296 0.156576 -0.986533 -0.047296 0.156576 -0.986533 -0.047296 0.162681 -0.985462 -0.048989 0.162681 -0.985462 -0.048989 0.162681 -0.985462 -0.048989 0.162681 -0.985462 -0.048989 0.162681 -0.985462 -0.048989 0.162681 -0.985462 -0.048989 -0.080619 -0.996523 0.021047 -0.080619 -0.996523 0.021047 -0.080619 -0.996523 0.021047 -0.080619 -0.996523 0.021047 -0.080619 -0.996523 0.021047 -0.080619 -0.996523 0.021047 0.456606 0.879611 -0.133398 0.456606 0.879611 -0.133398 0.456606 0.879611 -0.133398 0.456606 0.879611 -0.133398 0.456606 0.879611 -0.133398 0.456606 0.879611 -0.133398 0.162681 0.985462 -0.048989 0.162681 0.985462 -0.048989 0.162681 0.985462 -0.048989 0.162681 0.985462 -0.048989 0.162681 0.985462 -0.048989 0.162681 0.985462 -0.048989 0.156576 0.986533 -0.047296 0.156576 0.986533 -0.047296 0.156576 0.986533 -0.047296 0.156576 0.986533 -0.047296 0.156576 0.986533 -0.047296 0.156576 0.986533 -0.047296 0.150763 0.987511 -0.045743 0.150763 0.987511 -0.045743 0.150763 0.987511 -0.045743 0.150763 0.987511 -0.045743 0.150763 0.987511 -0.045743 0.150763 0.987511 -0.045743 0.145169 0.988414 -0.044305 0.145169 0.988414 -0.044305 0.145169 0.988414 -0.044305 0.145169 0.988414 -0.044305 0.145169 0.988414 -0.044305 0.145169 0.988414 -0.044305 0.139719 0.989259 -0.042959 0.139719 0.989259 -0.042959 0.139719 0.989259 -0.042959 0.139719 0.989259 -0.042959 0.139719 0.989259 -0.042959 0.139719 0.989259 -0.042959 0.134335 0.990059 -0.041684 0.134335 0.990059 -0.041684 0.134335 0.990059 -0.041684 0.134335 0.990059 -0.041684 0.134335 0.990059 -0.041684 0.134335 0.990059 -0.041684 0.128935 0.990827 -0.040459 0.128935 0.990827 -0.040459 0.128935 0.990827 -0.040459 0.128935 0.990827 -0.040459 0.128935 0.990827 -0.040459 0.128935 0.990827 -0.040459 0.123435 0.991575 -0.039267 0.123435 0.991575 -0.039267 0.123435 0.991575 -0.039267 0.123435 0.991575 -0.039267 0.123435 0.991575 -0.039267 0.123435 0.991575 -0.039267 0.117746 0.992313 -0.038091 0.117746 0.992313 -0.038091 0.117746 0.992313 -0.038091 0.117746 0.992313 -0.038091 0.117746 0.992313 -0.038091 0.117746 0.992313 -0.038091 0.111775 0.993048 -0.036916 0.111775 0.993048 -0.036916 0.111775 0.993048 -0.036916 0.111775 0.993048 -0.036916 0.111775 0.993048 -0.036916 0.111775 0.993048 -0.036916 0.105423 0.993785 -0.035729 0.105423 0.993785 -0.035729 0.105423 0.993785 -0.035729 0.105423 0.993785 -0.035729 0.105423 0.993785 -0.035729 0.105423 0.993785 -0.035729 0.098583 0.994530 -0.034519 0.098583 0.994530 -0.034519 0.098583 0.994530 -0.034519 0.098583 0.994530 -0.034519 0.098583 0.994530 -0.034519 0.098583 0.994530 -0.034519 0.091140 0.995282 -0.033276 0.091140 0.995282 -0.033276 0.091140 0.995282 -0.033276 0.091140 0.995282 -0.033276 0.091140 0.995282 -0.033276 0.091140 0.995282 -0.033276 0.082969 0.996038 -0.031993 0.082969 0.996038 -0.031993 0.082969 0.996038 -0.031993 0.082969 0.996038 -0.031993 0.082969 0.996038 -0.031993 0.082969 0.996038 -0.031993 0.073930 0.996792 -0.030661 0.073930 0.996792 -0.030661 0.073930 0.996792 -0.030661 0.073930 0.996792 -0.030661 0.073930 0.996792 -0.030661 0.073930 0.996792 -0.030661 0.063863 0.997529 -0.029277 0.063863 0.997529 -0.029277 0.063863 0.997529 -0.029277 0.063863 0.997529 -0.029277 0.063863 0.997529 -0.029277 0.063863 0.997529 -0.029277 0.052587 0.998228 -0.027836 0.052587 0.998228 -0.027836 0.052587 0.998228 -0.027836 0.052587 0.998228 -0.027836 0.052587 0.998228 -0.027836 0.052587 0.998228 -0.027836 0.039884 0.998857 -0.026336 0.039884 0.998857 -0.026336 0.039884 0.998857 -0.026336 0.039884 0.998857 -0.026336 0.039884 0.998857 -0.026336 0.039884 0.998857 -0.026336 0.025491 0.999368 -0.024775 0.025491 0.999368 -0.024775 0.025491 0.999368 -0.024775 0.025491 0.999368 -0.024775 0.025491 0.999368 -0.024775 0.025491 0.999368 -0.024775 0.009078 0.999691 -0.023152 0.009078 0.999691 -0.023152 0.009078 0.999691 -0.023152 0.009078 0.999691 -0.023152 0.009078 0.999691 -0.023152 0.009078 0.999691 -0.023152 -0.009786 0.999722 -0.021467 -0.009786 0.999722 -0.021467 -0.009786 0.999722 -0.021467 -0.009786 0.999722 -0.021467 -0.009786 0.999722 -0.021467 -0.009786 0.999722 -0.021467 -0.031687 0.999303 -0.019718 -0.031687 0.999303 -0.019718 -0.031687 0.999303 -0.019718 -0.031687 0.999303 -0.019718 -0.031687 0.999303 -0.019718 -0.031687 0.999303 -0.019718 -0.057467 0.998187 -0.017902 -0.057467 0.998187 -0.017902 -0.057467 0.998187 -0.017902 -0.057467 0.998187 -0.017902 -0.057467 0.998187 -0.017902 -0.057467 0.998187 -0.017902 -0.088416 0.995955 -0.016010 -0.088416 0.995955 -0.016010 -0.088416 0.995955 -0.016010 -0.088416 0.995955 -0.016010 -0.088416 0.995955 -0.016010 -0.088416 0.995955 -0.016010 -0.126678 0.991845 -0.014026 -0.126678 0.991845 -0.014026 -0.126678 0.991845 -0.014026 -0.126678 0.991845 -0.014026 -0.126678 0.991845 -0.014026 -0.126678 0.991845 -0.014026 -0.176229 0.984277 -0.011913 -0.176229 0.984277 -0.011913 -0.176229 0.984277 -0.011913 -0.176229 0.984277 -0.011913 -0.176229 0.984277 -0.011913 -0.176229 0.984277 -0.011913 -0.245730 0.969291 -0.009581 -0.245730 0.969291 -0.009581 -0.245730 0.969291 -0.009581 -0.245730 0.969291 -0.009581 -0.245730 0.969291 -0.009581 -0.245730 0.969291 -0.009581 -0.360046 0.932910 -0.006768 -0.360046 0.932910 -0.006768 -0.360046 0.932910 -0.006768 -0.360046 0.932910 -0.006768 -0.360046 0.932910 -0.006768 -0.360046 0.932910 -0.006768 -0.744926 0.667147 -0.000000 -0.744926 0.667147 -0.000000 -0.744926 0.667147 -0.000000 -0.744926 0.667147 0.000000 -0.744926 0.667147 0.000000 -0.744926 0.667147 0.000000 -0.744926 -0.667147 0.000000 -0.744926 -0.667147 0.000000 -0.744926 -0.667147 0.000000 -0.744926 -0.667147 0.000000 -0.744926 -0.667147 0.000000 -0.744926 -0.667147 0.000000 -0.360046 -0.932910 -0.006768 -0.360046 -0.932910 -0.006768 -0.360046 -0.932910 -0.006768 -0.360046 -0.932910 -0.006768 -0.360046 -0.932910 -0.006768 -0.360046 -0.932910 -0.006768 -0.245730 -0.969291 -0.009581 -0.245730 -0.969291 -0.009581 -0.245730 -0.969291 -0.009581 -0.245730 -0.969291 -0.009581 -0.245730 -0.969291 -0.009581 -0.245730 -0.969291 -0.009581 -0.176229 -0.984277 -0.011913 -0.176229 -0.984277 -0.011913 -0.176229 -0.984277 -0.011913 -0.176229 -0.984277 -0.011913 -0.176229 -0.984277 -0.011913 -0.176229 -0.984277 -0.011913 -0.126678 -0.991845 -0.014026 -0.126678 -0.991845 -0.014026 -0.126678 -0.991845 -0.014026 -0.126678 -0.991845 -0.014026 -0.126678 -0.991845 -0.014026 -0.126678 -0.991845 -0.014026 -0.088416 -0.995955 -0.016010 -0.088416 -0.995955 -0.016010 -0.088416 -0.995955 -0.016010 -0.088416 -0.995955 -0.016010 -0.088416 -0.995955 -0.016010 -0.088416 -0.995955 -0.016010 -0.057467 -0.998187 -0.017902 -0.057467 -0.998187 -0.017902 -0.057467 -0.998187 -0.017902 -0.057467 -0.998187 -0.017902 -0.057467 -0.998187 -0.017902 -0.057467 -0.998187 -0.017902 -0.031687 -0.999303 -0.019718 -0.031687 -0.999303 -0.019718 -0.031687 -0.999303 -0.019718 -0.031687 -0.999303 -0.019718 -0.031687 -0.999303 -0.019718 -0.031687 -0.999303 -0.019718 -0.009786 -0.999722 -0.021467 -0.009786 -0.999722 -0.021467 -0.009786 -0.999722 -0.021467 -0.009786 -0.999722 -0.021467 -0.009786 -0.999722 -0.021467 -0.009786 -0.999722 -0.021467 0.009078 -0.999691 -0.023152 0.009078 -0.999691 -0.023152 0.009078 -0.999691 -0.023152 0.009078 -0.999691 -0.023152 0.009078 -0.999691 -0.023152 0.009078 -0.999691 -0.023152 0.025491 -0.999368 -0.024775 0.025491 -0.999368 -0.024775 0.025491 -0.999368 -0.024775 0.025491 -0.999368 -0.024775 0.025491 -0.999368 -0.024775 0.025491 -0.999368 -0.024775 0.039884 -0.998857 -0.026336 0.039884 -0.998857 -0.026336 0.039884 -0.998857 -0.026336 0.039884 -0.998857 -0.026336 0.039884 -0.998857 -0.026336 0.039884 -0.998857 -0.026336 0.052587 -0.998228 -0.027836 0.052587 -0.998228 -0.027836 0.052587 -0.998228 -0.027836 0.052587 -0.998228 -0.027836 0.052587 -0.998228 -0.027836 0.052587 -0.998228 -0.027836 0.063863 -0.997529 -0.029277 0.063863 -0.997529 -0.029277 0.063863 -0.997529 -0.029277 0.063863 -0.997529 -0.029277 0.063863 -0.997529 -0.029277 0.063863 -0.997529 -0.029277 0.073930 -0.996792 -0.030661 0.073930 -0.996792 -0.030661 0.073930 -0.996792 -0.030661 0.073930 -0.996792 -0.030661 0.073930 -0.996792 -0.030661 0.073930 -0.996792 -0.030661 0.082969 -0.996038 -0.031993 0.082969 -0.996038 -0.031993 0.082969 -0.996038 -0.031993 0.082969 -0.996038 -0.031993 0.082969 -0.996038 -0.031993 0.082969 -0.996038 -0.031993 0.091140 -0.995282 -0.033276 0.091140 -0.995282 -0.033276 0.091140 -0.995282 -0.033276 0.091140 -0.995282 -0.033276 0.091140 -0.995282 -0.033276 0.091140 -0.995282 -0.033276 0.098583 -0.994530 -0.034519 0.098583 -0.994530 -0.034519 0.098583 -0.994530 -0.034519 0.098583 -0.994530 -0.034519 0.098583 -0.994530 -0.034519 0.098583 -0.994530 -0.034519 0.105423 -0.993785 -0.035729 0.105423 -0.993785 -0.035729 0.105423 -0.993785 -0.035729 0.105423 -0.993785 -0.035729 0.105423 -0.993785 -0.035729 0.105423 -0.993785 -0.035729 0.111775 -0.993048 -0.036916 0.111775 -0.993048 -0.036916 0.111775 -0.993048 -0.036916 0.111775 -0.993048 -0.036916 0.111775 -0.993048 -0.036916 0.111775 -0.993048 -0.036916 0.117746 -0.992313 -0.038091 0.117746 -0.992313 -0.038091 0.117746 -0.992313 -0.038091 0.117746 -0.992313 -0.038091 0.117746 -0.992313 -0.038091 0.117746 -0.992313 -0.038091 0.123435 -0.991575 -0.039267 0.123435 -0.991575 -0.039267 0.123435 -0.991575 -0.039267 0.123435 -0.991575 -0.039267 0.123435 -0.991575 -0.039267 0.123435 -0.991575 -0.039267 0.128935 -0.990827 -0.040459 0.128935 -0.990827 -0.040459 0.128935 -0.990827 -0.040459 0.128935 -0.990827 -0.040459 0.128935 -0.990827 -0.040459 0.128935 -0.990827 -0.040459 0.134335 -0.990059 -0.041684 0.134335 -0.990059 -0.041684 0.134335 -0.990059 -0.041684 0.134335 -0.990059 -0.041684 0.134335 -0.990059 -0.041684 0.134335 -0.990059 -0.041684 0.139719 -0.989259 -0.042959 0.139719 -0.989259 -0.042959 0.139719 -0.989259 -0.042959 0.139719 -0.989259 -0.042959 0.139719 -0.989259 -0.042959 0.139719 -0.989259 -0.042959 0.145169 -0.988414 -0.044305 0.145169 -0.988414 -0.044305 0.145169 -0.988414 -0.044305 0.145169 -0.988414 -0.044305 0.145169 -0.988414 -0.044305 0.145169 -0.988414 -0.044305 0.150763 -0.987511 -0.045743 0.150763 -0.987511 -0.045743 0.150763 -0.987511 -0.045743 0.150763 -0.987511 -0.045743 0.150763 -0.987511 -0.045743 0.150763 -0.987511 -0.045743 0.156576 -0.986533 -0.047296 0.156576 -0.986533 -0.047296 0.156576 -0.986533 -0.047296 0.156576 -0.986533 -0.047296 0.156576 -0.986533 -0.047296 0.156576 -0.986533 -0.047296 0.162681 -0.985462 -0.048989 0.162681 -0.985462 -0.048989 0.162681 -0.985462 -0.048989 0.162681 -0.985462 -0.048989 0.162681 -0.985462 -0.048989 0.162681 -0.985462 -0.048989 -0.080619 -0.996523 0.021047 -0.080619 -0.996523 0.021047 -0.080619 -0.996523 0.021047 -0.080619 -0.996523 0.021047 -0.080619 -0.996523 0.021047 -0.080619 -0.996523 0.021047 0.456606 0.879611 -0.133398 0.456606 0.879611 -0.133398 0.456606 0.879611 -0.133398 0.456606 0.879611 -0.133398 0.456606 0.879611 -0.133398 0.456606 0.879611 -0.133398 0.162681 0.985462 -0.048989 0.162681 0.985462 -0.048989 0.162681 0.985462 -0.048989 0.162681 0.985462 -0.048989 0.162681 0.985462 -0.048989 0.162681 0.985462 -0.048989 0.156576 0.986533 -0.047296 0.156576 0.986533 -0.047296 0.156576 0.986533 -0.047296 0.156576 0.986533 -0.047296 0.156576 0.986533 -0.047296 0.156576 0.986533 -0.047296 0.150763 0.987511 -0.045743 0.150763 0.987511 -0.045743 0.150763 0.987511 -0.045743 0.150763 0.987511 -0.045743 0.150763 0.987511 -0.045743 0.150763 0.987511 -0.045743 0.145169 0.988414 -0.044305 0.145169 0.988414 -0.044305 0.145169 0.988414 -0.044305 0.145169 0.988414 -0.044305 0.145169 0.988414 -0.044305 0.145169 0.988414 -0.044305 0.139719 0.989259 -0.042959 0.139719 0.989259 -0.042959 0.139719 0.989259 -0.042959 0.139719 0.989259 -0.042959 0.139719 0.989259 -0.042959 0.139719 0.989259 -0.042959 0.134335 0.990059 -0.041684 0.134335 0.990059 -0.041684 0.134335 0.990059 -0.041684 0.134335 0.990059 -0.041684 0.134335 0.990059 -0.041684 0.134335 0.990059 -0.041684 0.128935 0.990827 -0.040459 0.128935 0.990827 -0.040459 0.128935 0.990827 -0.040459 0.128935 0.990827 -0.040459 0.128935 0.990827 -0.040459 0.128935 0.990827 -0.040459 0.123435 0.991575 -0.039267 0.123435 0.991575 -0.039267 0.123435 0.991575 -0.039267 0.123435 0.991575 -0.039267 0.123435 0.991575 -0.039267 0.123435 0.991575 -0.039267 0.117746 0.992313 -0.038091 0.117746 0.992313 -0.038091 0.117746 0.992313 -0.038091 0.117746 0.992313 -0.038091 0.117746 0.992313 -0.038091 0.117746 0.992313 -0.038091 0.111775 0.993048 -0.036916 0.111775 0.993048 -0.036916 0.111775 0.993048 -0.036916 0.111775 0.993048 -0.036916 0.111775 0.993048 -0.036916 0.111775 0.993048 -0.036916 0.105423 0.993785 -0.035729 0.105423 0.993785 -0.035729 0.105423 0.993785 -0.035729 0.105423 0.993785 -0.035729 0.105423 0.993785 -0.035729 0.105423 0.993785 -0.035729 0.098583 0.994530 -0.034519 0.098583 0.994530 -0.034519 0.098583 0.994530 -0.034519 0.098583 0.994530 -0.034519 0.098583 0.994530 -0.034519 0.098583 0.994530 -0.034519 0.091140 0.995282 -0.033276 0.091140 0.995282 -0.033276 0.091140 0.995282 -0.033276 0.091140 0.995282 -0.033276 0.091140 0.995282 -0.033276 0.091140 0.995282 -0.033276 0.082969 0.996038 -0.031993 0.082969 0.996038 -0.031993 0.082969 0.996038 -0.031993 0.082969 0.996038 -0.031993 0.082969 0.996038 -0.031993 0.082969 0.996038 -0.031993 0.073930 0.996792 -0.030661 0.073930 0.996792 -0.030661 0.073930 0.996792 -0.030661 0.073930 0.996792 -0.030661 0.073930 0.996792 -0.030661 0.073930 0.996792 -0.030661 0.063863 0.997529 -0.029277 0.063863 0.997529 -0.029277 0.063863 0.997529 -0.029277 0.063863 0.997529 -0.029277 0.063863 0.997529 -0.029277 0.063863 0.997529 -0.029277 0.052587 0.998228 -0.027836 0.052587 0.998228 -0.027836 0.052587 0.998228 -0.027836 0.052587 0.998228 -0.027836 0.052587 0.998228 -0.027836 0.052587 0.998228 -0.027836 0.039884 0.998857 -0.026336 0.039884 0.998857 -0.026336 0.039884 0.998857 -0.026336 0.039884 0.998857 -0.026336 0.039884 0.998857 -0.026336 0.039884 0.998857 -0.026336 0.025491 0.999368 -0.024775 0.025491 0.999368 -0.024775 0.025491 0.999368 -0.024775 0.025491 0.999368 -0.024775 0.025491 0.999368 -0.024775 0.025491 0.999368 -0.024775 0.009078 0.999691 -0.023152 0.009078 0.999691 -0.023152 0.009078 0.999691 -0.023152 0.009078 0.999691 -0.023152 0.009078 0.999691 -0.023152 0.009078 0.999691 -0.023152 -0.009786 0.999722 -0.021467 -0.009786 0.999722 -0.021467 -0.009786 0.999722 -0.021467 -0.009786 0.999722 -0.021467 -0.009786 0.999722 -0.021467 -0.009786 0.999722 -0.021467 -0.031687 0.999303 -0.019718 -0.031687 0.999303 -0.019718 -0.031687 0.999303 -0.019718 -0.031687 0.999303 -0.019718 -0.031687 0.999303 -0.019718 -0.031687 0.999303 -0.019718 -0.057467 0.998187 -0.017902 -0.057467 0.998187 -0.017902 -0.057467 0.998187 -0.017902 -0.057467 0.998187 -0.017902 -0.057467 0.998187 -0.017902 -0.057467 0.998187 -0.017902 -0.088416 0.995955 -0.016010 -0.088416 0.995955 -0.016010 -0.088416 0.995955 -0.016010 -0.088416 0.995955 -0.016010 -0.088416 0.995955 -0.016010 -0.088416 0.995955 -0.016010 -0.126678 0.991845 -0.014026 -0.126678 0.991845 -0.014026 -0.126678 0.991845 -0.014026 -0.126678 0.991845 -0.014026 -0.126678 0.991845 -0.014026 -0.126678 0.991845 -0.014026 -0.176229 0.984277 -0.011913 -0.176229 0.984277 -0.011913 -0.176229 0.984277 -0.011913 -0.176229 0.984277 -0.011913 -0.176229 0.984277 -0.011913 -0.176229 0.984277 -0.011913 -0.245730 0.969291 -0.009581 -0.245730 0.969291 -0.009581 -0.245730 0.969291 -0.009581 -0.245730 0.969291 -0.009581 -0.245730 0.969291 -0.009581 -0.245730 0.969291 -0.009581 -0.360046 0.932910 -0.006768 -0.360046 0.932910 -0.006768 -0.360046 0.932910 -0.006768 -0.360046 0.932910 -0.006768 -0.360046 0.932910 -0.006768 -0.360046 0.932910 -0.006768 -0.744926 0.667147 0.000000 -0.744926 0.667147 0.000000 -0.744926 0.667147 0.000000 -0.744926 0.667147 0.000000 -0.744926 0.667147 0.000000 -0.744926 0.667147 0.000000 -0.744926 -0.667147 0.000000 -0.744926 -0.667147 0.000000 -0.744926 -0.667147 0.000000 -0.744926 -0.667147 0.000000 -0.744926 -0.667147 0.000000 -0.744926 -0.667147 0.000000 -0.360046 -0.932910 -0.006768 -0.360046 -0.932910 -0.006768 -0.360046 -0.932910 -0.006768 -0.360046 -0.932910 -0.006768 -0.360046 -0.932910 -0.006768 -0.360046 -0.932910 -0.006768 -0.245730 -0.969291 -0.009581 -0.245730 -0.969291 -0.009581 -0.245730 -0.969291 -0.009581 -0.245730 -0.969291 -0.009581 -0.245730 -0.969291 -0.009581 -0.245730 -0.969291 -0.009581 -0.176229 -0.984277 -0.011913 -0.176229 -0.984277 -0.011913 -0.176229 -0.984277 -0.011913 -0.176229 -0.984277 -0.011913 -0.176229 -0.984277 -0.011913 -0.176229 -0.984277 -0.011913 -0.126678 -0.991845 -0.014026 -0.126678 -0.991845 -0.014026 -0.126678 -0.991845 -0.014026 -0.126678 -0.991845 -0.014026 -0.126678 -0.991845 -0.014026 -0.126678 -0.991845 -0.014026 -0.088416 -0.995955 -0.016010 -0.088416 -0.995955 -0.016010 -0.088416 -0.995955 -0.016010 -0.088416 -0.995955 -0.016010 -0.088416 -0.995955 -0.016010 -0.088416 -0.995955 -0.016010 -0.057467 -0.998187 -0.017902 -0.057467 -0.998187 -0.017902 -0.057467 -0.998187 -0.017902 -0.057467 -0.998187 -0.017902 -0.057467 -0.998187 -0.017902 -0.057467 -0.998187 -0.017902 -0.031687 -0.999303 -0.019718 -0.031687 -0.999303 -0.019718 -0.031687 -0.999303 -0.019718 -0.031687 -0.999303 -0.019718 -0.031687 -0.999303 -0.019718 -0.031687 -0.999303 -0.019718 -0.009786 -0.999722 -0.021467 -0.009786 -0.999722 -0.021467 -0.009786 -0.999722 -0.021467 -0.009786 -0.999722 -0.021467 -0.009786 -0.999722 -0.021467 -0.009786 -0.999722 -0.021467 0.009078 -0.999691 -0.023152 0.009078 -0.999691 -0.023152 0.009078 -0.999691 -0.023152 0.009078 -0.999691 -0.023152 0.009078 -0.999691 -0.023152 0.009078 -0.999691 -0.023152 0.025491 -0.999368 -0.024775 0.025491 -0.999368 -0.024775 0.025491 -0.999368 -0.024775 0.025491 -0.999368 -0.024775 0.025491 -0.999368 -0.024775 0.025491 -0.999368 -0.024775 0.039884 -0.998857 -0.026336 0.039884 -0.998857 -0.026336 0.039884 -0.998857 -0.026336 0.039884 -0.998857 -0.026336 0.039884 -0.998857 -0.026336 0.039884 -0.998857 -0.026336 0.052587 -0.998228 -0.027836 0.052587 -0.998228 -0.027836 0.052587 -0.998228 -0.027836 0.052587 -0.998228 -0.027836 0.052587 -0.998228 -0.027836 0.052587 -0.998228 -0.027836 0.063863 -0.997529 -0.029277 0.063863 -0.997529 -0.029277 0.063863 -0.997529 -0.029277 0.063863 -0.997529 -0.029277 0.063863 -0.997529 -0.029277 0.063863 -0.997529 -0.029277 0.073930 -0.996792 -0.030661 0.073930 -0.996792 -0.030661 0.073930 -0.996792 -0.030661 0.073930 -0.996792 -0.030661 0.073930 -0.996792 -0.030661 0.073930 -0.996792 -0.030661 0.082969 -0.996038 -0.031993 0.082969 -0.996038 -0.031993 0.082969 -0.996038 -0.031993 0.082969 -0.996038 -0.031993 0.082969 -0.996038 -0.031993 0.082969 -0.996038 -0.031993 0.091140 -0.995282 -0.033276 0.091140 -0.995282 -0.033276 0.091140 -0.995282 -0.033276 0.091140 -0.995282 -0.033276 0.091140 -0.995282 -0.033276 0.091140 -0.995282 -0.033276 0.098583 -0.994530 -0.034519 0.098583 -0.994530 -0.034519 0.098583 -0.994530 -0.034519 0.098583 -0.994530 -0.034519 0.098583 -0.994530 -0.034519 0.098583 -0.994530 -0.034519 0.105423 -0.993785 -0.035729 0.105423 -0.993785 -0.035729 0.105423 -0.993785 -0.035729 0.105423 -0.993785 -0.035729 0.105423 -0.993785 -0.035729 0.105423 -0.993785 -0.035729 0.111775 -0.993048 -0.036916 0.111775 -0.993048 -0.036916 0.111775 -0.993048 -0.036916 0.111775 -0.993048 -0.036916 0.111775 -0.993048 -0.036916 0.111775 -0.993048 -0.036916 0.117746 -0.992313 -0.038091 0.117746 -0.992313 -0.038091 0.117746 -0.992313 -0.038091 0.117746 -0.992313 -0.038091 0.117746 -0.992313 -0.038091 0.117746 -0.992313 -0.038091 0.123435 -0.991575 -0.039267 0.123435 -0.991575 -0.039267 0.123435 -0.991575 -0.039267 0.123435 -0.991575 -0.039267 0.123435 -0.991575 -0.039267 0.123435 -0.991575 -0.039267 0.128935 -0.990827 -0.040459 0.128935 -0.990827 -0.040459 0.128935 -0.990827 -0.040459 0.128935 -0.990827 -0.040459 0.128935 -0.990827 -0.040459 0.128935 -0.990827 -0.040459 0.134335 -0.990059 -0.041684 0.134335 -0.990059 -0.041684 0.134335 -0.990059 -0.041684 0.134335 -0.990059 -0.041684 0.134335 -0.990059 -0.041684 0.134335 -0.990059 -0.041684 0.139719 -0.989259 -0.042959 0.139719 -0.989259 -0.042959 0.139719 -0.989259 -0.042959 0.139719 -0.989259 -0.042959 0.139719 -0.989259 -0.042959 0.139719 -0.989259 -0.042959 0.145169 -0.988414 -0.044305 0.145169 -0.988414 -0.044305 0.145169 -0.988414 -0.044305 0.145169 -0.988414 -0.044305 0.145169 -0.988414 -0.044305 0.145169 -0.988414 -0.044305 0.150763 -0.987511 -0.045743 0.150763 -0.987511 -0.045743 0.150763 -0.987511 -0.045743 0.150763 -0.987511 -0.045743 0.150763 -0.987511 -0.045743 0.150763 -0.987511 -0.045743 0.156576 -0.986533 -0.047296 0.156576 -0.986533 -0.047296 0.156576 -0.986533 -0.047296 0.156576 -0.986533 -0.047296 0.156576 -0.986533 -0.047296 0.156576 -0.986533 -0.047296 0.162681 -0.985462 -0.048989 0.162681 -0.985462 -0.048989 0.162681 -0.985462 -0.048989 0.162681 -0.985462 -0.048989 0.162681 -0.985462 -0.048989 0.162681 -0.985462 -0.048989 -0.080619 -0.996523 0.021047 -0.080619 -0.996523 0.021047 -0.080619 -0.996523 0.021047 -0.080619 -0.996523 0.021047 -0.080619 -0.996523 0.021047 -0.080619 -0.996523 0.021047 0.456606 0.879611 -0.133398 0.456606 0.879611 -0.133398 0.456606 0.879611 -0.133398 0.456606 0.879611 -0.133398 0.456606 0.879611 -0.133398 0.456606 0.879611 -0.133398 0.162681 0.985462 -0.048989 0.162681 0.985462 -0.048989 0.162681 0.985462 -0.048989 0.162681 0.985462 -0.048989 0.162681 0.985462 -0.048989 0.162681 0.985462 -0.048989 0.156576 0.986533 -0.047296 0.156576 0.986533 -0.047296 0.156576 0.986533 -0.047296 0.156576 0.986533 -0.047296 0.156576 0.986533 -0.047296 0.156576 0.986533 -0.047296 0.150763 0.987511 -0.045743 0.150763 0.987511 -0.045743 0.150763 0.987511 -0.045743 0.150763 0.987511 -0.045743 0.150763 0.987511 -0.045743 0.150763 0.987511 -0.045743 0.145169 0.988414 -0.044305 0.145169 0.988414 -0.044305 0.145169 0.988414 -0.044305 0.145169 0.988414 -0.044305 0.145169 0.988414 -0.044305 0.145169 0.988414 -0.044305 0.139719 0.989259 -0.042959 0.139719 0.989259 -0.042959 0.139719 0.989259 -0.042959 0.139719 0.989259 -0.042959 0.139719 0.989259 -0.042959 0.139719 0.989259 -0.042959 0.134335 0.990059 -0.041684 0.134335 0.990059 -0.041684 0.134335 0.990059 -0.041684 0.134335 0.990059 -0.041684 0.134335 0.990059 -0.041684 0.134335 0.990059 -0.041684 0.128935 0.990827 -0.040459 0.128935 0.990827 -0.040459 0.128935 0.990827 -0.040459 0.128935 0.990827 -0.040459 0.128935 0.990827 -0.040459 0.128935 0.990827 -0.040459 0.123435 0.991575 -0.039267 0.123435 0.991575 -0.039267 0.123435 0.991575 -0.039267 0.123435 0.991575 -0.039267 0.123435 0.991575 -0.039267 0.123435 0.991575 -0.039267 0.117746 0.992313 -0.038091 0.117746 0.992313 -0.038091 0.117746 0.992313 -0.038091 0.117746 0.992313 -0.038091 0.117746 0.992313 -0.038091 0.117746 0.992313 -0.038091 0.111775 0.993048 -0.036916 0.111775 0.993048 -0.036916 0.111775 0.993048 -0.036916 0.111775 0.993048 -0.036916 0.111775 0.993048 -0.036916 0.111775 0.993048 -0.036916 0.105423 0.993785 -0.035729 0.105423 0.993785 -0.035729 0.105423 0.993785 -0.035729 0.105423 0.993785 -0.035729 0.105423 0.993785 -0.035729 0.105423 0.993785 -0.035729 0.098583 0.994530 -0.034519 0.098583 0.994530 -0.034519 0.098583 0.994530 -0.034519 0.098583 0.994530 -0.034519 0.098583 0.994530 -0.034519 0.098583 0.994530 -0.034519 0.091140 0.995282 -0.033276 0.091140 0.995282 -0.033276 0.091140 0.995282 -0.033276 0.091140 0.995282 -0.033276 0.091140 0.995282 -0.033276 0.091140 0.995282 -0.033276 0.082969 0.996038 -0.031993 0.082969 0.996038 -0.031993 0.082969 0.996038 -0.031993 0.082969 0.996038 -0.031993 0.082969 0.996038 -0.031993 0.082969 0.996038 -0.031993 0.073930 0.996792 -0.030661 0.073930 0.996792 -0.030661 0.073930 0.996792 -0.030661 0.073930 0.996792 -0.030661 0.073930 0.996792 -0.030661 0.073930 0.996792 -0.030661 0.063863 0.997529 -0.029277 0.063863 0.997529 -0.029277 0.063863 0.997529 -0.029277 0.063863 0.997529 -0.029277 0.063863 0.997529 -0.029277 0.063863 0.997529 -0.029277 0.052587 0.998228 -0.027836 0.052587 0.998228 -0.027836 0.052587 0.998228 -0.027836 0.052587 0.998228 -0.027836 0.052587 0.998228 -0.027836 0.052587 0.998228 -0.027836 0.039884 0.998857 -0.026336 0.039884 0.998857 -0.026336 0.039884 0.998857 -0.026336 0.039884 0.998857 -0.026336 0.039884 0.998857 -0.026336 0.039884 0.998857 -0.026336 0.025491 0.999368 -0.024775 0.025491 0.999368 -0.024775 0.025491 0.999368 -0.024775 0.025491 0.999368 -0.024775 0.025491 0.999368 -0.024775 0.025491 0.999368 -0.024775 0.009078 0.999691 -0.023152 0.009078 0.999691 -0.023152 0.009078 0.999691 -0.023152 0.009078 0.999691 -0.023152 0.009078 0.999691 -0.023152 0.009078 0.999691 -0.023152 -0.009786 0.999722 -0.021467 -0.009786 0.999722 -0.021467 -0.009786 0.999722 -0.021467 -0.009786 0.999722 -0.021467 -0.009786 0.999722 -0.021467 -0.009786 0.999722 -0.021467 -0.031687 0.999303 -0.019718 -0.031687 0.999303 -0.019718 -0.031687 0.999303 -0.019718 -0.031687 0.999303 -0.019718 -0.031687 0.999303 -0.019718 -0.031687 0.999303 -0.019718 -0.057467 0.998187 -0.017902 -0.057467 0.998187 -0.017902 -0.057467 0.998187 -0.017902 -0.057467 0.998187 -0.017902 -0.057467 0.998187 -0.017902 -0.057467 0.998187 -0.017902 -0.088416 0.995955 -0.016010 -0.088416 0.995955 -0.016010 -0.088416 0.995955 -0.016010 -0.088416 0.995955 -0.016010 -0.088416 0.995955 -0.016010 -0.088416 0.995955 -0.016010 -0.126678 0.991845 -0.014026 -0.126678 0.991845 -0.014026 -0.126678 0.991845 -0.014026 -0.126678 0.991845 -0.014026 -0.126678 0.991845 -0.014026 -0.126678 0.991845 -0.014026 -0.176229 0.984277 -0.011913 -0.176229 0.984277 -0.011913 -0.176229 0.984277 -0.011913 -0.176229 0.984277 -0.011913 -0.176229 0.984277 -0.011913 -0.176229 0.984277 -0.011913 -0.245730 0.969291 -0.009581 -0.245730 0.969291 -0.009581 -0.245730 0.969291 -0.009581 -0.245730 0.969291 -0.009581 -0.245730 0.969291 -0.009581 -0.245730 0.969291 -0.009581 -0.360046 0.932910 -0.006768 -0.360046 0.932910 -0.006768 -0.360046 0.932910 -0.006768 -0.360046 0.932910 -0.006768 -0.360046 0.932910 -0.006768 -0.360046 0.932910 -0.006768 -0.744926 0.667147 0.000000 -0.744926 0.667147 0.000000 -0.744926 0.667147 0.000000 -0.744926 0.667147 0.000000 -0.744926 0.667147 0.000000 -0.744926 0.667147 0.000000 -0.744926 -0.667147 0.000000 -0.744926 -0.667147 0.000000 -0.744926 -0.667147 0.000000 -0.744926 -0.667147 -0.000000 -0.744926 -0.667147 -0.000000 -0.744926 -0.667147 -0.000000 -0.360046 -0.932910 -0.006768 -0.360046 -0.932910 -0.006768 -0.360046 -0.932910 -0.006768 -0.360046 -0.932910 -0.006768 -0.360046 -0.932910 -0.006768 -0.360046 -0.932910 -0.006768 -0.245730 -0.969291 -0.009581 -0.245730 -0.969291 -0.009581 -0.245730 -0.969291 -0.009581 -0.245730 -0.969291 -0.009581 -0.245730 -0.969291 -0.009581 -0.245730 -0.969291 -0.009581 -0.176229 -0.984277 -0.011913 -0.176229 -0.984277 -0.011913 -0.176229 -0.984277 -0.011913 -0.176229 -0.984277 -0.011913 -0.176229 -0.984277 -0.011913 -0.176229 -0.984277 -0.011913 -0.126678 -0.991845 -0.014026 -0.126678 -0.991845 -0.014026 -0.126678 -0.991845 -0.014026 -0.126678 -0.991845 -0.014026 -0.126678 -0.991845 -0.014026 -0.126678 -0.991845 -0.014026 -0.088416 -0.995955 -0.016010 -0.088416 -0.995955 -0.016010 -0.088416 -0.995955 -0.016010 -0.088416 -0.995955 -0.016010 -0.088416 -0.995955 -0.016010 -0.088416 -0.995955 -0.016010 -0.057467 -0.998187 -0.017902 -0.057467 -0.998187 -0.017902 -0.057467 -0.998187 -0.017902 -0.057467 -0.998187 -0.017902 -0.057467 -0.998187 -0.017902 -0.057467 -0.998187 -0.017902 -0.031687 -0.999303 -0.019718 -0.031687 -0.999303 -0.019718 -0.031687 -0.999303 -0.019718 -0.031687 -0.999303 -0.019718 -0.031687 -0.999303 -0.019718 -0.031687 -0.999303 -0.019718 -0.009786 -0.999722 -0.021467 -0.009786 -0.999722 -0.021467 -0.009786 -0.999722 -0.021467 -0.009786 -0.999722 -0.021467 -0.009786 -0.999722 -0.021467 -0.009786 -0.999722 -0.021467 0.009078 -0.999691 -0.023152 0.009078 -0.999691 -0.023152 0.009078 -0.999691 -0.023152 0.009078 -0.999691 -0.023152 0.009078 -0.999691 -0.023152 0.009078 -0.999691 -0.023152 0.025491 -0.999368 -0.024775 0.025491 -0.999368 -0.024775 0.025491 -0.999368 -0.024775 0.025491 -0.999368 -0.024775 0.025491 -0.999368 -0.024775 0.025491 -0.999368 -0.024775 0.039884 -0.998857 -0.026336 0.039884 -0.998857 -0.026336 0.039884 -0.998857 -0.026336 0.039884 -0.998857 -0.026336 0.039884 -0.998857 -0.026336 0.039884 -0.998857 -0.026336 0.052587 -0.998228 -0.027836 0.052587 -0.998228 -0.027836 0.052587 -0.998228 -0.027836 0.052587 -0.998228 -0.027836 0.052587 -0.998228 -0.027836 0.052587 -0.998228 -0.027836 0.063863 -0.997529 -0.029277 0.063863 -0.997529 -0.029277 0.063863 -0.997529 -0.029277 0.063863 -0.997529 -0.029277 0.063863 -0.997529 -0.029277 0.063863 -0.997529 -0.029277 0.073930 -0.996792 -0.030661 0.073930 -0.996792 -0.030661 0.073930 -0.996792 -0.030661 0.073930 -0.996792 -0.030661 0.073930 -0.996792 -0.030661 0.073930 -0.996792 -0.030661 0.082969 -0.996038 -0.031993 0.082969 -0.996038 -0.031993 0.082969 -0.996038 -0.031993 0.082969 -0.996038 -0.031993 0.082969 -0.996038 -0.031993 0.082969 -0.996038 -0.031993 0.091140 -0.995282 -0.033276 0.091140 -0.995282 -0.033276 0.091140 -0.995282 -0.033276 0.091140 -0.995282 -0.033276 0.091140 -0.995282 -0.033276 0.091140 -0.995282 -0.033276 0.098583 -0.994530 -0.034519 0.098583 -0.994530 -0.034519 0.098583 -0.994530 -0.034519 0.098583 -0.994530 -0.034519 0.098583 -0.994530 -0.034519 0.098583 -0.994530 -0.034519 0.105423 -0.993785 -0.035729 0.105423 -0.993785 -0.035729 0.105423 -0.993785 -0.035729 0.105423 -0.993785 -0.035729 0.105423 -0.993785 -0.035729 0.105423 -0.993785 -0.035729 0.111775 -0.993048 -0.036916 0.111775 -0.993048 -0.036916 0.111775 -0.993048 -0.036916 0.111775 -0.993048 -0.036916 0.111775 -0.993048 -0.036916 0.111775 -0.993048 -0.036916 0.117746 -0.992313 -0.038091 0.117746 -0.992313 -0.038091 0.117746 -0.992313 -0.038091 0.117746 -0.992313 -0.038091 0.117746 -0.992313 -0.038091 0.117746 -0.992313 -0.038091 0.123435 -0.991575 -0.039267 0.123435 -0.991575 -0.039267 0.123435 -0.991575 -0.039267 0.123435 -0.991575 -0.039267 0.123435 -0.991575 -0.039267 0.123435 -0.991575 -0.039267 0.128935 -0.990827 -0.040459 0.128935 -0.990827 -0.040459 0.128935 -0.990827 -0.040459 0.128935 -0.990827 -0.040459 0.128935 -0.990827 -0.040459 0.128935 -0.990827 -0.040459 0.134335 -0.990059 -0.041684 0.134335 -0.990059 -0.041684 0.134335 -0.990059 -0.041684 0.134335 -0.990059 -0.041684 0.134335 -0.990059 -0.041684 0.134335 -0.990059 -0.041684 0.139719 -0.989259 -0.042959 0.139719 -0.989259 -0.042959 0.139719 -0.989259 -0.042959 0.139719 -0.989259 -0.042959 0.139719 -0.989259 -0.042959 0.139719 -0.989259 -0.042959 0.145169 -0.988414 -0.044305 0.145169 -0.988414 -0.044305 0.145169 -0.988414 -0.044305 0.145169 -0.988414 -0.044305 0.145169 -0.988414 -0.044305 0.145169 -0.988414 -0.044305 0.150763 -0.987511 -0.045743 0.150763 -0.987511 -0.045743 0.150763 -0.987511 -0.045743 0.150763 -0.987511 -0.045743 0.150763 -0.987511 -0.045743 0.150763 -0.987511 -0.045743 0.156576 -0.986533 -0.047296 0.156576 -0.986533 -0.047296 0.156576 -0.986533 -0.047296 0.156576 -0.986533 -0.047296 0.156576 -0.986533 -0.047296 0.156576 -0.986533 -0.047296 0.162681 -0.985462 -0.048989 0.162681 -0.985462 -0.048989 0.162681 -0.985462 -0.048989 0.162681 -0.985462 -0.048989 0.162681 -0.985462 -0.048989 0.162681 -0.985462 -0.048989 -0.080619 -0.996523 0.021047 -0.080619 -0.996523 0.021047 -0.080619 -0.996523 0.021047 -0.080619 -0.996523 0.021047 -0.080619 -0.996523 0.021047 -0.080619 -0.996523 0.021047 0.456606 0.879611 -0.133398 0.456606 0.879611 -0.133398 0.456606 0.879611 -0.133398 0.456606 0.879611 -0.133398 0.456606 0.879611 -0.133398 0.456606 0.879611 -0.133398 0.162681 0.985462 -0.048989 0.162681 0.985462 -0.048989 0.162681 0.985462 -0.048989 0.162681 0.985462 -0.048989 0.162681 0.985462 -0.048989 0.162681 0.985462 -0.048989 0.156576 0.986533 -0.047296 0.156576 0.986533 -0.047296 0.156576 0.986533 -0.047296 0.156576 0.986533 -0.047296 0.156576 0.986533 -0.047296 0.156576 0.986533 -0.047296 0.150763 0.987511 -0.045743 0.150763 0.987511 -0.045743 0.150763 0.987511 -0.045743 0.150763 0.987511 -0.045743 0.150763 0.987511 -0.045743 0.150763 0.987511 -0.045743 0.145169 0.988414 -0.044305 0.145169 0.988414 -0.044305 0.145169 0.988414 -0.044305 0.145169 0.988414 -0.044305 0.145169 0.988414 -0.044305 0.145169 0.988414 -0.044305 0.139719 0.989259 -0.042959 0.139719 0.989259 -0.042959 0.139719 0.989259 -0.042959 0.139719 0.989259 -0.042959 0.139719 0.989259 -0.042959 0.139719 0.989259 -0.042959 0.134335 0.990059 -0.041684 0.134335 0.990059 -0.041684 0.134335 0.990059 -0.041684 0.134335 0.990059 -0.041684 0.134335 0.990059 -0.041684 0.134335 0.990059 -0.041684 0.128935 0.990827 -0.040459 0.128935 0.990827 -0.040459 0.128935 0.990827 -0.040459 0.128935 0.990827 -0.040459 0.128935 0.990827 -0.040459 0.128935 0.990827 -0.040459 0.123435 0.991575 -0.039267 0.123435 0.991575 -0.039267 0.123435 0.991575 -0.039267 0.123435 0.991575 -0.039267 0.123435 0.991575 -0.039267 0.123435 0.991575 -0.039267 0.117746 0.992313 -0.038091 0.117746 0.992313 -0.038091 0.117746 0.992313 -0.038091 0.117746 0.992313 -0.038091 0.117746 0.992313 -0.038091 0.117746 0.992313 -0.038091 0.111775 0.993048 -0.036916 0.111775 0.993048 -0.036916 0.111775 0.993048 -0.036916 0.111775 0.993048 -0.036916 0.111775 0.993048 -0.036916 0.111775 0.993048 -0.036916 0.105423 0.993785 -0.035729 0.105423 0.993785 -0.035729 0.105423 0.993785 -0.035729 0.105423 0.993785 -0.035729 0.105423 0.993785 -0.035729 0.105423 0.993785 -0.035729 0.098583 0.994530 -0.034519 0.098583 0.994530 -0.034519 0.098583 0.994530 -0.034519 0.098583 0.994530 -0.034519 0.098583 0.994530 -0.034519 0.098583 0.994530 -0.034519 0.091140 0.995282 -0.033276 0.091140 0.995282 -0.033276 0.091140 0.995282 -0.033276 0.091140 0.995282 -0.033276 0.091140 0.995282 -0.033276 0.091140 0.995282 -0.033276 0.082969 0.996038 -0.031993 0.082969 0.996038 -0.031993 0.082969 0.996038 -0.031993 0.082969 0.996038 -0.031993 0.082969 0.996038 -0.031993 0.082969 0.996038 -0.031993 0.073930 0.996792 -0.030661 0.073930 0.996792 -0.030661 0.073930 0.996792 -0.030661 0.073930 0.996792 -0.030661 0.073930 0.996792 -0.030661 0.073930 0.996792 -0.030661 0.063863 0.997529 -0.029277 0.063863 0.997529 -0.029277 0.063863 0.997529 -0.029277 0.063863 0.997529 -0.029277 0.063863 0.997529 -0.029277 0.063863 0.997529 -0.029277 0.052587 0.998228 -0.027836 0.052587 0.998228 -0.027836 0.052587 0.998228 -0.027836 0.052587 0.998228 -0.027836 0.052587 0.998228 -0.027836 0.052587 0.998228 -0.027836 0.039884 0.998857 -0.026336 0.039884 0.998857 -0.026336 0.039884 0.998857 -0.026336 0.039884 0.998857 -0.026336 0.039884 0.998857 -0.026336 0.039884 0.998857 -0.026336 0.025491 0.999368 -0.024775 0.025491 0.999368 -0.024775 0.025491 0.999368 -0.024775 0.025491 0.999368 -0.024775 0.025491 0.999368 -0.024775 0.025491 0.999368 -0.024775 0.009078 0.999691 -0.023152 0.009078 0.999691 -0.023152 0.009078 0.999691 -0.023152 0.009078 0.999691 -0.023152 0.009078 0.999691 -0.023152 0.009078 0.999691 -0.023152 -0.009786 0.999722 -0.021467 -0.009786 0.999722 -0.021467 -0.009786 0.999722 -0.021467 -0.009786 0.999722 -0.021467 -0.009786 0.999722 -0.021467 -0.009786 0.999722 -0.021467 -0.031687 0.999303 -0.019718 -0.031687 0.999303 -0.019718 -0.031687 0.999303 -0.019718 -0.031687 0.999303 -0.019718 -0.031687 0.999303 -0.019718 -0.031687 0.999303 -0.019718 -0.057467 0.998187 -0.017902 -0.057467 0.998187 -0.017902 -0.057467 0.998187 -0.017902 -0.057467 0.998187 -0.017902 -0.057467 0.998187 -0.017902 -0.057467 0.998187 -0.017902 -0.088416 0.995955 -0.016010 -0.088416 0.995955 -0.016010 -0.088416 0.995955 -0.016010 -0.088416 0.995955 -0.016010 -0.088416 0.995955 -0.016010 -0.088416 0.995955 -0.016010 -0.126678 0.991845 -0.014026 -0.126678 0.991845 -0.014026 -0.126678 0.991845 -0.014026 -0.126678 0.991845 -0.014026 -0.126678 0.991845 -0.014026 -0.126678 0.991845 -0.014026 -0.176229 0.984277 -0.011913 -0.176229 0.984277 -0.011913 -0.176229 0.984277 -0.011913 -0.176229 0.984277 -0.011913 -0.176229 0.984277 -0.011913 -0.176229 0.984277 -0.011913 -0.245730 0.969291 -0.009581 -0.245730 0.969291 -0.009581 -0.245730 0.969291 -0.009581 -0.245730 0.969291 -0.009581 -0.245730 0.969291 -0.009581 -0.245730 0.969291 -0.009581 -0.360046 0.932910 -0.006768 -0.360046 0.932910 -0.006768 -0.360046 0.932910 -0.006768 -0.360046 0.932910 -0.006768 -0.360046 0.932910 -0.006768 -0.360046 0.932910 -0.006768 -0.744926 0.667147 -0.000000 -0.744926 0.667147 -0.000000 -0.744926 0.667147 -0.000000 -0.744926 0.667147 0.000000 -0.744926 0.667147 0.000000 -0.744926 0.667147 0.000000 -0.744926 -0.667147 0.000000 -0.744926 -0.667147 0.000000 -0.744926 -0.667147 0.000000 -0.744926 -0.667147 0.000000 -0.744926 -0.667147 0.000000 -0.744926 -0.667147 0.000000 -0.360046 -0.932910 -0.006768 -0.360046 -0.932910 -0.006768 -0.360046 -0.932910 -0.006768 -0.360046 -0.932910 -0.006768 -0.360046 -0.932910 -0.006768 -0.360046 -0.932910 -0.006768 -0.245730 -0.969291 -0.009581 -0.245730 -0.969291 -0.009581 -0.245730 -0.969291 -0.009581 -0.245730 -0.969291 -0.009581 -0.245730 -0.969291 -0.009581 -0.245730 -0.969291 -0.009581 -0.176229 -0.984277 -0.011913 -0.176229 -0.984277 -0.011913 -0.176229 -0.984277 -0.011913 -0.176229 -0.984277 -0.011913 -0.176229 -0.984277 -0.011913 -0.176229 -0.984277 -0.011913 -0.126678 -0.991845 -0.014026 -0.126678 -0.991845 -0.014026 -0.126678 -0.991845 -0.014026 -0.126678 -0.991845 -0.014026 -0.126678 -0.991845 -0.014026 -0.126678 -0.991845 -0.014026 -0.088416 -0.995955 -0.016010 -0.088416 -0.995955 -0.016010 -0.088416 -0.995955 -0.016010 -0.088416 -0.995955 -0.016010 -0.088416 -0.995955 -0.016010 -0.088416 -0.995955 -0.016010 -0.057467 -0.998187 -0.017902 -0.057467 -0.998187 -0.017902 -0.057467 -0.998187 -0.017902 -0.057467 -0.998187 -0.017902 -0.057467 -0.998187 -0.017902 -0.057467 -0.998187 -0.017902 -0.031687 -0.999303 -0.019718 -0.031687 -0.999303 -0.019718 -0.031687 -0.999303 -0.019718 -0.031687 -0.999303 -0.019718 -0.031687 -0.999303 -0.019718 -0.031687 -0.999303 -0.019718 -0.009786 -0.999722 -0.021467 -0.009786 -0.999722 -0.021467 -0.009786 -0.999722 -0.021467 -0.009786 -0.999722 -0.021467 -0.009786 -0.999722 -0.021467 -0.009786 -0.999722 -0.021467 0.009078 -0.999691 -0.023152 0.009078 -0.999691 -0.023152 0.009078 -0.999691 -0.023152 0.009078 -0.999691 -0.023152 0.009078 -0.999691 -0.023152 0.009078 -0.999691 -0.023152 0.025491 -0.999368 -0.024775 0.025491 -0.999368 -0.024775 0.025491 -0.999368 -0.024775 0.025491 -0.999368 -0.024775 0.025491 -0.999368 -0.024775 0.025491 -0.999368 -0.024775 0.039884 -0.998857 -0.026336 0.039884 -0.998857 -0.026336 0.039884 -0.998857 -0.026336 0.039884 -0.998857 -0.026336 0.039884 -0.998857 -0.026336 0.039884 -0.998857 -0.026336 0.052587 -0.998228 -0.027836 0.052587 -0.998228 -0.027836 0.052587 -0.998228 -0.027836 0.052587 -0.998228 -0.027836 0.052587 -0.998228 -0.027836 0.052587 -0.998228 -0.027836 0.063863 -0.997529 -0.029277 0.063863 -0.997529 -0.029277 0.063863 -0.997529 -0.029277 0.063863 -0.997529 -0.029277 0.063863 -0.997529 -0.029277 0.063863 -0.997529 -0.029277 0.073930 -0.996792 -0.030661 0.073930 -0.996792 -0.030661 0.073930 -0.996792 -0.030661 0.073930 -0.996792 -0.030661 0.073930 -0.996792 -0.030661 0.073930 -0.996792 -0.030661 0.082969 -0.996038 -0.031993 0.082969 -0.996038 -0.031993 0.082969 -0.996038 -0.031993 0.082969 -0.996038 -0.031993 0.082969 -0.996038 -0.031993 0.082969 -0.996038 -0.031993 0.091140 -0.995282 -0.033276 0.091140 -0.995282 -0.033276 0.091140 -0.995282 -0.033276 0.091140 -0.995282 -0.033276 0.091140 -0.995282 -0.033276 0.091140 -0.995282 -0.033276 0.098583 -0.994530 -0.034519 0.098583 -0.994530 -0.034519 0.098583 -0.994530 -0.034519 0.098583 -0.994530 -0.034519 0.098583 -0.994530 -0.034519 0.098583 -0.994530 -0.034519 0.105423 -0.993785 -0.035729 0.105423 -0.993785 -0.035729 0.105423 -0.993785 -0.035729 0.105423 -0.993785 -0.035729 0.105423 -0.993785 -0.035729 0.105423 -0.993785 -0.035729 0.111775 -0.993048 -0.036916 0.111775 -0.993048 -0.036916 0.111775 -0.993048 -0.036916 0.111775 -0.993048 -0.036916 0.111775 -0.993048 -0.036916 0.111775 -0.993048 -0.036916 0.117746 -0.992313 -0.038091 0.117746 -0.992313 -0.038091 0.117746 -0.992313 -0.038091 0.117746 -0.992313 -0.038091 0.117746 -0.992313 -0.038091 0.117746 -0.992313 -0.038091 0.123435 -0.991575 -0.039267 0.123435 -0.991575 -0.039267 0.123435 -0.991575 -0.039267 0.123435 -0.991575 -0.039267 0.123435 -0.991575 -0.039267 0.123435 -0.991575 -0.039267 0.128935 -0.990827 -0.040459 0.128935 -0.990827 -0.040459 0.128935 -0.990827 -0.040459 0.128935 -0.990827 -0.040459 0.128935 -0.990827 -0.040459 0.128935 -0.990827 -0.040459 0.134335 -0.990059 -0.041684 0.134335 -0.990059 -0.041684 0.134335 -0.990059 -0.041684 0.134335 -0.990059 -0.041684 0.134335 -0.990059 -0.041684 0.134335 -0.990059 -0.041684 0.139719 -0.989259 -0.042959 0.139719 -0.989259 -0.042959 0.139719 -0.989259 -0.042959 0.139719 -0.989259 -0.042959 0.139719 -0.989259 -0.042959 0.139719 -0.989259 -0.042959 0.145169 -0.988414 -0.044305 0.145169 -0.988414 -0.044305 0.145169 -0.988414 -0.044305 0.145169 -0.988414 -0.044305 0.145169 -0.988414 -0.044305 0.145169 -0.988414 -0.044305 0.150763 -0.987511 -0.045743 0.150763 -0.987511 -0.045743 0.150763 -0.987511 -0.045743 0.150763 -0.987511 -0.045743 0.150763 -0.987511 -0.045743 0.150763 -0.987511 -0.045743 0.156576 -0.986533 -0.047296 0.156576 -0.986533 -0.047296 0.156576 -0.986533 -0.047296 0.156576 -0.986533 -0.047296 0.156576 -0.986533 -0.047296 0.156576 -0.986533 -0.047296 0.162681 -0.985462 -0.048989 0.162681 -0.985462 -0.048989 0.162681 -0.985462 -0.048989 0.162681 -0.985462 -0.048989 0.162681 -0.985462 -0.048989 0.162681 -0.985462 -0.048989 -0.080619 -0.996523 0.021047 -0.080619 -0.996523 0.021047 -0.080619 -0.996523 0.021047 -0.080619 -0.996523 0.021047 -0.080619 -0.996523 0.021047 -0.080619 -0.996523 0.021047 0.456606 0.879611 -0.133398 0.456606 0.879611 -0.133398 0.456606 0.879611 -0.133398 0.456606 0.879611 -0.133398 0.456606 0.879611 -0.133398 0.456606 0.879611 -0.133398 0.162681 0.985462 -0.048989 0.162681 0.985462 -0.048989 0.162681 0.985462 -0.048989 0.162681 0.985462 -0.048989 0.162681 0.985462 -0.048989 0.162681 0.985462 -0.048989 0.156576 0.986533 -0.047296 0.156576 0.986533 -0.047296 0.156576 0.986533 -0.047296 0.156576 0.986533 -0.047296 0.156576 0.986533 -0.047296 0.156576 0.986533 -0.047296 0.150763 0.987511 -0.045743 0.150763 0.987511 -0.045743 0.150763 0.987511 -0.045743 0.150763 0.987511 -0.045743 0.150763 0.987511 -0.045743 0.150763 0.987511 -0.045743 0.145169 0.988414 -0.044305 0.145169 0.988414 -0.044305 0.145169 0.988414 -0.044305 0.145169 0.988414 -0.044305 0.145169 0.988414 -0.044305 0.145169 0.988414 -0.044305 0.139719 0.989259 -0.042959 0.139719 0.989259 -0.042959 0.139719 0.989259 -0.042959 0.139719 0.989259 -0.042959 0.139719 0.989259 -0.042959 0.139719 0.989259 -0.042959 0.134335 0.990059 -0.041684 0.134335 0.990059 -0.041684 0.134335 0.990059 -0.041684 0.134335 0.990059 -0.041684 0.134335 0.990059 -0.041684 0.134335 0.990059 -0.041684 0.128935 0.990827 -0.040459 0.128935 0.990827 -0.040459 0.128935 0.990827 -0.040459 0.128935 0.990827 -0.040459 0.128935 0.990827 -0.040459 0.128935 0.990827 -0.040459 0.123435 0.991575 -0.039267 0.123435 0.991575 -0.039267 0.123435 0.991575 -0.039267 0.123435 0.991575 -0.039267 0.123435 0.991575 -0.039267 0.123435 0.991575 -0.039267 0.117746 0.992313 -0.038091 0.117746 0.992313 -0.038091 0.117746 0.992313 -0.038091 0.117746 0.992313 -0.038091 0.117746 0.992313 -0.038091 0.117746 0.992313 -0.038091 0.111775 0.993048 -0.036916 0.111775 0.993048 -0.036916 0.111775 0.993048 -0.036916 0.111775 0.993048 -0.036916 0.111775 0.993048 -0.036916 0.111775 0.993048 -0.036916 0.105423 0.993785 -0.035729 0.105423 0.993785 -0.035729 0.105423 0.993785 -0.035729 0.105423 0.993785 -0.035729 0.105423 0.993785 -0.035729 0.105423 0.993785 -0.035729 0.098583 0.994530 -0.034519 0.098583 0.994530 -0.034519 0.098583 0.994530 -0.034519 0.098583 0.994530 -0.034519 0.098583 0.994530 -0.034519 0.098583 0.994530 -0.034519 0.091140 0.995282 -0.033276 0.091140 0.995282 -0.033276 0.091140 0.995282 -0.033276 0.091140 0.995282 -0.033276 0.091140 0.995282 -0.033276 0.091140 0.995282 -0.033276 0.082969 0.996038 -0.031993 0.082969 0.996038 -0.031993 0.082969 0.996038 -0.031993 0.082969 0.996038 -0.031993 0.082969 0.996038 -0.031993 0.082969 0.996038 -0.031993 0.073930 0.996792 -0.030661 0.073930 0.996792 -0.030661 0.073930 0.996792 -0.030661 0.073930 0.996792 -0.030661 0.073930 0.996792 -0.030661 0.073930 0.996792 -0.030661 0.063863 0.997529 -0.029277 0.063863 0.997529 -0.029277 0.063863 0.997529 -0.029277 0.063863 0.997529 -0.029277 0.063863 0.997529 -0.029277 0.063863 0.997529 -0.029277 0.052587 0.998228 -0.027836 0.052587 0.998228 -0.027836 0.052587 0.998228 -0.027836 0.052587 0.998228 -0.027836 0.052587 0.998228 -0.027836 0.052587 0.998228 -0.027836 0.039884 0.998857 -0.026336 0.039884 0.998857 -0.026336 0.039884 0.998857 -0.026336 0.039884 0.998857 -0.026336 0.039884 0.998857 -0.026336 0.039884 0.998857 -0.026336 0.025491 0.999368 -0.024775 0.025491 0.999368 -0.024775 0.025491 0.999368 -0.024775 0.025491 0.999368 -0.024775 0.025491 0.999368 -0.024775 0.025491 0.999368 -0.024775 0.009078 0.999691 -0.023152 0.009078 0.999691 -0.023152 0.009078 0.999691 -0.023152 0.009078 0.999691 -0.023152 0.009078 0.999691 -0.023152 0.009078 0.999691 -0.023152 -0.009786 0.999722 -0.021467 -0.009786 0.999722 -0.021467 -0.009786 0.999722 -0.021467 -0.009786 0.999722 -0.021467 -0.009786 0.999722 -0.021467 -0.009786 0.999722 -0.021467 -0.031687 0.999303 -0.019718 -0.031687 0.999303 -0.019718 -0.031687 0.999303 -0.019718 -0.031687 0.999303 -0.019718 -0.031687 0.999303 -0.019718 -0.031687 0.999303 -0.019718 -0.057467 0.998187 -0.017902 -0.057467 0.998187 -0.017902 -0.057467 0.998187 -0.017902 -0.057467 0.998187 -0.017902 -0.057467 0.998187 -0.017902 -0.057467 0.998187 -0.017902 -0.088416 0.995955 -0.016010 -0.088416 0.995955 -0.016010 -0.088416 0.995955 -0.016010 -0.088416 0.995955 -0.016010 -0.088416 0.995955 -0.016010 -0.088416 0.995955 -0.016010 -0.126678 0.991845 -0.014026 -0.126678 0.991845 -0.014026 -0.126678 0.991845 -0.014026 -0.126678 0.991845 -0.014026 -0.126678 0.991845 -0.014026 -0.126678 0.991845 -0.014026 -0.176229 0.984277 -0.011913 -0.176229 0.984277 -0.011913 -0.176229 0.984277 -0.011913 -0.176229 0.984277 -0.011913 -0.176229 0.984277 -0.011913 -0.176229 0.984277 -0.011913 -0.245730 0.969291 -0.009581 -0.245730 0.969291 -0.009581 -0.245730 0.969291 -0.009581 -0.245730 0.969291 -0.009581 -0.245730 0.969291 -0.009581 -0.245730 0.969291 -0.009581 -0.360046 0.932910 -0.006768 -0.360046 0.932910 -0.006768 -0.360046 0.932910 -0.006768 -0.360046 0.932910 -0.006768 -0.360046 0.932910 -0.006768 -0.360046 0.932910 -0.006768 -0.744926 0.667147 0.000000 -0.744926 0.667147 0.000000 -0.744926 0.667147 0.000000 -0.744926 0.667147 0.000000 -0.744926 0.667147 0.000000 -0.744926 0.667147 0.000000 -0.744926 -0.667147 0.000000 -0.744926 -0.667147 0.000000 -0.744926 -0.667147 0.000000 -0.744926 -0.667147 0.000000 -0.744926 -0.667147 0.000000 -0.744926 -0.667147 0.000000 -0.360046 -0.932910 -0.006768 -0.360046 -0.932910 -0.006768 -0.360046 -0.932910 -0.006768 -0.360046 -0.932910 -0.006768 -0.360046 -0.932910 -0.006768 -0.360046 -0.932910 -0.006768 -0.245730 -0.969291 -0.009581 -0.245730 -0.969291 -0.009581 -0.245730 -0.969291 -0.009581 -0.245730 -0.969291 -0.009581 -0.245730 -0.969291 -0.009581 -0.245730 -0.969291 -0.009581 -0.176229 -0.984277 -0.011913 -0.176229 -0.984277 -0.011913 -0.176229 -0.984277 -0.011913 -0.176229 -0.984277 -0.011913 -0.176229 -0.984277 -0.011913 -0.176229 -0.984277 -0.011913 -0.126678 -0.991845 -0.014026 -0.126678 -0.991845 -0.014026 -0.126678 -0.991845 -0.014026 -0.126678 -0.991845 -0.014026 -0.126678 -0.991845 -0.014026 -0.126678 -0.991845 -0.014026 -0.088416 -0.995955 -0.016010 -0.088416 -0.995955 -0.016010 -0.088416 -0.995955 -0.016010 -0.088416 -0.995955 -0.016010 -0.088416 -0.995955 -0.016010 -0.088416 -0.995955 -0.016010 -0.057467 -0.998187 -0.017902 -0.057467 -0.998187 -0.017902 -0.057467 -0.998187 -0.017902 -0.057467 -0.998187 -0.017902 -0.057467 -0.998187 -0.017902 -0.057467 -0.998187 -0.017902 -0.031687 -0.999303 -0.019718 -0.031687 -0.999303 -0.019718 -0.031687 -0.999303 -0.019718 -0.031687 -0.999303 -0.019718 -0.031687 -0.999303 -0.019718 -0.031687 -0.999303 -0.019718 -0.009786 -0.999722 -0.021467 -0.009786 -0.999722 -0.021467 -0.009786 -0.999722 -0.021467 -0.009786 -0.999722 -0.021467 -0.009786 -0.999722 -0.021467 -0.009786 -0.999722 -0.021467 0.009078 -0.999691 -0.023152 0.009078 -0.999691 -0.023152 0.009078 -0.999691 -0.023152 0.009078 -0.999691 -0.023152 0.009078 -0.999691 -0.023152 0.009078 -0.999691 -0.023152 0.025491 -0.999368 -0.024775 0.025491 -0.999368 -0.024775 0.025491 -0.999368 -0.024775 0.025491 -0.999368 -0.024775 0.025491 -0.999368 -0.024775 0.025491 -0.999368 -0.024775 0.039884 -0.998857 -0.026336 0.039884 -0.998857 -0.026336 0.039884 -0.998857 -0.026336 0.039884 -0.998857 -0.026336 0.039884 -0.998857 -0.026336 0.039884 -0.998857 -0.026336 0.052587 -0.998228 -0.027836 0.052587 -0.998228 -0.027836 0.052587 -0.998228 -0.027836 0.052587 -0.998228 -0.027836 0.052587 -0.998228 -0.027836 0.052587 -0.998228 -0.027836 0.063863 -0.997529 -0.029277 0.063863 -0.997529 -0.029277 0.063863 -0.997529 -0.029277 0.063863 -0.997529 -0.029277 0.063863 -0.997529 -0.029277 0.063863 -0.997529 -0.029277 0.073930 -0.996792 -0.030661 0.073930 -0.996792 -0.030661 0.073930 -0.996792 -0.030661 0.073930 -0.996792 -0.030661 0.073930 -0.996792 -0.030661 0.073930 -0.996792 -0.030661 0.082969 -0.996038 -0.031993 0.082969 -0.996038 -0.031993 0.082969 -0.996038 -0.031993 0.082969 -0.996038 -0.031993 0.082969 -0.996038 -0.031993 0.082969 -0.996038 -0.031993 0.091140 -0.995282 -0.033276 0.091140 -0.995282 -0.033276 0.091140 -0.995282 -0.033276 0.091140 -0.995282 -0.033276 0.091140 -0.995282 -0.033276 0.091140 -0.995282 -0.033276 0.098583 -0.994530 -0.034519 0.098583 -0.994530 -0.034519 0.098583 -0.994530 -0.034519 0.098583 -0.994530 -0.034519 0.098583 -0.994530 -0.034519 0.098583 -0.994530 -0.034519 0.105423 -0.993785 -0.035729 0.105423 -0.993785 -0.035729 0.105423 -0.993785 -0.035729 0.105423 -0.993785 -0.035729 0.105423 -0.993785 -0.035729 0.105423 -0.993785 -0.035729 0.111775 -0.993048 -0.036916 0.111775 -0.993048 -0.036916 0.111775 -0.993048 -0.036916 0.111775 -0.993048 -0.036916 0.111775 -0.993048 -0.036916 0.111775 -0.993048 -0.036916 0.117746 -0.992313 -0.038091 0.117746 -0.992313 -0.038091 0.117746 -0.992313 -0.038091 0.117746 -0.992313 -0.038091 0.117746 -0.992313 -0.038091 0.117746 -0.992313 -0.038091 0.123435 -0.991575 -0.039267 0.123435 -0.991575 -0.039267 0.123435 -0.991575 -0.039267 0.123435 -0.991575 -0.039267 0.123435 -0.991575 -0.039267 0.123435 -0.991575 -0.039267 0.128935 -0.990827 -0.040459 0.128935 -0.990827 -0.040459 0.128935 -0.990827 -0.040459 0.128935 -0.990827 -0.040459 0.128935 -0.990827 -0.040459 0.128935 -0.990827 -0.040459 0.134335 -0.990059 -0.041684 0.134335 -0.990059 -0.041684 0.134335 -0.990059 -0.041684 0.134335 -0.990059 -0.041684 0.134335 -0.990059 -0.041684 0.134335 -0.990059 -0.041684 0.139719 -0.989259 -0.042959 0.139719 -0.989259 -0.042959 0.139719 -0.989259 -0.042959 0.139719 -0.989259 -0.042959 0.139719 -0.989259 -0.042959 0.139719 -0.989259 -0.042959 0.145169 -0.988414 -0.044305 0.145169 -0.988414 -0.044305 0.145169 -0.988414 -0.044305 0.145169 -0.988414 -0.044305 0.145169 -0.988414 -0.044305 0.145169 -0.988414 -0.044305 0.150763 -0.987511 -0.045743 0.150763 -0.987511 -0.045743 0.150763 -0.987511 -0.045743 0.150763 -0.987511 -0.045743 0.150763 -0.987511 -0.045743 0.150763 -0.987511 -0.045743 0.156576 -0.986533 -0.047296 0.156576 -0.986533 -0.047296 0.156576 -0.986533 -0.047296 0.156576 -0.986533 -0.047296 0.156576 -0.986533 -0.047296 0.156576 -0.986533 -0.047296 0.162681 -0.985462 -0.048989 0.162681 -0.985462 -0.048989 0.162681 -0.985462 -0.048989 0.162681 -0.985462 -0.048989 0.162681 -0.985462 -0.048989 0.162681 -0.985462 -0.048989 -0.080619 -0.996523 0.021047 -0.080619 -0.996523 0.021047 -0.080619 -0.996523 0.021047 -0.080619 -0.996523 0.021047 -0.080619 -0.996523 0.021047 -0.080619 -0.996523 0.021047 0.456606 0.879611 -0.133398 0.456606 0.879611 -0.133398 0.456606 0.879611 -0.133398 0.456606 0.879611 -0.133398 0.456606 0.879611 -0.133398 0.456606 0.879611 -0.133398 0.162681 0.985462 -0.048989 0.162681 0.985462 -0.048989 0.162681 0.985462 -0.048989 0.162681 0.985462 -0.048989 0.162681 0.985462 -0.048989 0.162681 0.985462 -0.048989 0.156576 0.986533 -0.047296 0.156576 0.986533 -0.047296 0.156576 0.986533 -0.047296 0.156576 0.986533 -0.047296 0.156576 0.986533 -0.047296 0.156576 0.986533 -0.047296 0.150763 0.987511 -0.045743 0.150763 0.987511 -0.045743 0.150763 0.987511 -0.045743 0.150763 0.987511 -0.045743 0.150763 0.987511 -0.045743 0.150763 0.987511 -0.045743 0.145169 0.988414 -0.044305 0.145169 0.988414 -0.044305 0.145169 0.988414 -0.044305 0.145169 0.988414 -0.044305 0.145169 0.988414 -0.044305 0.145169 0.988414 -0.044305 0.139719 0.989259 -0.042959 0.139719 0.989259 -0.042959 0.139719 0.989259 -0.042959 0.139719 0.989259 -0.042959 0.139719 0.989259 -0.042959 0.139719 0.989259 -0.042959 0.134335 0.990059 -0.041684 0.134335 0.990059 -0.041684 0.134335 0.990059 -0.041684 0.134335 0.990059 -0.041684 0.134335 0.990059 -0.041684 0.134335 0.990059 -0.041684 0.128935 0.990827 -0.040459 0.128935 0.990827 -0.040459 0.128935 0.990827 -0.040459 0.128935 0.990827 -0.040459 0.128935 0.990827 -0.040459 0.128935 0.990827 -0.040459 0.123435 0.991575 -0.039267 0.123435 0.991575 -0.039267 0.123435 0.991575 -0.039267 0.123435 0.991575 -0.039267 0.123435 0.991575 -0.039267 0.123435 0.991575 -0.039267 0.117746 0.992313 -0.038091 0.117746 0.992313 -0.038091 0.117746 0.992313 -0.038091 0.117746 0.992313 -0.038091 0.117746 0.992313 -0.038091 0.117746 0.992313 -0.038091 0.111775 0.993048 -0.036916 0.111775 0.993048 -0.036916 0.111775 0.993048 -0.036916 0.111775 0.993048 -0.036916 0.111775 0.993048 -0.036916 0.111775 0.993048 -0.036916 0.105423 0.993785 -0.035729 0.105423 0.993785 -0.035729 0.105423 0.993785 -0.035729 0.105423 0.993785 -0.035729 0.105423 0.993785 -0.035729 0.105423 0.993785 -0.035729 0.098583 0.994530 -0.034519 0.098583 0.994530 -0.034519 0.098583 0.994530 -0.034519 0.098583 0.994530 -0.034519 0.098583 0.994530 -0.034519 0.098583 0.994530 -0.034519 0.091140 0.995282 -0.033276 0.091140 0.995282 -0.033276 0.091140 0.995282 -0.033276 0.091140 0.995282 -0.033276 0.091140 0.995282 -0.033276 0.091140 0.995282 -0.033276 0.082969 0.996038 -0.031993 0.082969 0.996038 -0.031993 0.082969 0.996038 -0.031993 0.082969 0.996038 -0.031993 0.082969 0.996038 -0.031993 0.082969 0.996038 -0.031993 0.073930 0.996792 -0.030661 0.073930 0.996792 -0.030661 0.073930 0.996792 -0.030661 0.073930 0.996792 -0.030661 0.073930 0.996792 -0.030661 0.073930 0.996792 -0.030661 0.063863 0.997529 -0.029277 0.063863 0.997529 -0.029277 0.063863 0.997529 -0.029277 0.063863 0.997529 -0.029277 0.063863 0.997529 -0.029277 0.063863 0.997529 -0.029277 0.052587 0.998228 -0.027836 0.052587 0.998228 -0.027836 0.052587 0.998228 -0.027836 0.052587 0.998228 -0.027836 0.052587 0.998228 -0.027836 0.052587 0.998228 -0.027836 0.039884 0.998857 -0.026336 0.039884 0.998857 -0.026336 0.039884 0.998857 -0.026336 0.039884 0.998857 -0.026336 0.039884 0.998857 -0.026336 0.039884 0.998857 -0.026336 0.025491 0.999368 -0.024775 0.025491 0.999368 -0.024775 0.025491 0.999368 -0.024775 0.025491 0.999368 -0.024775 0.025491 0.999368 -0.024775 0.025491 0.999368 -0.024775 0.009078 0.999691 -0.023152 0.009078 0.999691 -0.023152 0.009078 0.999691 -0.023152 0.009078 0.999691 -0.023152 0.009078 0.999691 -0.023152 0.009078 0.999691 -0.023152 -0.009786 0.999722 -0.021467 -0.009786 0.999722 -0.021467 -0.009786 0.999722 -0.021467 -0.009786 0.999722 -0.021467 -0.009786 0.999722 -0.021467 -0.009786 0.999722 -0.021467 -0.031687 0.999303 -0.019718 -0.031687 0.999303 -0.019718 -0.031687 0.999303 -0.019718 -0.031687 0.999303 -0.019718 -0.031687 0.999303 -0.019718 -0.031687 0.999303 -0.019718 -0.057467 0.998187 -0.017902 -0.057467 0.998187 -0.017902 -0.057467 0.998187 -0.017902 -0.057467 0.998187 -0.017902 -0.057467 0.998187 -0.017902 -0.057467 0.998187 -0.017902 -0.088416 0.995955 -0.016010 -0.088416 0.995955 -0.016010 -0.088416 0.995955 -0.016010 -0.088416 0.995955 -0.016010 -0.088416 0.995955 -0.016010 -0.088416 0.995955 -0.016010 -0.126678 0.991845 -0.014026 -0.126678 0.991845 -0.014026 -0.126678 0.991845 -0.014026 -0.126678 0.991845 -0.014026 -0.126678 0.991845 -0.014026 -0.126678 0.991845 -0.014026 -0.176229 0.984277 -0.011913 -0.176229 0.984277 -0.011913 -0.176229 0.984277 -0.011913 -0.176229 0.984277 -0.011913 -0.176229 0.984277 -0.011913 -0.176229 0.984277 -0.011913 -0.245730 0.969291 -0.009581 -0.245730 0.969291 -0.009581 -0.245730 0.969291 -0.009581 -0.245730 0.969291 -0.009581 -0.245730 0.969291 -0.009581 -0.245730 0.969291 -0.009581 -0.360046 0.932910 -0.006768 -0.360046 0.932910 -0.006768 -0.360046 0.932910 -0.006768 -0.360046 0.932910 -0.006768 -0.360046 0.932910 -0.006768 -0.360046 0.932910 -0.006768 -0.744926 0.667147 0.000000 -0.744926 0.667147 0.000000 -0.744926 0.667147 0.000000 -0.744926 0.667147 0.000000 -0.744926 0.667147 0.000000 -0.744926 0.667147 0.000000 -0.744926 -0.667147 0.000000 -0.744926 -0.667147 0.000000 -0.744926 -0.667147 0.000000 -0.744926 -0.667147 0.000000 -0.744926 -0.667147 0.000000 -0.744926 -0.667147 0.000000 -0.360046 -0.932910 -0.006768 -0.360046 -0.932910 -0.006768 -0.360046 -0.932910 -0.006768 -0.360046 -0.932910 -0.006768 -0.360046 -0.932910 -0.006768 -0.360046 -0.932910 -0.006768 -0.245730 -0.969291 -0.009581 -0.245730 -0.969291 -0.009581 -0.245730 -0.969291 -0.009581 -0.245730 -0.969291 -0.009581 -0.245730 -0.969291 -0.009581 -0.245730 -0.969291 -0.009581 -0.176229 -0.984277 -0.011913 -0.176229 -0.984277 -0.011913 -0.176229 -0.984277 -0.011913 -0.176229 -0.984277 -0.011913 -0.176229 -0.984277 -0.011913 -0.176229 -0.984277 -0.011913 -0.126678 -0.991845 -0.014026 -0.126678 -0.991845 -0.014026 -0.126678 -0.991845 -0.014026 -0.126678 -0.991845 -0.014026 -0.126678 -0.991845 -0.014026 -0.126678 -0.991845 -0.014026 -0.088416 -0.995955 -0.016010 -0.088416 -0.995955 -0.016010 -0.088416 -0.995955 -0.016010 -0.088416 -0.995955 -0.016010 -0.088416 -0.995955 -0.016010 -0.088416 -0.995955 -0.016010 -0.057467 -0.998187 -0.017902 -0.057467 -0.998187 -0.017902 -0.057467 -0.998187 -0.017902 -0.057467 -0.998187 -0.017902 -0.057467 -0.998187 -0.017902 -0.057467 -0.998187 -0.017902 -0.031687 -0.999303 -0.019718 -0.031687 -0.999303 -0.019718 -0.031687 -0.999303 -0.019718 -0.031687 -0.999303 -0.019718 -0.031687 -0.999303 -0.019718 -0.031687 -0.999303 -0.019718 -0.009786 -0.999722 -0.021467 -0.009786 -0.999722 -0.021467 -0.009786 -0.999722 -0.021467 -0.009786 -0.999722 -0.021467 -0.009786 -0.999722 -0.021467 -0.009786 -0.999722 -0.021467 0.009078 -0.999691 -0.023152 0.009078 -0.999691 -0.023152 0.009078 -0.999691 -0.023152 0.009078 -0.999691 -0.023152 0.009078 -0.999691 -0.023152 0.009078 -0.999691 -0.023152 0.025491 -0.999368 -0.024775 0.025491 -0.999368 -0.024775 0.025491 -0.999368 -0.024775 0.025491 -0.999368 -0.024775 0.025491 -0.999368 -0.024775 0.025491 -0.999368 -0.024775 0.039884 -0.998857 -0.026336 0.039884 -0.998857 -0.026336 0.039884 -0.998857 -0.026336 0.039884 -0.998857 -0.026336 0.039884 -0.998857 -0.026336 0.039884 -0.998857 -0.026336 0.052587 -0.998228 -0.027836 0.052587 -0.998228 -0.027836 0.052587 -0.998228 -0.027836 0.052587 -0.998228 -0.027836 0.052587 -0.998228 -0.027836 0.052587 -0.998228 -0.027836 0.063863 -0.997529 -0.029277 0.063863 -0.997529 -0.029277 0.063863 -0.997529 -0.029277 0.063863 -0.997529 -0.029277 0.063863 -0.997529 -0.029277 0.063863 -0.997529 -0.029277 0.073930 -0.996792 -0.030661 0.073930 -0.996792 -0.030661 0.073930 -0.996792 -0.030661 0.073930 -0.996792 -0.030661 0.073930 -0.996792 -0.030661 0.073930 -0.996792 -0.030661 0.082969 -0.996038 -0.031993 0.082969 -0.996038 -0.031993 0.082969 -0.996038 -0.031993 0.082969 -0.996038 -0.031993 0.082969 -0.996038 -0.031993 0.082969 -0.996038 -0.031993 0.091140 -0.995282 -0.033276 0.091140 -0.995282 -0.033276 0.091140 -0.995282 -0.033276 0.091140 -0.995282 -0.033276 0.091140 -0.995282 -0.033276 0.091140 -0.995282 -0.033276 0.098583 -0.994530 -0.034519 0.098583 -0.994530 -0.034519 0.098583 -0.994530 -0.034519 0.098583 -0.994530 -0.034519 0.098583 -0.994530 -0.034519 0.098583 -0.994530 -0.034519 0.105423 -0.993785 -0.035729 0.105423 -0.993785 -0.035729 0.105423 -0.993785 -0.035729 0.105423 -0.993785 -0.035729 0.105423 -0.993785 -0.035729 0.105423 -0.993785 -0.035729 0.111775 -0.993048 -0.036916 0.111775 -0.993048 -0.036916 0.111775 -0.993048 -0.036916 0.111775 -0.993048 -0.036916 0.111775 -0.993048 -0.036916 0.111775 -0.993048 -0.036916 0.117746 -0.992313 -0.038091 0.117746 -0.992313 -0.038091 0.117746 -0.992313 -0.038091 0.117746 -0.992313 -0.038091 0.117746 -0.992313 -0.038091 0.117746 -0.992313 -0.038091 0.123435 -0.991575 -0.039267 0.123435 -0.991575 -0.039267 0.123435 -0.991575 -0.039267 0.123435 -0.991575 -0.039267 0.123435 -0.991575 -0.039267 0.123435 -0.991575 -0.039267 0.128935 -0.990827 -0.040459 0.128935 -0.990827 -0.040459 0.128935 -0.990827 -0.040459 0.128935 -0.990827 -0.040459 0.128935 -0.990827 -0.040459 0.128935 -0.990827 -0.040459 0.134335 -0.990059 -0.041684 0.134335 -0.990059 -0.041684 0.134335 -0.990059 -0.041684 0.134335 -0.990059 -0.041684 0.134335 -0.990059 -0.041684 0.134335 -0.990059 -0.041684 0.139719 -0.989259 -0.042959 0.139719 -0.989259 -0.042959 0.139719 -0.989259 -0.042959 0.139719 -0.989259 -0.042959 0.139719 -0.989259 -0.042959 0.139719 -0.989259 -0.042959 0.145169 -0.988414 -0.044305 0.145169 -0.988414 -0.044305 0.145169 -0.988414 -0.044305 0.145169 -0.988414 -0.044305 0.145169 -0.988414 -0.044305 0.145169 -0.988414 -0.044305 0.150763 -0.987511 -0.045743 0.150763 -0.987511 -0.045743 0.150763 -0.987511 -0.045743 0.150763 -0.987511 -0.045743 0.150763 -0.987511 -0.045743 0.150763 -0.987511 -0.045743 0.156576 -0.986533 -0.047296 0.156576 -0.986533 -0.047296 0.156576 -0.986533 -0.047296 0.156576 -0.986533 -0.047296 0.156576 -0.986533 -0.047296 0.156576 -0.986533 -0.047296 0.162681 -0.985462 -0.048989 0.162681 -0.985462 -0.048989 0.162681 -0.985462 -0.048989 0.162681 -0.985462 -0.048989 0.162681 -0.985462 -0.048989 0.162681 -0.985462 -0.048989 -0.080619 -0.996523 0.021047 -0.080619 -0.996523 0.021047 -0.080619 -0.996523 0.021047 -0.080619 -0.996523 0.021047 -0.080619 -0.996523 0.021047 -0.080619 -0.996523 0.021047 0.456606 0.879611 -0.133398 0.456606 0.879611 -0.133398 0.456606 0.879611 -0.133398 0.456606 0.879611 -0.133398 0.456606 0.879611 -0.133398 0.456606 0.879611 -0.133398 0.162681 0.985462 -0.048989 0.162681 0.985462 -0.048989 0.162681 0.985462 -0.048989 0.162681 0.985462 -0.048989 0.162681 0.985462 -0.048989 0.162681 0.985462 -0.048989 0.156576 0.986533 -0.047296 0.156576 0.986533 -0.047296 0.156576 0.986533 -0.047296 0.156576 0.986533 -0.047296 0.156576 0.986533 -0.047296 0.156576 0.986533 -0.047296 0.150763 0.987511 -0.045743 0.150763 0.987511 -0.045743 0.150763 0.987511 -0.045743 0.150763 0.987511 -0.045743 0.150763 0.987511 -0.045743 0.150763 0.987511 -0.045743 0.145169 0.988414 -0.044305 0.145169 0.988414 -0.044305 0.145169 0.988414 -0.044305 0.145169 0.988414 -0.044305 0.145169 0.988414 -0.044305 0.145169 0.988414 -0.044305 0.139719 0.989259 -0.042959 0.139719 0.989259 -0.042959 0.139719 0.989259 -0.042959 0.139719 0.989259 -0.042959 0.139719 0.989259 -0.042959 0.139719 0.989259 -0.042959 0.134335 0.990059 -0.041684 0.134335 0.990059 -0.041684 0.134335 0.990059 -0.041684 0.134335 0.990059 -0.041684 0.134335 0.990059 -0.041684 0.134335 0.990059 -0.041684 0.128935 0.990827 -0.040459 0.128935 0.990827 -0.040459 0.128935 0.990827 -0.040459 0.128935 0.990827 -0.040459 0.128935 0.990827 -0.040459 0.128935 0.990827 -0.040459 0.123435 0.991575 -0.039267 0.123435 0.991575 -0.039267 0.123435 0.991575 -0.039267 0.123435 0.991575 -0.039267 0.123435 0.991575 -0.039267 0.123435 0.991575 -0.039267 0.117746 0.992313 -0.038091 0.117746 0.992313 -0.038091 0.117746 0.992313 -0.038091 0.117746 0.992313 -0.038091 0.117746 0.992313 -0.038091 0.117746 0.992313 -0.038091 0.111775 0.993048 -0.036916 0.111775 0.993048 -0.036916 0.111775 0.993048 -0.036916 0.111775 0.993048 -0.036916 0.111775 0.993048 -0.036916 0.111775 0.993048 -0.036916 0.105423 0.993785 -0.035729 0.105423 0.993785 -0.035729 0.105423 0.993785 -0.035729 0.105423 0.993785 -0.035729 0.105423 0.993785 -0.035729 0.105423 0.993785 -0.035729 0.098583 0.994530 -0.034519 0.098583 0.994530 -0.034519 0.098583 0.994530 -0.034519 0.098583 0.994530 -0.034519 0.098583 0.994530 -0.034519 0.098583 0.994530 -0.034519 0.091140 0.995282 -0.033276 0.091140 0.995282 -0.033276 0.091140 0.995282 -0.033276 0.091140 0.995282 -0.033276 0.091140 0.995282 -0.033276 0.091140 0.995282 -0.033276 0.082969 0.996038 -0.031993 0.082969 0.996038 -0.031993 0.082969 0.996038 -0.031993 0.082969 0.996038 -0.031993 0.082969 0.996038 -0.031993 0.082969 0.996038 -0.031993 0.073930 0.996792 -0.030661 0.073930 0.996792 -0.030661 0.073930 0.996792 -0.030661 0.073930 0.996792 -0.030661 0.073930 0.996792 -0.030661 0.073930 0.996792 -0.030661 0.063863 0.997529 -0.029277 0.063863 0.997529 -0.029277 0.063863 0.997529 -0.029277 0.063863 0.997529 -0.029277 0.063863 0.997529 -0.029277 0.063863 0.997529 -0.029277 0.052587 0.998228 -0.027836 0.052587 0.998228 -0.027836 0.052587 0.998228 -0.027836 0.052587 0.998228 -0.027836 0.052587 0.998228 -0.027836 0.052587 0.998228 -0.027836 0.039884 0.998857 -0.026336 0.039884 0.998857 -0.026336 0.039884 0.998857 -0.026336 0.039884 0.998857 -0.026336 0.039884 0.998857 -0.026336 0.039884 0.998857 -0.026336 0.025491 0.999368 -0.024775 0.025491 0.999368 -0.024775 0.025491 0.999368 -0.024775 0.025491 0.999368 -0.024775 0.025491 0.999368 -0.024775 0.025491 0.999368 -0.024775 0.009078 0.999691 -0.023152 0.009078 0.999691 -0.023152 0.009078 0.999691 -0.023152 0.009078 0.999691 -0.023152 0.009078 0.999691 -0.023152 0.009078 0.999691 -0.023152 -0.009786 0.999722 -0.021467 -0.009786 0.999722 -0.021467 -0.009786 0.999722 -0.021467 -0.009786 0.999722 -0.021467 -0.009786 0.999722 -0.021467 -0.009786 0.999722 -0.021467 -0.031687 0.999303 -0.019718 -0.031687 0.999303 -0.019718 -0.031687 0.999303 -0.019718 -0.031687 0.999303 -0.019718 -0.031687 0.999303 -0.019718 -0.031687 0.999303 -0.019718 -0.057467 0.998187 -0.017902 -0.057467 0.998187 -0.017902 -0.057467 0.998187 -0.017902 -0.057467 0.998187 -0.017902 -0.057467 0.998187 -0.017902 -0.057467 0.998187 -0.017902 -0.088416 0.995955 -0.016010 -0.088416 0.995955 -0.016010 -0.088416 0.995955 -0.016010 -0.088416 0.995955 -0.016010 -0.088416 0.995955 -0.016010 -0.088416 0.995955 -0.016010 -0.126678 0.991845 -0.014026 -0.126678 0.991845 -0.014026 -0.126678 0.991845 -0.014026 -0.126678 0.991845 -0.014026 -0.126678 0.991845 -0.014026 -0.126678 0.991845 -0.014026 -0.176229 0.984277 -0.011913 -0.176229 0.984277 -0.011913 -0.176229 0.984277 -0.011913 -0.176229 0.984277 -0.011913 -0.176229 0.984277 -0.011913 -0.176229 0.984277 -0.011913 -0.245730 0.969291 -0.009581 -0.245730 0.969291 -0.009581 -0.245730 0.969291 -0.009581 -0.245730 0.969291 -0.009581 -0.245730 0.969291 -0.009581 -0.245730 0.969291 -0.009581 -0.360046 0.932910 -0.006768 -0.360046 0.932910 -0.006768 -0.360046 0.932910 -0.006768 -0.360046 0.932910 -0.006768 -0.360046 0.932910 -0.006768 -0.360046 0.932910 -0.006768 -0.744926 0.667147 -0.000000 -0.744926 0.667147 -0.000000 -0.744926 0.667147 -0.000000 -0.744926 0.667147 0.000000 -0.744926 0.667147 0.000000 -0.744926 0.667147 0.000000 -0.744926 -0.667147 0.000000 -0.744926 -0.667147 0.000000 -0.744926 -0.667147 0.000000 -0.744926 -0.667147 0.000000 -0.744926 -0.667147 0.000000 -0.744926 -0.667147 0.000000 -0.360046 -0.932910 -0.006768 -0.360046 -0.932910 -0.006768 -0.360046 -0.932910 -0.006768 -0.360046 -0.932910 -0.006768 -0.360046 -0.932910 -0.006768 -0.360046 -0.932910 -0.006768 -0.245730 -0.969291 -0.009581 -0.245730 -0.969291 -0.009581 -0.245730 -0.969291 -0.009581 -0.245730 -0.969291 -0.009581 -0.245730 -0.969291 -0.009581 -0.245730 -0.969291 -0.009581 -0.176229 -0.984277 -0.011913 -0.176229 -0.984277 -0.011913 -0.176229 -0.984277 -0.011913 -0.176229 -0.984277 -0.011913 -0.176229 -0.984277 -0.011913 -0.176229 -0.984277 -0.011913 -0.126678 -0.991845 -0.014026 -0.126678 -0.991845 -0.014026 -0.126678 -0.991845 -0.014026 -0.126678 -0.991845 -0.014026 -0.126678 -0.991845 -0.014026 -0.126678 -0.991845 -0.014026 -0.088416 -0.995955 -0.016010 -0.088416 -0.995955 -0.016010 -0.088416 -0.995955 -0.016010 -0.088416 -0.995955 -0.016010 -0.088416 -0.995955 -0.016010 -0.088416 -0.995955 -0.016010 -0.057467 -0.998187 -0.017902 -0.057467 -0.998187 -0.017902 -0.057467 -0.998187 -0.017902 -0.057467 -0.998187 -0.017902 -0.057467 -0.998187 -0.017902 -0.057467 -0.998187 -0.017902 -0.031687 -0.999303 -0.019718 -0.031687 -0.999303 -0.019718 -0.031687 -0.999303 -0.019718 -0.031687 -0.999303 -0.019718 -0.031687 -0.999303 -0.019718 -0.031687 -0.999303 -0.019718 -0.009786 -0.999722 -0.021467 -0.009786 -0.999722 -0.021467 -0.009786 -0.999722 -0.021467 -0.009786 -0.999722 -0.021467 -0.009786 -0.999722 -0.021467 -0.009786 -0.999722 -0.021467 0.009078 -0.999691 -0.023152 0.009078 -0.999691 -0.023152 0.009078 -0.999691 -0.023152 0.009078 -0.999691 -0.023152 0.009078 -0.999691 -0.023152 0.009078 -0.999691 -0.023152 0.025491 -0.999368 -0.024775 0.025491 -0.999368 -0.024775 0.025491 -0.999368 -0.024775 0.025491 -0.999368 -0.024775 0.025491 -0.999368 -0.024775 0.025491 -0.999368 -0.024775 0.039884 -0.998857 -0.026336 0.039884 -0.998857 -0.026336 0.039884 -0.998857 -0.026336 0.039884 -0.998857 -0.026336 0.039884 -0.998857 -0.026336 0.039884 -0.998857 -0.026336 0.052587 -0.998228 -0.027836 0.052587 -0.998228 -0.027836 0.052587 -0.998228 -0.027836 0.052587 -0.998228 -0.027836 0.052587 -0.998228 -0.027836 0.052587 -0.998228 -0.027836 0.063863 -0.997529 -0.029277 0.063863 -0.997529 -0.029277 0.063863 -0.997529 -0.029277 0.063863 -0.997529 -0.029277 0.063863 -0.997529 -0.029277 0.063863 -0.997529 -0.029277 0.073930 -0.996792 -0.030661 0.073930 -0.996792 -0.030661 0.073930 -0.996792 -0.030661 0.073930 -0.996792 -0.030661 0.073930 -0.996792 -0.030661 0.073930 -0.996792 -0.030661 0.082969 -0.996038 -0.031993 0.082969 -0.996038 -0.031993 0.082969 -0.996038 -0.031993 0.082969 -0.996038 -0.031993 0.082969 -0.996038 -0.031993 0.082969 -0.996038 -0.031993 0.091140 -0.995282 -0.033276 0.091140 -0.995282 -0.033276 0.091140 -0.995282 -0.033276 0.091140 -0.995282 -0.033276 0.091140 -0.995282 -0.033276 0.091140 -0.995282 -0.033276 0.098583 -0.994530 -0.034519 0.098583 -0.994530 -0.034519 0.098583 -0.994530 -0.034519 0.098583 -0.994530 -0.034519 0.098583 -0.994530 -0.034519 0.098583 -0.994530 -0.034519 0.105423 -0.993785 -0.035729 0.105423 -0.993785 -0.035729 0.105423 -0.993785 -0.035729 0.105423 -0.993785 -0.035729 0.105423 -0.993785 -0.035729 0.105423 -0.993785 -0.035729 0.111775 -0.993048 -0.036916 0.111775 -0.993048 -0.036916 0.111775 -0.993048 -0.036916 0.111775 -0.993048 -0.036916 0.111775 -0.993048 -0.036916 0.111775 -0.993048 -0.036916 0.117746 -0.992313 -0.038091 0.117746 -0.992313 -0.038091 0.117746 -0.992313 -0.038091 0.117746 -0.992313 -0.038091 0.117746 -0.992313 -0.038091 0.117746 -0.992313 -0.038091 0.123435 -0.991575 -0.039267 0.123435 -0.991575 -0.039267 0.123435 -0.991575 -0.039267 0.123435 -0.991575 -0.039267 0.123435 -0.991575 -0.039267 0.123435 -0.991575 -0.039267 0.128935 -0.990827 -0.040459 0.128935 -0.990827 -0.040459 0.128935 -0.990827 -0.040459 0.128935 -0.990827 -0.040459 0.128935 -0.990827 -0.040459 0.128935 -0.990827 -0.040459 0.134335 -0.990059 -0.041684 0.134335 -0.990059 -0.041684 0.134335 -0.990059 -0.041684 0.134335 -0.990059 -0.041684 0.134335 -0.990059 -0.041684 0.134335 -0.990059 -0.041684 0.139719 -0.989259 -0.042959 0.139719 -0.989259 -0.042959 0.139719 -0.989259 -0.042959 0.139719 -0.989259 -0.042959 0.139719 -0.989259 -0.042959 0.139719 -0.989259 -0.042959 0.145169 -0.988414 -0.044305 0.145169 -0.988414 -0.044305 0.145169 -0.988414 -0.044305 0.145169 -0.988414 -0.044305 0.145169 -0.988414 -0.044305 0.145169 -0.988414 -0.044305 0.150763 -0.987511 -0.045743 0.150763 -0.987511 -0.045743 0.150763 -0.987511 -0.045743 0.150763 -0.987511 -0.045743 0.150763 -0.987511 -0.045743 0.150763 -0.987511 -0.045743 0.156576 -0.986533 -0.047296 0.156576 -0.986533 -0.047296 0.156576 -0.986533 -0.047296 0.156576 -0.986533 -0.047296 0.156576 -0.986533 -0.047296 0.156576 -0.986533 -0.047296 0.162681 -0.985462 -0.048989 0.162681 -0.985462 -0.048989 0.162681 -0.985462 -0.048989 0.162681 -0.985462 -0.048989 0.162681 -0.985462 -0.048989 0.162681 -0.985462 -0.048989 -0.080619 -0.996523 0.021047 -0.080619 -0.996523 0.021047 -0.080619 -0.996523 0.021047 -0.080619 -0.996523 0.021047 -0.080619 -0.996523 0.021047 -0.080619 -0.996523 0.021047 0.456606 0.879611 -0.133398 0.456606 0.879611 -0.133398 0.456606 0.879611 -0.133398 0.456606 0.879611 -0.133398 0.456606 0.879611 -0.133398 0.456606 0.879611 -0.133398 0.162681 0.985462 -0.048989 0.162681 0.985462 -0.048989 0.162681 0.985462 -0.048989 0.162681 0.985462 -0.048989 0.162681 0.985462 -0.048989 0.162681 0.985462 -0.048989 0.156576 0.986533 -0.047296 0.156576 0.986533 -0.047296 0.156576 0.986533 -0.047296 0.156576 0.986533 -0.047296 0.156576 0.986533 -0.047296 0.156576 0.986533 -0.047296 0.150763 0.987511 -0.045743 0.150763 0.987511 -0.045743 0.150763 0.987511 -0.045743 0.150763 0.987511 -0.045743 0.150763 0.987511 -0.045743 0.150763 0.987511 -0.045743 0.145169 0.988414 -0.044305 0.145169 0.988414 -0.044305 0.145169 0.988414 -0.044305 0.145169 0.988414 -0.044305 0.145169 0.988414 -0.044305 0.145169 0.988414 -0.044305 0.139719 0.989259 -0.042959 0.139719 0.989259 -0.042959 0.139719 0.989259 -0.042959 0.139719 0.989259 -0.042959 0.139719 0.989259 -0.042959 0.139719 0.989259 -0.042959 0.134335 0.990059 -0.041684 0.134335 0.990059 -0.041684 0.134335 0.990059 -0.041684 0.134335 0.990059 -0.041684 0.134335 0.990059 -0.041684 0.134335 0.990059 -0.041684 0.128935 0.990827 -0.040459 0.128935 0.990827 -0.040459 0.128935 0.990827 -0.040459 0.128935 0.990827 -0.040459 0.128935 0.990827 -0.040459 0.128935 0.990827 -0.040459 0.123435 0.991575 -0.039267 0.123435 0.991575 -0.039267 0.123435 0.991575 -0.039267 0.123435 0.991575 -0.039267 0.123435 0.991575 -0.039267 0.123435 0.991575 -0.039267 0.117746 0.992313 -0.038091 0.117746 0.992313 -0.038091 0.117746 0.992313 -0.038091 0.117746 0.992313 -0.038091 0.117746 0.992313 -0.038091 0.117746 0.992313 -0.038091 0.111775 0.993048 -0.036916 0.111775 0.993048 -0.036916 0.111775 0.993048 -0.036916 0.111775 0.993048 -0.036916 0.111775 0.993048 -0.036916 0.111775 0.993048 -0.036916 0.105423 0.993785 -0.035729 0.105423 0.993785 -0.035729 0.105423 0.993785 -0.035729 0.105423 0.993785 -0.035729 0.105423 0.993785 -0.035729 0.105423 0.993785 -0.035729 0.098583 0.994530 -0.034519 0.098583 0.994530 -0.034519 0.098583 0.994530 -0.034519 0.098583 0.994530 -0.034519 0.098583 0.994530 -0.034519 0.098583 0.994530 -0.034519 0.091140 0.995282 -0.033276 0.091140 0.995282 -0.033276 0.091140 0.995282 -0.033276 0.091140 0.995282 -0.033276 0.091140 0.995282 -0.033276 0.091140 0.995282 -0.033276 0.082969 0.996038 -0.031993 0.082969 0.996038 -0.031993 0.082969 0.996038 -0.031993 0.082969 0.996038 -0.031993 0.082969 0.996038 -0.031993 0.082969 0.996038 -0.031993 0.073930 0.996792 -0.030661 0.073930 0.996792 -0.030661 0.073930 0.996792 -0.030661 0.073930 0.996792 -0.030661 0.073930 0.996792 -0.030661 0.073930 0.996792 -0.030661 0.063863 0.997529 -0.029277 0.063863 0.997529 -0.029277 0.063863 0.997529 -0.029277 0.063863 0.997529 -0.029277 0.063863 0.997529 -0.029277 0.063863 0.997529 -0.029277 0.052587 0.998228 -0.027836 0.052587 0.998228 -0.027836 0.052587 0.998228 -0.027836 0.052587 0.998228 -0.027836 0.052587 0.998228 -0.027836 0.052587 0.998228 -0.027836 0.039884 0.998857 -0.026336 0.039884 0.998857 -0.026336 0.039884 0.998857 -0.026336 0.039884 0.998857 -0.026336 0.039884 0.998857 -0.026336 0.039884 0.998857 -0.026336 0.025491 0.999368 -0.024775 0.025491 0.999368 -0.024775 0.025491 0.999368 -0.024775 0.025491 0.999368 -0.024775 0.025491 0.999368 -0.024775 0.025491 0.999368 -0.024775 0.009078 0.999691 -0.023152 0.009078 0.999691 -0.023152 0.009078 0.999691 -0.023152 0.009078 0.999691 -0.023152 0.009078 0.999691 -0.023152 0.009078 0.999691 -0.023152 -0.009786 0.999722 -0.021467 -0.009786 0.999722 -0.021467 -0.009786 0.999722 -0.021467 -0.009786 0.999722 -0.021467 -0.009786 0.999722 -0.021467 -0.009786 0.999722 -0.021467 -0.031687 0.999303 -0.019718 -0.031687 0.999303 -0.019718 -0.031687 0.999303 -0.019718 -0.031687 0.999303 -0.019718 -0.031687 0.999303 -0.019718 -0.031687 0.999303 -0.019718 -0.057467 0.998187 -0.017902 -0.057467 0.998187 -0.017902 -0.057467 0.998187 -0.017902 -0.057467 0.998187 -0.017902 -0.057467 0.998187 -0.017902 -0.057467 0.998187 -0.017902 -0.088416 0.995955 -0.016010 -0.088416 0.995955 -0.016010 -0.088416 0.995955 -0.016010 -0.088416 0.995955 -0.016010 -0.088416 0.995955 -0.016010 -0.088416 0.995955 -0.016010 -0.126678 0.991845 -0.014026 -0.126678 0.991845 -0.014026 -0.126678 0.991845 -0.014026 -0.126678 0.991845 -0.014026 -0.126678 0.991845 -0.014026 -0.126678 0.991845 -0.014026 -0.176229 0.984277 -0.011913 -0.176229 0.984277 -0.011913 -0.176229 0.984277 -0.011913 -0.176229 0.984277 -0.011913 -0.176229 0.984277 -0.011913 -0.176229 0.984277 -0.011913 -0.245730 0.969291 -0.009581 -0.245730 0.969291 -0.009581 -0.245730 0.969291 -0.009581 -0.245730 0.969291 -0.009581 -0.245730 0.969291 -0.009581 -0.245730 0.969291 -0.009581 -0.360046 0.932910 -0.006768 -0.360046 0.932910 -0.006768 -0.360046 0.932910 -0.006768 -0.360046 0.932910 -0.006768 -0.360046 0.932910 -0.006768 -0.360046 0.932910 -0.006768 -0.744926 0.667147 0.000000 -0.744926 0.667147 0.000000 -0.744926 0.667147 0.000000 -0.744926 0.667147 0.000000 -0.744926 0.667147 0.000000 -0.744926 0.667147 0.000000 -0.744926 -0.667147 0.000000 -0.744926 -0.667147 0.000000 -0.744926 -0.667147 0.000000 -0.744926 -0.667147 0.000000 -0.744926 -0.667147 0.000000 -0.744926 -0.667147 0.000000 -0.360046 -0.932910 -0.006768 -0.360046 -0.932910 -0.006768 -0.360046 -0.932910 -0.006768 -0.360046 -0.932910 -0.006768 -0.360046 -0.932910 -0.006768 -0.360046 -0.932910 -0.006768 -0.245730 -0.969291 -0.009581 -0.245730 -0.969291 -0.009581 -0.245730 -0.969291 -0.009581 -0.245730 -0.969291 -0.009581 -0.245730 -0.969291 -0.009581 -0.245730 -0.969291 -0.009581 -0.176229 -0.984277 -0.011913 -0.176229 -0.984277 -0.011913 -0.176229 -0.984277 -0.011913 -0.176229 -0.984277 -0.011913 -0.176229 -0.984277 -0.011913 -0.176229 -0.984277 -0.011913 -0.126678 -0.991845 -0.014026 -0.126678 -0.991845 -0.014026 -0.126678 -0.991845 -0.014026 -0.126678 -0.991845 -0.014026 -0.126678 -0.991845 -0.014026 -0.126678 -0.991845 -0.014026 -0.088416 -0.995955 -0.016010 -0.088416 -0.995955 -0.016010 -0.088416 -0.995955 -0.016010 -0.088416 -0.995955 -0.016010 -0.088416 -0.995955 -0.016010 -0.088416 -0.995955 -0.016010 -0.057467 -0.998187 -0.017902 -0.057467 -0.998187 -0.017902 -0.057467 -0.998187 -0.017902 -0.057467 -0.998187 -0.017902 -0.057467 -0.998187 -0.017902 -0.057467 -0.998187 -0.017902 -0.031687 -0.999303 -0.019718 -0.031687 -0.999303 -0.019718 -0.031687 -0.999303 -0.019718 -0.031687 -0.999303 -0.019718 -0.031687 -0.999303 -0.019718 -0.031687 -0.999303 -0.019718 -0.009786 -0.999722 -0.021467 -0.009786 -0.999722 -0.021467 -0.009786 -0.999722 -0.021467 -0.009786 -0.999722 -0.021467 -0.009786 -0.999722 -0.021467 -0.009786 -0.999722 -0.021467 0.009078 -0.999691 -0.023152 0.009078 -0.999691 -0.023152 0.009078 -0.999691 -0.023152 0.009078 -0.999691 -0.023152 0.009078 -0.999691 -0.023152 0.009078 -0.999691 -0.023152 0.025491 -0.999368 -0.024775 0.025491 -0.999368 -0.024775 0.025491 -0.999368 -0.024775 0.025491 -0.999368 -0.024775 0.025491 -0.999368 -0.024775 0.025491 -0.999368 -0.024775 0.039884 -0.998857 -0.026336 0.039884 -0.998857 -0.026336 0.039884 -0.998857 -0.026336 0.039884 -0.998857 -0.026336 0.039884 -0.998857 -0.026336 0.039884 -0.998857 -0.026336 0.052587 -0.998228 -0.027836 0.052587 -0.998228 -0.027836 0.052587 -0.998228 -0.027836 0.052587 -0.998228 -0.027836 0.052587 -0.998228 -0.027836 0.052587 -0.998228 -0.027836 0.063863 -0.997529 -0.029277 0.063863 -0.997529 -0.029277 0.063863 -0.997529 -0.029277 0.063863 -0.997529 -0.029277 0.063863 -0.997529 -0.029277 0.063863 -0.997529 -0.029277 0.073930 -0.996792 -0.030661 0.073930 -0.996792 -0.030661 0.073930 -0.996792 -0.030661 0.073930 -0.996792 -0.030661 0.073930 -0.996792 -0.030661 0.073930 -0.996792 -0.030661 0.082969 -0.996038 -0.031993 0.082969 -0.996038 -0.031993 0.082969 -0.996038 -0.031993 0.082969 -0.996038 -0.031993 0.082969 -0.996038 -0.031993 0.082969 -0.996038 -0.031993 0.091140 -0.995282 -0.033276 0.091140 -0.995282 -0.033276 0.091140 -0.995282 -0.033276 0.091140 -0.995282 -0.033276 0.091140 -0.995282 -0.033276 0.091140 -0.995282 -0.033276 0.098583 -0.994530 -0.034519 0.098583 -0.994530 -0.034519 0.098583 -0.994530 -0.034519 0.098583 -0.994530 -0.034519 0.098583 -0.994530 -0.034519 0.098583 -0.994530 -0.034519 0.105423 -0.993785 -0.035729 0.105423 -0.993785 -0.035729 0.105423 -0.993785 -0.035729 0.105423 -0.993785 -0.035729 0.105423 -0.993785 -0.035729 0.105423 -0.993785 -0.035729 0.111775 -0.993048 -0.036916 0.111775 -0.993048 -0.036916 0.111775 -0.993048 -0.036916 0.111775 -0.993048 -0.036916 0.111775 -0.993048 -0.036916 0.111775 -0.993048 -0.036916 0.117746 -0.992313 -0.038091 0.117746 -0.992313 -0.038091 0.117746 -0.992313 -0.038091 0.117746 -0.992313 -0.038091 0.117746 -0.992313 -0.038091 0.117746 -0.992313 -0.038091 0.123435 -0.991575 -0.039267 0.123435 -0.991575 -0.039267 0.123435 -0.991575 -0.039267 0.123435 -0.991575 -0.039267 0.123435 -0.991575 -0.039267 0.123435 -0.991575 -0.039267 0.128935 -0.990827 -0.040459 0.128935 -0.990827 -0.040459 0.128935 -0.990827 -0.040459 0.128935 -0.990827 -0.040459 0.128935 -0.990827 -0.040459 0.128935 -0.990827 -0.040459 0.134335 -0.990059 -0.041684 0.134335 -0.990059 -0.041684 0.134335 -0.990059 -0.041684 0.134335 -0.990059 -0.041684 0.134335 -0.990059 -0.041684 0.134335 -0.990059 -0.041684 0.139719 -0.989259 -0.042959 0.139719 -0.989259 -0.042959 0.139719 -0.989259 -0.042959 0.139719 -0.989259 -0.042959 0.139719 -0.989259 -0.042959 0.139719 -0.989259 -0.042959 0.145169 -0.988414 -0.044305 0.145169 -0.988414 -0.044305 0.145169 -0.988414 -0.044305 0.145169 -0.988414 -0.044305 0.145169 -0.988414 -0.044305 0.145169 -0.988414 -0.044305 0.150763 -0.987511 -0.045743 0.150763 -0.987511 -0.045743 0.150763 -0.987511 -0.045743 0.150763 -0.987511 -0.045743 0.150763 -0.987511 -0.045743 0.150763 -0.987511 -0.045743 0.156576 -0.986533 -0.047296 0.156576 -0.986533 -0.047296 0.156576 -0.986533 -0.047296 0.156576 -0.986533 -0.047296 0.156576 -0.986533 -0.047296 0.156576 -0.986533 -0.047296 0.162681 -0.985462 -0.048989 0.162681 -0.985462 -0.048989 0.162681 -0.985462 -0.048989 0.162681 -0.985462 -0.048989 0.162681 -0.985462 -0.048989 0.162681 -0.985462 -0.048989 -0.080619 -0.996523 0.021047 -0.080619 -0.996523 0.021047 -0.080619 -0.996523 0.021047 -0.080619 -0.996523 0.021047 -0.080619 -0.996523 0.021047 -0.080619 -0.996523 0.021047 0.456606 0.879611 -0.133398 0.456606 0.879611 -0.133398 0.456606 0.879611 -0.133398 0.456606 0.879611 -0.133398 0.456606 0.879611 -0.133398 0.456606 0.879611 -0.133398 0.162681 0.985462 -0.048989 0.162681 0.985462 -0.048989 0.162681 0.985462 -0.048989 0.162681 0.985462 -0.048989 0.162681 0.985462 -0.048989 0.162681 0.985462 -0.048989 0.156576 0.986533 -0.047296 0.156576 0.986533 -0.047296 0.156576 0.986533 -0.047296 0.156576 0.986533 -0.047296 0.156576 0.986533 -0.047296 0.156576 0.986533 -0.047296 0.150763 0.987511 -0.045743 0.150763 0.987511 -0.045743 0.150763 0.987511 -0.045743 0.150763 0.987511 -0.045743 0.150763 0.987511 -0.045743 0.150763 0.987511 -0.045743 0.145169 0.988414 -0.044305 0.145169 0.988414 -0.044305 0.145169 0.988414 -0.044305 0.145169 0.988414 -0.044305 0.145169 0.988414 -0.044305 0.145169 0.988414 -0.044305 0.139719 0.989259 -0.042959 0.139719 0.989259 -0.042959 0.139719 0.989259 -0.042959 0.139719 0.989259 -0.042959 0.139719 0.989259 -0.042959 0.139719 0.989259 -0.042959 0.134335 0.990059 -0.041684 0.134335 0.990059 -0.041684 0.134335 0.990059 -0.041684 0.134335 0.990059 -0.041684 0.134335 0.990059 -0.041684 0.134335 0.990059 -0.041684 0.128935 0.990827 -0.040459 0.128935 0.990827 -0.040459 0.128935 0.990827 -0.040459 0.128935 0.990827 -0.040459 0.128935 0.990827 -0.040459 0.128935 0.990827 -0.040459 0.123435 0.991575 -0.039267 0.123435 0.991575 -0.039267 0.123435 0.991575 -0.039267 0.123435 0.991575 -0.039267 0.123435 0.991575 -0.039267 0.123435 0.991575 -0.039267 0.117746 0.992313 -0.038091 0.117746 0.992313 -0.038091 0.117746 0.992313 -0.038091 0.117746 0.992313 -0.038091 0.117746 0.992313 -0.038091 0.117746 0.992313 -0.038091 0.111775 0.993048 -0.036916 0.111775 0.993048 -0.036916 0.111775 0.993048 -0.036916 0.111775 0.993048 -0.036916 0.111775 0.993048 -0.036916 0.111775 0.993048 -0.036916 0.105423 0.993785 -0.035729 0.105423 0.993785 -0.035729 0.105423 0.993785 -0.035729 0.105423 0.993785 -0.035729 0.105423 0.993785 -0.035729 0.105423 0.993785 -0.035729 0.098583 0.994530 -0.034519 0.098583 0.994530 -0.034519 0.098583 0.994530 -0.034519 0.098583 0.994530 -0.034519 0.098583 0.994530 -0.034519 0.098583 0.994530 -0.034519 0.091140 0.995282 -0.033276 0.091140 0.995282 -0.033276 0.091140 0.995282 -0.033276 0.091140 0.995282 -0.033276 0.091140 0.995282 -0.033276 0.091140 0.995282 -0.033276 0.082969 0.996038 -0.031993 0.082969 0.996038 -0.031993 0.082969 0.996038 -0.031993 0.082969 0.996038 -0.031993 0.082969 0.996038 -0.031993 0.082969 0.996038 -0.031993 0.073930 0.996792 -0.030661 0.073930 0.996792 -0.030661 0.073930 0.996792 -0.030661 0.073930 0.996792 -0.030661 0.073930 0.996792 -0.030661 0.073930 0.996792 -0.030661 0.063863 0.997529 -0.029277 0.063863 0.997529 -0.029277 0.063863 0.997529 -0.029277 0.063863 0.997529 -0.029277 0.063863 0.997529 -0.029277 0.063863 0.997529 -0.029277 0.052587 0.998228 -0.027836 0.052587 0.998228 -0.027836 0.052587 0.998228 -0.027836 0.052587 0.998228 -0.027836 0.052587 0.998228 -0.027836 0.052587 0.998228 -0.027836 0.039884 0.998857 -0.026336 0.039884 0.998857 -0.026336 0.039884 0.998857 -0.026336 0.039884 0.998857 -0.026336 0.039884 0.998857 -0.026336 0.039884 0.998857 -0.026336 0.025491 0.999368 -0.024775 0.025491 0.999368 -0.024775 0.025491 0.999368 -0.024775 0.025491 0.999368 -0.024775 0.025491 0.999368 -0.024775 0.025491 0.999368 -0.024775 0.009078 0.999691 -0.023152 0.009078 0.999691 -0.023152 0.009078 0.999691 -0.023152 0.009078 0.999691 -0.023152 0.009078 0.999691 -0.023152 0.009078 0.999691 -0.023152 -0.009786 0.999722 -0.021467 -0.009786 0.999722 -0.021467 -0.009786 0.999722 -0.021467 -0.009786 0.999722 -0.021467 -0.009786 0.999722 -0.021467 -0.009786 0.999722 -0.021467 -0.031687 0.999303 -0.019718 -0.031687 0.999303 -0.019718 -0.031687 0.999303 -0.019718 -0.031687 0.999303 -0.019718 -0.031687 0.999303 -0.019718 -0.031687 0.999303 -0.019718 -0.057467 0.998187 -0.017902 -0.057467 0.998187 -0.017902 -0.057467 0.998187 -0.017902 -0.057467 0.998187 -0.017902 -0.057467 0.998187 -0.017902 -0.057467 0.998187 -0.017902 -0.088416 0.995955 -0.016010 -0.088416 0.995955 -0.016010 -0.088416 0.995955 -0.016010 -0.088416 0.995955 -0.016010 -0.088416 0.995955 -0.016010 -0.088416 0.995955 -0.016010 -0.126678 0.991845 -0.014026 -0.126678 0.991845 -0.014026 -0.126678 0.991845 -0.014026 -0.126678 0.991845 -0.014026 -0.126678 0.991845 -0.014026 -0.126678 0.991845 -0.014026 -0.176229 0.984277 -0.011913 -0.176229 0.984277 -0.011913 -0.176229 0.984277 -0.011913 -0.176229 0.984277 -0.011913 -0.176229 0.984277 -0.011913 -0.176229 0.984277 -0.011913 -0.245730 0.969291 -0.009581 -0.245730 0.969291 -0.009581 -0.245730 0.969291 -0.009581 -0.245730 0.969291 -0.009581 -0.245730 0.969291 -0.009581 -0.245730 0.969291 -0.009581 -0.360046 0.932910 -0.006768 -0.360046 0.932910 -0.006768 -0.360046 0.932910 -0.006768 -0.360046 0.932910 -0.006768 -0.360046 0.932910 -0.006768 -0.360046 0.932910 -0.006768 -0.744926 0.667147 0.000000 -0.744926 0.667147 0.000000 -0.744926 0.667147 0.000000 -0.744926 0.667147 0.000000 -0.744926 0.667147 0.000000 -0.744926 0.667147 0.000000 -0.000000 0.000000 1.000000 -0.000000 0.000000 1.000000 -0.000000 0.000000 1.000000 0.000000 0.000000 -1.000000 0.000000 0.000000 -1.000000 0.000000 0.000000 -1.000000 0.000000 0.000000 1.000000 0.000000 0.000000 1.000000 0.000000 0.000000 1.000000 0.000000 0.000000 -1.000000 0.000000 0.000000 -1.000000 0.000000 0.000000 -1.000000 0.000000 0.000000 1.000000 0.000000 0.000000 1.000000 0.000000 0.000000 1.000000 0.000000 0.000000 -1.000000 0.000000 0.000000 -1.000000 0.000000 0.000000 -1.000000 0.000000 0.000000 1.000000 0.000000 0.000000 1.000000 0.000000 0.000000 1.000000 0.000000 0.000000 -1.000000 0.000000 0.000000 -1.000000 0.000000 0.000000 -1.000000 0.000000 0.000000 1.000000 0.000000 0.000000 1.000000 0.000000 0.000000 1.000000 0.000000 0.000000 -1.000000 0.000000 0.000000 -1.000000 0.000000 0.000000 -1.000000 0.000000 0.000000 1.000000 0.000000 0.000000 1.000000 0.000000 0.000000 1.000000 0.000000 0.000000 -1.000000 0.000000 0.000000 -1.000000 0.000000 0.000000 -1.000000 0.000000 0.000000 1.000000 0.000000 0.000000 1.000000 0.000000 0.000000 1.000000 0.000000 0.000000 -1.000000 0.000000 0.000000 -1.000000 0.000000 0.000000 -1.000000 0.000000 0.000000 1.000000 0.000000 0.000000 1.000000 0.000000 0.000000 1.000000 0.000000 0.000000 -1.000000 0.000000 0.000000 -1.000000 0.000000 0.000000 -1.000000 0.000000 0.000000 1.000000 0.000000 0.000000 1.000000 0.000000 0.000000 1.000000 0.000000 0.000000 -1.000000 0.000000 0.000000 -1.000000 0.000000 0.000000 -1.000000 0.000000 0.000000 1.000000 0.000000 0.000000 1.000000 0.000000 0.000000 1.000000 0.000000 0.000000 -1.000000 0.000000 0.000000 -1.000000 0.000000 0.000000 -1.000000 0.000000 0.000000 1.000000 0.000000 0.000000 1.000000 0.000000 0.000000 1.000000 0.000000 0.000000 -1.000000 0.000000 0.000000 -1.000000 0.000000 0.000000 -1.000000 0.000000 0.000000 1.000000 0.000000 0.000000 1.000000 0.000000 0.000000 1.000000 0.000000 0.000000 -1.000000 0.000000 0.000000 -1.000000 0.000000 0.000000 -1.000000 0.000000 0.000000 1.000000 0.000000 0.000000 1.000000 0.000000 0.000000 1.000000 0.000000 0.000000 -1.000000 0.000000 0.000000 -1.000000 0.000000 0.000000 -1.000000 0.000000 0.000000 1.000000 0.000000 0.000000 1.000000 0.000000 0.000000 1.000000 0.000000 0.000000 -1.000000 0.000000 0.000000 -1.000000 0.000000 0.000000 -1.000000 0.000000 -0.000000 1.000000 0.000000 -0.000000 1.000000 0.000000 -0.000000 1.000000 0.000000 0.000000 -1.000000 0.000000 0.000000 -1.000000 0.000000 0.000000 -1.000000 0.000000 0.000000 1.000000 0.000000 0.000000 1.000000 0.000000 0.000000 1.000000 0.000000 0.000000 -1.000000 0.000000 0.000000 -1.000000 0.000000 0.000000 -1.000000 0.000000 0.000000 1.000000 0.000000 0.000000 1.000000 0.000000 0.000000 1.000000 0.000000 0.000000 -1.000000 0.000000 0.000000 -1.000000 0.000000 0.000000 -1.000000 0.000000 0.000000 1.000000 0.000000 0.000000 1.000000 0.000000 0.000000 1.000000 0.000000 0.000000 -1.000000 0.000000 0.000000 -1.000000 0.000000 0.000000 -1.000000 0.000000 0.000000 1.000000 0.000000 0.000000 1.000000 0.000000 0.000000 1.000000 0.000000 0.000000 -1.000000 0.000000 0.000000 -1.000000 0.000000 0.000000 -1.000000 0.000000 0.000000 1.000000 0.000000 0.000000 1.000000 0.000000 0.000000 1.000000 0.000000 0.000000 -1.000000 0.000000 0.000000 -1.000000 0.000000 0.000000 -1.000000 0.000000 0.000000 1.000000 0.000000 0.000000 1.000000 0.000000 0.000000 1.000000 0.000000 0.000000 -1.000000 0.000000 0.000000 -1.000000 0.000000 0.000000 -1.000000 0.000000 0.000000 1.000000 0.000000 0.000000 1.000000 0.000000 0.000000 1.000000 0.000000 0.000000 -1.000000 0.000000 0.000000 -1.000000 0.000000 0.000000 -1.000000 0.000000 0.000000 1.000000 0.000000 0.000000 1.000000 0.000000 0.000000 1.000000 0.000000 0.000000 -1.000000 0.000000 0.000000 -1.000000 0.000000 0.000000 -1.000000 0.000000 0.000000 1.000000 0.000000 0.000000 1.000000 0.000000 0.000000 1.000000 0.000000 0.000000 -1.000000 0.000000 0.000000 -1.000000 0.000000 0.000000 -1.000000 0.000000 0.000000 1.000000 0.000000 0.000000 1.000000 0.000000 0.000000 1.000000 0.000000 0.000000 -1.000000 0.000000 0.000000 -1.000000 0.000000 0.000000 -1.000000 0.000000 0.000000 1.000000 0.000000 0.000000 1.000000 0.000000 0.000000 1.000000 0.000000 0.000000 -1.000000 0.000000 0.000000 -1.000000 0.000000 0.000000 -1.000000 0.000000 0.000000 1.000000 0.000000 0.000000 1.000000 0.000000 0.000000 1.000000 0.000000 0.000000 -1.000000 0.000000 0.000000 -1.000000 0.000000 0.000000 -1.000000 0.000000 0.000000 1.000000 0.000000 0.000000 1.000000 0.000000 0.000000 1.000000 0.000000 0.000000 -1.000000 0.000000 0.000000 -1.000000 0.000000 0.000000 -1.000000 0.000000 0.000000 1.000000 0.000000 0.000000 1.000000 0.000000 0.000000 1.000000 0.000000 0.000000 -1.000000 0.000000 0.000000 -1.000000 0.000000 0.000000 -1.000000 0.000000 0.000000 -1.000000 0.000000 0.000000 -1.000000 0.000000 0.000000 -1.000000 0.000000 0.000000 1.000000 0.000000 0.000000 1.000000 0.000000 0.000000 1.000000 0.000000 0.000000 1.000000 0.000000 0.000000 1.000000 0.000000 0.000000 1.000000 -0.000000 0.000000 -1.000000 -0.000000 0.000000 -1.000000 -0.000000 0.000000 -1.000000 0.000000 0.000000 1.000000 0.000000 0.000000 1.000000 0.000000 0.000000 1.000000 0.000000 0.000000 -1.000000 0.000000 0.000000 -1.000000 0.000000 0.000000 -1.000000 0.000000 0.000000 1.000000 0.000000 0.000000 1.000000 0.000000 0.000000 1.000000 0.000000 0.000000 -1.000000 0.000000 0.000000 -1.000000 0.000000 0.000000 -1.000000 0.000000 0.000000 1.000000 0.000000 0.000000 1.000000 0.000000 0.000000 1.000000 0.000000 0.000000 -1.000000 0.000000 0.000000 -1.000000 0.000000 0.000000 -1.000000 0.000000 0.000000 1.000000 0.000000 0.000000 1.000000 0.000000 0.000000 1.000000 0.000000 0.000000 -1.000000 0.000000 0.000000 -1.000000 0.000000 0.000000 -1.000000 0.000000 0.000000 1.000000 0.000000 0.000000 1.000000 0.000000 0.000000 1.000000 0.000000 0.000000 -1.000000 0.000000 0.000000 -1.000000 0.000000 0.000000 -1.000000 0.000000 0.000000 1.000000 0.000000 0.000000 1.000000 0.000000 0.000000 1.000000 0.000000 0.000000 -1.000000 0.000000 0.000000 -1.000000 0.000000 0.000000 -1.000000 0.000000 0.000000 1.000000 0.000000 0.000000 1.000000 0.000000 0.000000 1.000000 0.000000 0.000000 -1.000000 0.000000 0.000000 -1.000000 0.000000 0.000000 -1.000000 0.000000 0.000000 1.000000 0.000000 0.000000 1.000000 0.000000 0.000000 1.000000 0.000000 0.000000 -1.000000 0.000000 0.000000 -1.000000 0.000000 0.000000 -1.000000 0.000000 0.000000 1.000000 0.000000 0.000000 1.000000 0.000000 0.000000 1.000000 0.000000 0.000000 -1.000000 0.000000 0.000000 -1.000000 0.000000 0.000000 -1.000000 0.000000 0.000000 1.000000 0.000000 0.000000 1.000000 0.000000 0.000000 1.000000 0.000000 0.000000 -1.000000 0.000000 0.000000 -1.000000 0.000000 0.000000 -1.000000 0.000000 0.000000 1.000000 0.000000 0.000000 1.000000 0.000000 0.000000 1.000000 0.000000 0.000000 -1.000000 0.000000 0.000000 -1.000000 0.000000 0.000000 -1.000000 0.000000 0.000000 1.000000 0.000000 0.000000 1.000000 0.000000 0.000000 1.000000 0.000000 0.000000 -1.000000 0.000000 0.000000 -1.000000 0.000000 0.000000 -1.000000 0.000000 0.000000 1.000000 0.000000 0.000000 1.000000 0.000000 0.000000 1.000000 0.000000 0.000000 -1.000000 0.000000 0.000000 -1.000000 0.000000 0.000000 -1.000000 0.000000 0.000000 1.000000 0.000000 0.000000 1.000000 0.000000 0.000000 1.000000 0.000000 0.000000 -1.000000 0.000000 0.000000 -1.000000 0.000000 0.000000 -1.000000 0.000000 0.000000 1.000000 0.000000 0.000000 1.000000 0.000000 0.000000 1.000000 0.000000 -0.000000 -1.000000 0.000000 -0.000000 -1.000000 0.000000 -0.000000 -1.000000 0.000000 0.000000 1.000000 0.000000 0.000000 1.000000 0.000000 0.000000 1.000000 0.000000 0.000000 -1.000000 0.000000 0.000000 -1.000000 0.000000 0.000000 -1.000000 0.000000 0.000000 1.000000 0.000000 0.000000 1.000000 0.000000 0.000000 1.000000 0.000000 0.000000 -1.000000 0.000000 0.000000 -1.000000 0.000000 0.000000 -1.000000 0.000000 0.000000 1.000000 0.000000 0.000000 1.000000 0.000000 0.000000 1.000000 0.000000 0.000000 -1.000000 0.000000 0.000000 -1.000000 0.000000 0.000000 -1.000000 0.000000 0.000000 1.000000 0.000000 0.000000 1.000000 0.000000 0.000000 1.000000 0.000000 0.000000 -1.000000 0.000000 0.000000 -1.000000 0.000000 0.000000 -1.000000 0.000000 0.000000 1.000000 0.000000 0.000000 1.000000 0.000000 0.000000 1.000000 0.000000 0.000000 -1.000000 0.000000 0.000000 -1.000000 0.000000 0.000000 -1.000000 0.000000 0.000000 1.000000 0.000000 0.000000 1.000000 0.000000 0.000000 1.000000 0.000000 0.000000 -1.000000 0.000000 0.000000 -1.000000 0.000000 0.000000 -1.000000 0.000000 0.000000 1.000000 0.000000 0.000000 1.000000 0.000000 0.000000 1.000000 0.000000 0.000000 -1.000000 0.000000 0.000000 -1.000000 0.000000 0.000000 -1.000000 0.000000 0.000000 1.000000 0.000000 0.000000 1.000000 0.000000 0.000000 1.000000 0.000000 0.000000 -1.000000 0.000000 0.000000 -1.000000 0.000000 0.000000 -1.000000 0.000000 0.000000 1.000000 0.000000 0.000000 1.000000 0.000000 0.000000 1.000000 0.000000 0.000000 -1.000000 0.000000 0.000000 -1.000000 0.000000 0.000000 -1.000000 0.000000 0.000000 1.000000 0.000000 0.000000 1.000000 0.000000 0.000000 1.000000 0.000000 0.000000 -1.000000 0.000000 0.000000 -1.000000 0.000000 0.000000 -1.000000 0.000000 0.000000 1.000000 0.000000 0.000000 1.000000 0.000000 0.000000 1.000000 0.000000 0.000000 -1.000000 0.000000 0.000000 -1.000000 0.000000 0.000000 -1.000000 0.000000 0.000000 1.000000 0.000000 0.000000 1.000000 0.000000 0.000000 1.000000 0.000000 0.000000 -1.000000 0.000000 0.000000 -1.000000 0.000000 0.000000 -1.000000 0.000000 0.000000 1.000000 0.000000 0.000000 1.000000 0.000000 0.000000 1.000000 0.000000 0.000000 -1.000000 0.000000 0.000000 -1.000000 0.000000 0.000000 -1.000000 0.000000 0.000000 1.000000 0.000000 0.000000 1.000000 0.000000 0.000000 1.000000 0.000000 0.000000 -1.000000 0.000000 0.000000 -1.000000 0.000000 0.000000 -1.000000 -0.000000 0.000000 1.000000 -0.000000 0.000000 1.000000 -0.000000 0.000000 1.000000 0.000000 0.000000 -1.000000 0.000000 0.000000 -1.000000 0.000000 0.000000 -1.000000 0.000000 0.000000 1.000000 0.000000 0.000000 1.000000 0.000000 0.000000 1.000000 0.000000 0.000000 -1.000000 0.000000 0.000000 -1.000000 0.000000 0.000000 -1.000000 0.000000 0.000000 1.000000 0.000000 0.000000 1.000000 0.000000 0.000000 1.000000 0.000000 0.000000 -1.000000 0.000000 0.000000 -1.000000 0.000000 0.000000 -1.000000 0.000000 0.000000 1.000000 0.000000 0.000000 1.000000 0.000000 0.000000 1.000000 0.000000 0.000000 -1.000000 0.000000 0.000000 -1.000000 0.000000 0.000000 -1.000000 0.000000 0.000000 1.000000 0.000000 0.000000 1.000000 0.000000 0.000000 1.000000 0.000000 0.000000 -1.000000 0.000000 0.000000 -1.000000 0.000000 0.000000 -1.000000 0.000000 0.000000 1.000000 0.000000 0.000000 1.000000 0.000000 0.000000 1.000000 0.000000 0.000000 -1.000000 0.000000 0.000000 -1.000000 0.000000 0.000000 -1.000000 0.000000 0.000000 1.000000 0.000000 0.000000 1.000000 0.000000 0.000000 1.000000 0.000000 0.000000 -1.000000 0.000000 0.000000 -1.000000 0.000000 0.000000 -1.000000 0.000000 0.000000 1.000000 0.000000 0.000000 1.000000 0.000000 0.000000 1.000000 0.000000 0.000000 -1.000000 0.000000 0.000000 -1.000000 0.000000 0.000000 -1.000000 0.000000 0.000000 1.000000 0.000000 0.000000 1.000000 0.000000 0.000000 1.000000 0.000000 0.000000 -1.000000 0.000000 0.000000 -1.000000 0.000000 0.000000 -1.000000 0.000000 0.000000 1.000000 0.000000 0.000000 1.000000 0.000000 0.000000 1.000000 0.000000 0.000000 -1.000000 0.000000 0.000000 -1.000000 0.000000 0.000000 -1.000000 0.000000 0.000000 1.000000 0.000000 0.000000 1.000000 0.000000 0.000000 1.000000 0.000000 0.000000 -1.000000 0.000000 0.000000 -1.000000 0.000000 0.000000 -1.000000 0.000000 0.000000 1.000000 0.000000 0.000000 1.000000 0.000000 0.000000 1.000000 0.000000 0.000000 -1.000000 0.000000 0.000000 -1.000000 0.000000 0.000000 -1.000000 0.000000 0.000000 1.000000 0.000000 0.000000 1.000000 0.000000 0.000000 1.000000 0.000000 0.000000 -1.000000 0.000000 0.000000 -1.000000 0.000000 0.000000 -1.000000 0.000000 0.000000 1.000000 0.000000 0.000000 1.000000 0.000000 0.000000 1.000000 0.000000 0.000000 -1.000000 0.000000 0.000000 -1.000000 0.000000 0.000000 -1.000000 0.000000 0.000000 1.000000 0.000000 0.000000 1.000000 0.000000 0.000000 1.000000 0.000000 0.000000 -1.000000 0.000000 0.000000 -1.000000 0.000000 0.000000 -1.000000 0.000000 -0.000000 1.000000 0.000000 -0.000000 1.000000 0.000000 -0.000000 1.000000 0.000000 0.000000 -1.000000 0.000000 0.000000 -1.000000 0.000000 0.000000 -1.000000 0.000000 0.000000 1.000000 0.000000 0.000000 1.000000 0.000000 0.000000 1.000000 0.000000 0.000000 -1.000000 0.000000 0.000000 -1.000000 0.000000 0.000000 -1.000000 0.000000 0.000000 1.000000 0.000000 0.000000 1.000000 0.000000 0.000000 1.000000 0.000000 0.000000 -1.000000 0.000000 0.000000 -1.000000 0.000000 0.000000 -1.000000 0.000000 0.000000 1.000000 0.000000 0.000000 1.000000 0.000000 0.000000 1.000000 0.000000 0.000000 -1.000000 0.000000 0.000000 -1.000000 0.000000 0.000000 -1.000000 0.000000 0.000000 1.000000 0.000000 0.000000 1.000000 0.000000 0.000000 1.000000 0.000000 0.000000 -1.000000 0.000000 0.000000 -1.000000 0.000000 0.000000 -1.000000 0.000000 0.000000 1.000000 0.000000 0.000000 1.000000 0.000000 0.000000 1.000000 0.000000 0.000000 -1.000000 0.000000 0.000000 -1.000000 0.000000 0.000000 -1.000000 0.000000 0.000000 1.000000 0.000000 0.000000 1.000000 0.000000 0.000000 1.000000 0.000000 0.000000 -1.000000 0.000000 0.000000 -1.000000 0.000000 0.000000 -1.000000 0.000000 0.000000 1.000000 0.000000 0.000000 1.000000 0.000000 0.000000 1.000000 0.000000 0.000000 -1.000000 0.000000 0.000000 -1.000000 0.000000 0.000000 -1.000000 0.000000 0.000000 1.000000 0.000000 0.000000 1.000000 0.000000 0.000000 1.000000 0.000000 0.000000 -1.000000 0.000000 0.000000 -1.000000 0.000000 0.000000 -1.000000 0.000000 0.000000 1.000000 0.000000 0.000000 1.000000 0.000000 0.000000 1.000000 0.000000 0.000000 -1.000000 0.000000 0.000000 -1.000000 0.000000 0.000000 -1.000000 0.000000 0.000000 1.000000 0.000000 0.000000 1.000000 0.000000 0.000000 1.000000 0.000000 0.000000 -1.000000 0.000000 0.000000 -1.000000 0.000000 0.000000 -1.000000 0.000000 0.000000 1.000000 0.000000 0.000000 1.000000 0.000000 0.000000 1.000000 0.000000 0.000000 -1.000000 0.000000 0.000000 -1.000000 0.000000 0.000000 -1.000000 0.000000 0.000000 1.000000 0.000000 0.000000 1.000000 0.000000 0.000000 1.000000 0.000000 0.000000 -1.000000 0.000000 0.000000 -1.000000 0.000000 0.000000 -1.000000 0.000000 0.000000 1.000000 0.000000 0.000000 1.000000 0.000000 0.000000 1.000000 0.000000 0.000000 -1.000000 0.000000 0.000000 -1.000000 0.000000 0.000000 -1.000000 0.000000 0.000000 -1.000000 0.000000 0.000000 -1.000000 0.000000 0.000000 -1.000000 0.000000 0.000000 1.000000 0.000000 0.000000 1.000000 0.000000 0.000000 1.000000 0.000000 0.000000 1.000000 0.000000 0.000000 1.000000 0.000000 0.000000 1.000000 -0.000000 0.000000 -1.000000 -0.000000 0.000000 -1.000000 -0.000000 0.000000 -1.000000 0.000000 0.000000 1.000000 0.000000 0.000000 1.000000 0.000000 0.000000 1.000000 0.000000 0.000000 -1.000000 0.000000 0.000000 -1.000000 0.000000 0.000000 -1.000000 0.000000 0.000000 1.000000 0.000000 0.000000 1.000000 0.000000 0.000000 1.000000 0.000000 0.000000 -1.000000 0.000000 0.000000 -1.000000 0.000000 0.000000 -1.000000 0.000000 0.000000 1.000000 0.000000 0.000000 1.000000 0.000000 0.000000 1.000000 0.000000 0.000000 -1.000000 0.000000 0.000000 -1.000000 0.000000 0.000000 -1.000000 0.000000 0.000000 1.000000 0.000000 0.000000 1.000000 0.000000 0.000000 1.000000 0.000000 0.000000 -1.000000 0.000000 0.000000 -1.000000 0.000000 0.000000 -1.000000 0.000000 0.000000 1.000000 0.000000 0.000000 1.000000 0.000000 0.000000 1.000000 0.000000 0.000000 -1.000000 0.000000 0.000000 -1.000000 0.000000 0.000000 -1.000000 0.000000 0.000000 1.000000 0.000000 0.000000 1.000000 0.000000 0.000000 1.000000 0.000000 0.000000 -1.000000 0.000000 0.000000 -1.000000 0.000000 0.000000 -1.000000 0.000000 0.000000 1.000000 0.000000 0.000000 1.000000 0.000000 0.000000 1.000000 0.000000 0.000000 -1.000000 0.000000 0.000000 -1.000000 0.000000 0.000000 -1.000000 0.000000 0.000000 1.000000 0.000000 0.000000 1.000000 0.000000 0.000000 1.000000 0.000000 0.000000 -1.000000 0.000000 0.000000 -1.000000 0.000000 0.000000 -1.000000 0.000000 0.000000 1.000000 0.000000 0.000000 1.000000 0.000000 0.000000 1.000000 0.000000 0.000000 -1.000000 0.000000 0.000000 -1.000000 0.000000 0.000000 -1.000000 0.000000 0.000000 1.000000 0.000000 0.000000 1.000000 0.000000 0.000000 1.000000 0.000000 0.000000 -1.000000 0.000000 0.000000 -1.000000 0.000000 0.000000 -1.000000 0.000000 0.000000 1.000000 0.000000 0.000000 1.000000 0.000000 0.000000 1.000000 0.000000 0.000000 -1.000000 0.000000 0.000000 -1.000000 0.000000 0.000000 -1.000000 0.000000 0.000000 1.000000 0.000000 0.000000 1.000000 0.000000 0.000000 1.000000 0.000000 0.000000 -1.000000 0.000000 0.000000 -1.000000 0.000000 0.000000 -1.000000 0.000000 0.000000 1.000000 0.000000 0.000000 1.000000 0.000000 0.000000 1.000000 0.000000 0.000000 -1.000000 0.000000 0.000000 -1.000000 0.000000 0.000000 -1.000000 0.000000 0.000000 1.000000 0.000000 0.000000 1.000000 0.000000 0.000000 1.000000 0.000000 -0.000000 -1.000000 0.000000 -0.000000 -1.000000 0.000000 -0.000000 -1.000000 0.000000 0.000000 1.000000 0.000000 0.000000 1.000000 0.000000 0.000000 1.000000 0.000000 0.000000 -1.000000 0.000000 0.000000 -1.000000 0.000000 0.000000 -1.000000 0.000000 0.000000 1.000000 0.000000 0.000000 1.000000 0.000000 0.000000 1.000000 0.000000 0.000000 -1.000000 0.000000 0.000000 -1.000000 0.000000 0.000000 -1.000000 0.000000 0.000000 1.000000 0.000000 0.000000 1.000000 0.000000 0.000000 1.000000 0.000000 0.000000 -1.000000 0.000000 0.000000 -1.000000 0.000000 0.000000 -1.000000 0.000000 0.000000 1.000000 0.000000 0.000000 1.000000 0.000000 0.000000 1.000000 0.000000 0.000000 -1.000000 0.000000 0.000000 -1.000000 0.000000 0.000000 -1.000000 0.000000 0.000000 1.000000 0.000000 0.000000 1.000000 0.000000 0.000000 1.000000 0.000000 0.000000 -1.000000 0.000000 0.000000 -1.000000 0.000000 0.000000 -1.000000 0.000000 0.000000 1.000000 0.000000 0.000000 1.000000 0.000000 0.000000 1.000000 0.000000 0.000000 -1.000000 0.000000 0.000000 -1.000000 0.000000 0.000000 -1.000000 0.000000 0.000000 1.000000 0.000000 0.000000 1.000000 0.000000 0.000000 1.000000 0.000000 0.000000 -1.000000 0.000000 0.000000 -1.000000 0.000000 0.000000 -1.000000 0.000000 0.000000 1.000000 0.000000 0.000000 1.000000 0.000000 0.000000 1.000000 0.000000 0.000000 -1.000000 0.000000 0.000000 -1.000000 0.000000 0.000000 -1.000000 0.000000 0.000000 1.000000 0.000000 0.000000 1.000000 0.000000 0.000000 1.000000 0.000000 0.000000 -1.000000 0.000000 0.000000 -1.000000 0.000000 0.000000 -1.000000 0.000000 0.000000 1.000000 0.000000 0.000000 1.000000 0.000000 0.000000 1.000000 0.000000 0.000000 -1.000000 0.000000 0.000000 -1.000000 0.000000 0.000000 -1.000000 0.000000 0.000000 1.000000 0.000000 0.000000 1.000000 0.000000 0.000000 1.000000 0.000000 0.000000 -1.000000 0.000000 0.000000 -1.000000 0.000000 0.000000 -1.000000 0.000000 0.000000 1.000000 0.000000 0.000000 1.000000 0.000000 0.000000 1.000000 0.000000 0.000000 -1.000000 0.000000 0.000000 -1.000000 0.000000 0.000000 -1.000000 0.000000 0.000000 1.000000 0.000000 0.000000 1.000000 0.000000 0.000000 1.000000 0.000000 0.000000 -1.000000 0.000000 0.000000 -1.000000 0.000000 0.000000 -1.000000 0.000000 0.000000 1.000000 0.000000 0.000000 1.000000 0.000000 0.000000 1.000000 0.000000 0.000000 -1.000000 0.000000 0.000000 -1.000000 0.000000 0.000000 -1.000000 0.000000 0.000000 1.000000 0.000000 0.000000 1.000000 0.000000 0.000000 1.000000 0.000000 0.000000 -1.000000 0.000000 0.000000 -1.000000 0.000000 0.000000 -1.000000
          </float_array>
          <technique_common>
            <accessor source="#sail-normals-array" count="7560" stride="3">
              <param name="X" type="float"/>
              <param name="Y" type="float"/>
              <param name="Z" type="float"/>
            </accessor>
          </technique_common>
        </source>

        <source id="sail-uvs">
          <float_array id="sail-uvs-array" count="2404">
            1.000000 0.000000 0.966667 0.000000 0.933333 0.000000 0.900000 0.000000 0.866667 0.000000 0.833333 0.000000 0.800000 0.000000 0.766667 0.000000 0.733333 0.000000 0.700000 0.000000 0.666667 0.000000 0.633333 0.000000 0.600000 0.000000 0.566667 0.000000 0.533333 0.000000 0.500000 0.000000 0.466667 0.000000 0.433333 0.000000 0.400000 0.000000 0.366667 0.000000 0.333333 0.000000 0.300000 0.000000 0.266667 0.000000 0.233333 0.000000 0.200000 0.000000 0.166667 0.000000 0.133333 0.000000 0.100000 0.000000 0.066667 0.000000 0.033333 0.000000 0.000000 0.000000 0.033333 0.000000 0.066667 0.000000 0.100000 0.000000 0.133333 0.000000 0.166667 0.000000 0.200000 0.000000 0.233333 0.000000 0.266667 0.000000 0.300000 0.000000 0.333333 0.000000 0.366667 0.000000 0.400000 0.000000 0.433333 0.000000 0.466667 0.000000 0.500000 0.000000 0.533333 0.000000 0.566667 0.000000 0.600000 0.000000 0.633333 0.000000 0.666667 0.000000 0.700000 0.000000 0.733333 0.000000 0.766667 0.000000 0.800000 0.000000 0.833333 0.000000 0.866667 0.000000 0.900000 0.000000 0.933333 0.000000 0.966667 0.000000 1.000000 0.052632 0.966667 0.052632 0.933333 0.052632 0.900000 0.052632 0.866667 0.052632 0.833333 0.052632 0.800000 0.052632 0.766667 0.052632 0.733333 0.052632 0.700000 0.052632 0.666667 0.052632 0.633333 0.052632 0.600000 0.052632 0.566667 0.052632 0.533333 0.052632 0.500000 0.052632 0.466667 0.052632 0.433333 0.052632 0.400000 0.052632 0.366667 0.052632 0.333333 0.052632 0.300000 0.052632 0.266667 0.052632 0.233333 0.052632 0.200000 0.052632 0.166667 0.052632 0.133333 0.052632 0.100000 0.052632 0.066667 0.052632 0.033333 0.052632 0.000000 0.052632 0.033333 0.052632 0.066667 0.052632 0.100000 0.052632 0.133333 0.052632 0.166667 0.052632 0.200000 0.052632 0.233333 0.052632 0.266667 0.052632 0.300000 0.052632 0.333333 0.052632 0.366667 0.052632 0.400000 0.052632 0.433333 0.052632 0.466667 0.052632 0.500000 0.052632 0.533333 0.052632 0.566667 0.052632 0.600000 0.052632 0.633333 0.052632 0.666667 0.052632 0.700000 0.052632 0.733333 0.052632 0.766667 0.052632 0.800000 0.052632 0.833333 0.052632 0.866667 0.052632 0.900000 0.052632 0.933333 0.052632 0.966667 0.052632 1.000000 0.105263 0.966667 0.105263 0.933333 0.105263 0.900000 0.105263 0.866667 0.105263 0.833333 0.105263 0.800000 0.105263 0.766667 0.105263 0.733333 0.105263 0.700000 0.105263 0.666667 0.105263 0.633333 0.105263 0.600000 0.105263 0.566667 0.105263 0.533333 0.105263 0.500000 0.105263 0.466667 0.105263 0.433333 0.105263 0.400000 0.105263 0.366667 0.105263 0.333333 0.105263 0.300000 0.105263 0.266667 0.105263 0.233333 0.105263 0.200000 0.105263 0.166667 0.105263 0.133333 0.105263 0.100000 0.105263 0.066667 0.105263 0.033333 0.105263 0.000000 0.105263 0.033333 0.105263 0.066667 0.105263 0.100000 0.105263 0.133333 0.105263 0.166667 0.105263 0.200000 0.105263 0.233333 0.105263 0.266667 0.105263 0.300000 0.105263 0.333333 0.105263 0.366667 0.105263 0.400000 0.105263 0.433333 0.105263 0.466667 0.105263 0.500000 0.105263 0.533333 0.105263 0.566667 0.105263 0.600000 0.105263 0.633333 0.105263 0.666667 0.105263 0.700000 0.105263 0.733333 0.105263 0.766667 0.105263 0.800000 0.105263 0.833333 0.105263 0.866667 0.105263 0.900000 0.105263 0.933333 0.105263 0.966667 0.105263 1.000000 0.157895 0.966667 0.157895 0.933333 0.157895 0.900000 0.157895 0.866667 0.157895 0.833333 0.157895 0.800000 0.157895 0.766667 0.157895 0.733333 0.157895 0.700000 0.157895 0.666667 0.157895 0.633333 0.157895 0.600000 0.157895 0.566667 0.157895 0.533333 0.157895 0.500000 0.157895 0.466667 0.157895 0.433333 0.157895 0.400000 0.157895 0.366667 0.157895 0.333333 0.157895 0.300000 0.157895 0.266667 0.157895 0.233333 0.157895 0.200000 0.157895 0.166667 0.157895 0.133333 0.157895 0.100000 0.157895 0.066667 0.157895 0.033333 0.157895 0.000000 0.157895 0.033333 0.157895 0.066667 0.157895 0.100000 0.157895 0.133333 0.157895 0.166667 0.157895 0.200000 0.157895 0.233333 0.157895 0.266667 0.157895 0.300000 0.157895 0.333333 0.157895 0.366667 0.157895 0.400000 0.157895 0.433333 0.157895 0.466667 0.157895 0.500000 0.157895 0.533333 0.157895 0.566667 0.157895 0.600000 0.157895 0.633333 0.157895 0.666667 0.157895 0.700000 0.157895 0.733333 0.157895 0.766667 0.157895 0.800000 0.157895 0.833333 0.157895 0.866667 0.157895 0.900000 0.157895 0.933333 0.157895 0.966667 0.157895 1.000000 0.210526 0.966667 0.210526 0.933333 0.210526 0.900000 0.210526 0.866667 0.210526 0.833333 0.210526 0.800000 0.210526 0.766667 0.210526 0.733333 0.210526 0.700000 0.210526 0.666667 0.210526 0.633333 0.210526 0.600000 0.210526 0.566667 0.210526 0.533333 0.210526 0.500000 0.210526 0.466667 0.210526 0.433333 0.210526 0.400000 0.210526 0.366667 0.210526 0.333333 0.210526 0.300000 0.210526 0.266667 0.210526 0.233333 0.210526 0.200000 0.210526 0.166667 0.210526 0.133333 0.210526 0.100000 0.210526 0.066667 0.210526 0.033333 0.210526 0.000000 0.210526 0.033333 0.210526 0.066667 0.210526 0.100000 0.210526 0.133333 0.210526 0.166667 0.210526 0.200000 0.210526 0.233333 0.210526 0.266667 0.210526 0.300000 0.210526 0.333333 0.210526 0.366667 0.210526 0.400000 0.210526 0.433333 0.210526 0.466667 0.210526 0.500000 0.210526 0.533333 0.210526 0.566667 0.210526 0.600000 0.210526 0.633333 0.210526 0.666667 0.210526 0.700000 0.210526 0.733333 0.210526 0.766667 0.210526 0.800000 0.210526 0.833333 0.210526 0.866667 0.210526 0.900000 0.210526 0.933333 0.210526 0.966667 0.210526 1.000000 0.263158 0.966667 0.263158 0.933333 0.263158 0.900000 0.263158 0.866667 0.263158 0.833333 0.263158 0.800000 0.263158 0.766667 0.263158 0.733333 0.263158 0.700000 0.263158 0.666667 0.263158 0.633333 0.263158 0.600000 0.263158 0.566667 0.263158 0.533333 0.263158 0.500000 0.263158 0.466667 0.263158 0.433333 0.263158 0.400000 0.263158 0.366667 0.263158 0.333333 0.263158 0.300000 0.263158 0.266667 0.263158 0.233333 0.263158 0.200000 0.263158 0.166667 0.263158 0.133333 0.263158 0.100000 0.263158 0.066667 0.263158 0.033333 0.263158 0.000000 0.263158 0.033333 0.263158 0.066667 0.263158 0.100000 0.263158 0.133333 0.263158 0.166667 0.263158 0.200000 0.263158 0.233333 0.263158 0.266667 0.263158 0.300000 0.263158 0.333333 0.263158 0.366667 0.263158 0.400000 0.263158 0.433333 0.263158 0.466667 0.263158 0.500000 0.263158 0.533333 0.263158 0.566667 0.263158 0.600000 0.263158 0.633333 0.263158 0.666667 0.263158 0.700000 0.263158 0.733333 0.263158 0.766667 0.263158 0.800000 0.263158 0.833333 0.263158 0.866667 0.263158 0.900000 0.263158 0.933333 0.263158 0.966667 0.263158 1.000000 0.315789 0.966667 0.315789 0.933333 0.315789 0.900000 0.315789 0.866667 0.315789 0.833333 0.315789 0.800000 0.315789 0.766667 0.315789 0.733333 0.315789 0.700000 0.315789 0.666667 0.315789 0.633333 0.315789 0.600000 0.315789 0.566667 0.315789 0.533333 0.315789 0.500000 0.315789 0.466667 0.315789 0.433333 0.315789 0.400000 0.315789 0.366667 0.315789 0.333333 0.315789 0.300000 0.315789 0.266667 0.315789 0.233333 0.315789 0.200000 0.315789 0.166667 0.315789 0.133333 0.315789 0.100000 0.315789 0.066667 0.315789 0.033333 0.315789 0.000000 0.315789 0.033333 0.315789 0.066667 0.315789 0.100000 0.315789 0.133333 0.315789 0.166667 0.315789 0.200000 0.315789 0.233333 0.315789 0.266667 0.315789 0.300000 0.315789 0.333333 0.315789 0.366667 0.315789 0.400000 0.315789 0.433333 0.315789 0.466667 0.315789 0.500000 0.315789 0.533333 0.315789 0.566667 0.315789 0.600000 0.315789 0.633333 0.315789 0.666667 0.315789 0.700000 0.315789 0.733333 0.315789 0.766667 0.315789 0.800000 0.315789 0.833333 0.315789 0.866667 0.315789 0.900000 0.315789 0.933333 0.315789 0.966667 0.315789 1.000000 0.368421 0.966667 0.368421 0.933333 0.368421 0.900000 0.368421 0.866667 0.368421 0.833333 0.368421 0.800000 0.368421 0.766667 0.368421 0.733333 0.368421 0.700000 0.368421 0.666667 0.368421 0.633333 0.368421 0.600000 0.368421 0.566667 0.368421 0.533333 0.368421 0.500000 0.368421 0.466667 0.368421 0.433333 0.368421 0.400000 0.368421 0.366667 0.368421 0.333333 0.368421 0.300000 0.368421 0.266667 0.368421 0.233333 0.368421 0.200000 0.368421 0.166667 0.368421 0.133333 0.368421 0.100000 0.368421 0.066667 0.368421 0.033333 0.368421 0.000000 0.368421 0.033333 0.368421 0.066667 0.368421 0.100000 0.368421 0.133333 0.368421 0.166667 0.368421 0.200000 0.368421 0.233333 0.368421 0.266667 0.368421 0.300000 0.368421 0.333333 0.368421 0.366667 0.368421 0.400000 0.368421 0.433333 0.368421 0.466667 0.368421 0.500000 0.368421 0.533333 0.368421 0.566667 0.368421 0.600000 0.368421 0.633333 0.368421 0.666667 0.368421 0.700000 0.368421 0.733333 0.368421 0.766667 0.368421 0.800000 0.368421 0.833333 0.368421 0.866667 0.368421 0.900000 0.368421 0.933333 0.368421 0.966667 0.368421 1.000000 0.421053 0.966667 0.421053 0.933333 0.421053 0.900000 0.421053 0.866667 0.421053 0.833333 0.421053 0.800000 0.421053 0.766667 0.421053 0.733333 0.421053 0.700000 0.421053 0.666667 0.421053 0.633333 0.421053 0.600000 0.421053 0.566667 0.421053 0.533333 0.421053 0.500000 0.421053 0.466667 0.421053 0.433333 0.421053 0.400000 0.421053 0.366667 0.421053 0.333333 0.421053 0.300000 0.421053 0.266667 0.421053 0.233333 0.421053 0.200000 0.421053 0.166667 0.421053 0.133333 0.421053 0.100000 0.421053 0.066667 0.421053 0.033333 0.421053 0.000000 0.421053 0.033333 0.421053 0.066667 0.421053 0.100000 0.421053 0.133333 0.421053 0.166667 0.421053 0.200000 0.421053 0.233333 0.421053 0.266667 0.421053 0.300000 0.421053 0.333333 0.421053 0.366667 0.421053 0.400000 0.421053 0.433333 0.421053 0.466667 0.421053 0.500000 0.421053 0.533333 0.421053 0.566667 0.421053 0.600000 0.421053 0.633333 0.421053 0.666667 0.421053 0.700000 0.421053 0.733333 0.421053 0.766667 0.421053 0.800000 0.421053 0.833333 0.421053 0.866667 0.421053 0.900000 0.421053 0.933333 0.421053 0.966667 0.421053 1.000000 0.473684 0.966667 0.473684 0.933333 0.473684 0.900000 0.473684 0.866667 0.473684 0.833333 0.473684 0.800000 0.473684 0.766667 0.473684 0.733333 0.473684 0.700000 0.473684 0.666667 0.473684 0.633333 0.473684 0.600000 0.473684 0.566667 0.473684 0.533333 0.473684 0.500000 0.473684 0.466667 0.473684 0.433333 0.473684 0.400000 0.473684 0.366667 0.473684 0.333333 0.473684 0.300000 0.473684 0.266667 0.473684 0.233333 0.473684 0.200000 0.473684 0.166667 0.473684 0.133333 0.473684 0.100000 0.473684 0.066667 0.473684 0.033333 0.473684 0.000000 0.473684 0.033333 0.473684 0.066667 0.473684 0.100000 0.473684 0.133333 0.473684 0.166667 0.473684 0.200000 0.473684 0.233333 0.473684 0.266667 0.473684 0.300000 0.473684 0.333333 0.473684 0.366667 0.473684 0.400000 0.473684 0.433333 0.473684 0.466667 0.473684 0.500000 0.473684 0.533333 0.473684 0.566667 0.473684 0.600000 0.473684 0.633333 0.473684 0.666667 0.473684 0.700000 0.473684 0.733333 0.473684 0.766667 0.473684 0.800000 0.473684 0.833333 0.473684 0.866667 0.473684 0.900000 0.473684 0.933333 0.473684 0.966667 0.473684 1.000000 0.526316 0.966667 0.526316 0.933333 0.526316 0.900000 0.526316 0.866667 0.526316 0.833333 0.526316 0.800000 0.526316 0.766667 0.526316 0.733333 0.526316 0.700000 0.526316 0.666667 0.526316 0.633333 0.526316 0.600000 0.526316 0.566667 0.526316 0.533333 0.526316 0.500000 0.526316 0.466667 0.526316 0.433333 0.526316 0.400000 0.526316 0.366667 0.526316 0.333333 0.526316 0.300000 0.526316 0.266667 0.526316 0.233333 0.526316 0.200000 0.526316 0.166667 0.526316 0.133333 0.526316 0.100000 0.526316 0.066667 0.526316 0.033333 0.526316 0.000000 0.526316 0.033333 0.526316 0.066667 0.526316 0.100000 0.526316 0.133333 0.526316 0.166667 0.526316 0.200000 0.526316 0.233333 0.526316 0.266667 0.526316 0.300000 0.526316 0.333333 0.526316 0.366667 0.526316 0.400000 0.526316 0.433333 0.526316 0.466667 0.526316 0.500000 0.526316 0.533333 0.526316 0.566667 0.526316 0.600000 0.526316 0.633333 0.526316 0.666667 0.526316 0.700000 0.526316 0.733333 0.526316 0.766667 0.526316 0.800000 0.526316 0.833333 0.526316 0.866667 0.526316 0.900000 0.526316 0.933333 0.526316 0.966667 0.526316 1.000000 0.578947 0.966667 0.578947 0.933333 0.578947 0.900000 0.578947 0.866667 0.578947 0.833333 0.578947 0.800000 0.578947 0.766667 0.578947 0.733333 0.578947 0.700000 0.578947 0.666667 0.578947 0.633333 0.578947 0.600000 0.578947 0.566667 0.578947 0.533333 0.578947 0.500000 0.578947 0.466667 0.578947 0.433333 0.578947 0.400000 0.578947 0.366667 0.578947 0.333333 0.578947 0.300000 0.578947 0.266667 0.578947 0.233333 0.578947 0.200000 0.578947 0.166667 0.578947 0.133333 0.578947 0.100000 0.578947 0.066667 0.578947 0.033333 0.578947 0.000000 0.578947 0.033333 0.578947 0.066667 0.578947 0.100000 0.578947 0.133333 0.578947 0.166667 0.578947 0.200000 0.578947 0.233333 0.578947 0.266667 0.578947 0.300000 0.578947 0.333333 0.578947 0.366667 0.578947 0.400000 0.578947 0.433333 0.578947 0.466667 0.578947 0.500000 0.578947 0.533333 0.578947 0.566667 0.578947 0.600000 0.578947 0.633333 0.578947 0.666667 0.578947 0.700000 0.578947 0.733333 0.578947 0.766667 0.578947 0.800000 0.578947 0.833333 0.578947 0.866667 0.578947 0.900000 0.578947 0.933333 0.578947 0.966667 0.578947 1.000000 0.631579 0.966667 0.631579 0.933333 0.631579 0.900000 0.631579 0.866667 0.631579 0.833333 0.631579 0.800000 0.631579 0.766667 0.631579 0.733333 0.631579 0.700000 0.631579 0.666667 0.631579 0.633333 0.631579 0.600000 0.631579 0.566667 0.631579 0.533333 0.631579 0.500000 0.631579 0.466667 0.631579 0.433333 0.631579 0.400000 0.631579 0.366667 0.631579 0.333333 0.631579 0.300000 0.631579 0.266667 0.631579 0.233333 0.631579 0.200000 0.631579 0.166667 0.631579 0.133333 0.631579 0.100000 0.631579 0.066667 0.631579 0.033333 0.631579 0.000000 0.631579 0.033333 0.631579 0.066667 0.631579 0.100000 0.631579 0.133333 0.631579 0.166667 0.631579 0.200000 0.631579 0.233333 0.631579 0.266667 0.631579 0.300000 0.631579 0.333333 0.631579 0.366667 0.631579 0.400000 0.631579 0.433333 0.631579 0.466667 0.631579 0.500000 0.631579 0.533333 0.631579 0.566667 0.631579 0.600000 0.631579 0.633333 0.631579 0.666667 0.631579 0.700000 0.631579 0.733333 0.631579 0.766667 0.631579 0.800000 0.631579 0.833333 0.631579 0.866667 0.631579 0.900000 0.631579 0.933333 0.631579 0.966667 0.631579 1.000000 0.684211 0.966667 0.684211 0.933333 0.684211 0.900000 0.684211 0.866667 0.684211 0.833333 0.684211 0.800000 0.684211 0.766667 0.684211 0.733333 0.684211 0.700000 0.684211 0.666667 0.684211 0.633333 0.684211 0.600000 0.684211 0.566667 0.684211 0.533333 0.684211 0.500000 0.684211 0.466667 0.684211 0.433333 0.684211 0.400000 0.684211 0.366667 0.684211 0.333333 0.684211 0.300000 0.684211 0.266667 0.684211 0.233333 0.684211 0.200000 0.684211 0.166667 0.684211 0.133333 0.684211 0.100000 0.684211 0.066667 0.684211 0.033333 0.684211 0.000000 0.684211 0.033333 0.684211 0.066667 0.684211 0.100000 0.684211 0.133333 0.684211 0.166667 0.684211 0.200000 0.684211 0.233333 0.684211 0.266667 0.684211 0.300000 0.684211 0.333333 0.684211 0.366667 0.684211 0.400000 0.684211 0.433333 0.684211 0.466667 0.684211 0.500000 0.684211 0.533333 0.684211 0.566667 0.684211 0.600000 0.684211 0.633333 0.684211 0.666667 0.684211 0.700000 0.684211 0.733333 0.684211 0.766667 0.684211 0.800000 0.684211 0.833333 0.684211 0.866667 0.684211 0.900000 0.684211 0.933333 0.684211 0.966667 0.684211 1.000000 0.736842 0.966667 0.736842 0.933333 0.736842 0.900000 0.736842 0.866667 0.736842 0.833333 0.736842 0.800000 0.736842 0.766667 0.736842 0.733333 0.736842 0.700000 0.736842 0.666667 0.736842 0.633333 0.736842 0.600000 0.736842 0.566667 0.736842 0.533333 0.736842 0.500000 0.736842 0.466667 0.736842 0.433333 0.736842 0.400000 0.736842 0.366667 0.736842 0.333333 0.736842 0.300000 0.736842 0.266667 0.736842 0.233333 0.736842 0.200000 0.736842 0.166667 0.736842 0.133333 0.736842 0.100000 0.736842 0.066667 0.736842 0.033333 0.736842 0.000000 0.736842 0.033333 0.736842 0.066667 0.736842 0.100000 0.736842 0.133333 0.736842 0.166667 0.736842 0.200000 0.736842 0.233333 0.736842 0.266667 0.736842 0.300000 0.736842 0.333333 0.736842 0.366667 0.736842 0.400000 0.736842 0.433333 0.736842 0.466667 0.736842 0.500000 0.736842 0.533333 0.736842 0.566667 0.736842 0.600000 0.736842 0.633333 0.736842 0.666667 0.736842 0.700000 0.736842 0.733333 0.736842 0.766667 0.736842 0.800000 0.736842 0.833333 0.736842 0.866667 0.736842 0.900000 0.736842 0.933333 0.736842 0.966667 0.736842 1.000000 0.789474 0.966667 0.789474 0.933333 0.789474 0.900000 0.789474 0.866667 0.789474 0.833333 0.789474 0.800000 0.789474 0.766667 0.789474 0.733333 0.789474 0.700000 0.789474 0.666667 0.789474 0.633333 0.789474 0.600000 0.789474 0.566667 0.789474 0.533333 0.789474 0.500000 0.789474 0.466667 0.789474 0.433333 0.789474 0.400000 0.789474 0.366667 0.789474 0.333333 0.789474 0.300000 0.789474 0.266667 0.789474 0.233333 0.789474 0.200000 0.789474 0.166667 0.789474 0.133333 0.789474 0.100000 0.789474 0.066667 0.789474 0.033333 0.789474 0.000000 0.789474 0.033333 0.789474 0.066667 0.789474 0.100000 0.789474 0.133333 0.789474 0.166667 0.789474 0.200000 0.789474 0.233333 0.789474 0.266667 0.789474 0.300000 0.789474 0.333333 0.789474 0.366667 0.789474 0.400000 0.789474 0.433333 0.789474 0.466667 0.789474 0.500000 0.789474 0.533333 0.789474 0.566667 0.789474 0.600000 0.789474 0.633333 0.789474 0.666667 0.789474 0.700000 0.789474 0.733333 0.789474 0.766667 0.789474 0.800000 0.789474 0.833333 0.789474 0.866667 0.789474 0.900000 0.789474 0.933333 0.789474 0.966667 0.789474 1.000000 0.842105 0.966667 0.842105 0.933333 0.842105 0.900000 0.842105 0.866667 0.842105 0.833333 0.842105 0.800000 0.842105 0.766667 0.842105 0.733333 0.842105 0.700000 0.842105 0.666667 0.842105 0.633333 0.842105 0.600000 0.842105 0.566667 0.842105 0.533333 0.842105 0.500000 0.842105 0.466667 0.842105 0.433333 0.842105 0.400000 0.842105 0.366667 0.842105 0.333333 0.842105 0.300000 0.842105 0.266667 0.842105 0.233333 0.842105 0.200000 0.842105 0.166667 0.842105 0.133333 0.842105 0.100000 0.842105 0.066667 0.842105 0.033333 0.842105 0.000000 0.842105 0.033333 0.842105 0.066667 0.842105 0.100000 0.842105 0.133333 0.842105 0.166667 0.842105 0.200000 0.842105 0.233333 0.842105 0.266667 0.842105 0.300000 0.842105 0.333333 0.842105 0.366667 0.842105 0.400000 0.842105 0.433333 0.842105 0.466667 0.842105 0.500000 0.842105 0.533333 0.842105 0.566667 0.842105 0.600000 0.842105 0.633333 0.842105 0.666667 0.842105 0.700000 0.842105 0.733333 0.842105 0.766667 0.842105 0.800000 0.842105 0.833333 0.842105 0.866667 0.842105 0.900000 0.842105 0.933333 0.842105 0.966667 0.842105 1.000000 0.894737 0.966667 0.894737 0.933333 0.894737 0.900000 0.894737 0.866667 0.894737 0.833333 0.894737 0.800000 0.894737 0.766667 0.894737 0.733333 0.894737 0.700000 0.894737 0.666667 0.894737 0.633333 0.894737 0.600000 0.894737 0.566667 0.894737 0.533333 0.894737 0.500000 0.894737 0.466667 0.894737 0.433333 0.894737 0.400000 0.894737 0.366667 0.894737 0.333333 0.894737 0.300000 0.894737 0.266667 0.894737 0.233333 0.894737 0.200000 0.894737 0.166667 0.894737 0.133333 0.894737 0.100000 0.894737 0.066667 0.894737 0.033333 0.894737 0.000000 0.894737 0.033333 0.894737 0.066667 0.894737 0.100000 0.894737 0.133333 0.894737 0.166667 0.894737 0.200000 0.894737 0.233333 0.894737 0.266667 0.894737 0.300000 0.894737 0.333333 0.894737 0.366667 0.894737 0.400000 0.894737 0.433333 0.894737 0.466667 0.894737 0.500000 0.894737 0.533333 0.894737 0.566667 0.894737 0.600000 0.894737 0.633333 0.894737 0.666667 0.894737 0.700000 0.894737 0.733333 0.894737 0.766667 0.894737 0.800000 0.894737 0.833333 0.894737 0.866667 0.894737 0.900000 0.894737 0.933333 0.894737 0.966667 0.894737 1.000000 0.947368 0.966667 0.947368 0.933333 0.947368 0.900000 0.947368 0.866667 0.947368 0.833333 0.947368 0.800000 0.947368 0.766667 0.947368 0.733333 0.947368 0.700000 0.947368 0.666667 0.947368 0.633333 0.947368 0.600000 0.947368 0.566667 0.947368 0.533333 0.947368 0.500000 0.947368 0.466667 0.947368 0.433333 0.947368 0.400000 0.947368 0.366667 0.947368 0.333333 0.947368 0.300000 0.947368 0.266667 0.947368 0.233333 0.947368 0.200000 0.947368 0.166667 0.947368 0.133333 0.947368 0.100000 0.947368 0.066667 0.947368 0.033333 0.947368 0.000000 0.947368 0.033333 0.947368 0.066667 0.947368 0.100000 0.947368 0.133333 0.947368 0.166667 0.947368 0.200000 0.947368 0.233333 0.947368 0.266667 0.947368 0.300000 0.947368 0.333333 0.947368 0.366667 0.947368 0.400000 0.947368 0.433333 0.947368 0.466667 0.947368 0.500000 0.947368 0.533333 0.947368 0.566667 0.947368 0.600000 0.947368 0.633333 0.947368 0.666667 0.947368 0.700000 0.947368 0.733333 0.947368 0.766667 0.947368 0.800000 0.947368 0.833333 0.947368 0.866667 0.947368 0.900000 0.947368 0.933333 0.947368 0.966667 0.947368 1.000000 1.000000 0.966667 1.000000 0.933333 1.000000 0.900000 1.000000 0.866667 1.000000 0.833333 1.000000 0.800000 1.000000 0.766667 1.000000 0.733333 1.000000 0.700000 1.000000 0.666667 1.000000 0.633333 1.000000 0.600000 1.000000 0.566667 1.000000 0.533333 1.000000 0.500000 1.000000 0.466667 1.000000 0.433333 1.000000 0.400000 1.000000 0.366667 1.000000 0.333333 1.000000 0.300000 1.000000 0.266667 1.000000 0.233333 1.000000 0.200000 1.000000 0.166667 1.000000 0.133333 1.000000 0.100000 1.000000 0.066667 1.000000 0.033333 1.000000 0.000000 1.000000 0.033333 1.000000 0.066667 1.000000 0.100000 1.000000 0.133333 1.000000 0.166667 1.000000 0.200000 1.000000 0.233333 1.000000 0.266667 1.000000 0.300000 1.000000 0.333333 1.000000 0.366667 1.000000 0.400000 1.000000 0.433333 1.000000 0.466667 1.000000 0.500000 1.000000 0.533333 1.000000 0.566667 1.000000 0.600000 1.000000 0.633333 1.000000 0.666667 1.000000 0.700000 1.000000 0.733333 1.000000 0.766667 1.000000 0.800000 1.000000 0.833333 1.000000 0.866667 1.000000 0.900000 1.000000 0.933333 1.000000 0.966667 1.000000 0.500000 0.000000 0.500000 1.000000
          </float_array>
          <technique_common>
            <accessor source="#sail-uvs-array" count="1202" stride="2">
              <param name="S" type="float"/>
              <param name="T" type="float"/>
            </accessor>
          </technique_common>
        </source>

        <vertices id="sail-vertices">
          <input semantic="POSITION" source="#sail-positions"/>
        </vertices>

        <triangles count="2520" material="sail_mat">
          <input semantic="VERTEX"   source="#sail-vertices" offset="0"/>
          <input semantic="NORMAL"   source="#sail-normals"  offset="1"/>
          <input semantic="TEXCOORD" source="#sail-uvs"      offset="2" set="0"/>
          <p>0 0 0 60 1 60 61 2 61 0 3 0 61 4 61 1 5 1 1 6 1 61 7 61 62 8 62 1 9 1 62 10 62 2 11 2 2 12 2 62 13 62 63 14 63 2 15 2 63 16 63 3 17 3 3 18 3 63 19 63 64 20 64 3 21 3 64 22 64 4 23 4 4 24 4 64 25 64 65 26 65 4 27 4 65 28 65 5 29 5 5 30 5 65 31 65 66 32 66 5 33 5 66 34 66 6 35 6 6 36 6 66 37 66 67 38 67 6 39 6 67 40 67 7 41 7 7 42 7 67 43 67 68 44 68 7 45 7 68 46 68 8 47 8 8 48 8 68 49 68 69 50 69 8 51 8 69 52 69 9 53 9 9 54 9 69 55 69 70 56 70 9 57 9 70 58 70 10 59 10 10 60 10 70 61 70 71 62 71 10 63 10 71 64 71 11 65 11 11 66 11 71 67 71 72 68 72 11 69 11 72 70 72 12 71 12 12 72 12 72 73 72 73 74 73 12 75 12 73 76 73 13 77 13 13 78 13 73 79 73 74 80 74 13 81 13 74 82 74 14 83 14 14 84 14 74 85 74 75 86 75 14 87 14 75 88 75 15 89 15 15 90 15 75 91 75 76 92 76 15 93 15 76 94 76 16 95 16 16 96 16 76 97 76 77 98 77 16 99 16 77 100 77 17 101 17 17 102 17 77 103 77 78 104 78 17 105 17 78 106 78 18 107 18 18 108 18 78 109 78 79 110 79 18 111 18 79 112 79 19 113 19 19 114 19 79 115 79 80 116 80 19 117 19 80 118 80 20 119 20 20 120 20 80 121 80 81 122 81 20 123 20 81 124 81 21 125 21 21 126 21 81 127 81 82 128 82 21 129 21 82 130 82 22 131 22 22 132 22 82 133 82 83 134 83 22 135 22 83 136 83 23 137 23 23 138 23 83 139 83 84 140 84 23 141 23 84 142 84 24 143 24 24 144 24 84 145 84 85 146 85 24 147 24 85 148 85 25 149 25 25 150 25 85 151 85 86 152 86 25 153 25 86 154 86 26 155 26 26 156 26 86 157 86 87 158 87 26 159 26 87 160 87 27 161 27 27 162 27 87 163 87 88 164 88 27 165 27 88 166 88 28 167 28 28 168 28 88 169 88 89 170 89 28 171 28 89 172 89 29 173 29 29 174 29 89 175 89 90 176 90 29 177 29 90 178 90 30 179 30 30 180 30 90 181 90 91 182 91 30 183 30 91 184 91 31 185 31 31 186 31 91 187 91 92 188 92 31 189 31 92 190 92 32 191 32 32 192 32 92 193 92 93 194 93 32 195 32 93 196 93 33 197 33 33 198 33 93 199 93 94 200 94 33 201 33 94 202 94 34 203 34 34 204 34 94 205 94 95 206 95 34 207 34 95 208 95 35 209 35 35 210 35 95 211 95 96 212 96 35 213 35 96 214 96 36 215 36 36 216 36 96 217 96 97 218 97 36 219 36 97 220 97 37 221 37 37 222 37 97 223 97 98 224 98 37 225 37 98 226 98 38 227 38 38 228 38 98 229 98 99 230 99 38 231 38 99 232 99 39 233 39 39 234 39 99 235 99 100 236 100 39 237 39 100 238 100 40 239 40 40 240 40 100 241 100 101 242 101 40 243 40 101 244 101 41 245 41 41 246 41 101 247 101 102 248 102 41 249 41 102 250 102 42 251 42 42 252 42 102 253 102 103 254 103 42 255 42 103 256 103 43 257 43 43 258 43 103 259 103 104 260 104 43 261 43 104 262 104 44 263 44 44 264 44 104 265 104 105 266 105 44 267 44 105 268 105 45 269 45 45 270 45 105 271 105 106 272 106 45 273 45 106 274 106 46 275 46 46 276 46 106 277 106 107 278 107 46 279 46 107 280 107 47 281 47 47 282 47 107 283 107 108 284 108 47 285 47 108 286 108 48 287 48 48 288 48 108 289 108 109 290 109 48 291 48 109 292 109 49 293 49 49 294 49 109 295 109 110 296 110 49 297 49 110 298 110 50 299 50 50 300 50 110 301 110 111 302 111 50 303 50 111 304 111 51 305 51 51 306 51 111 307 111 112 308 112 51 309 51 112 310 112 52 311 52 52 312 52 112 313 112 113 314 113 52 315 52 113 316 113 53 317 53 53 318 53 113 319 113 114 320 114 53 321 53 114 322 114 54 323 54 54 324 54 114 325 114 115 326 115 54 327 54 115 328 115 55 329 55 55 330 55 115 331 115 116 332 116 55 333 55 116 334 116 56 335 56 56 336 56 116 337 116 117 338 117 56 339 56 117 340 117 57 341 57 57 342 57 117 343 117 118 344 118 57 345 57 118 346 118 58 347 58 58 348 58 118 349 118 119 350 119 58 351 58 119 352 119 59 353 59 59 354 59 119 355 119 60 356 60 59 357 59 60 358 60 0 359 0 60 360 60 120 361 120 121 362 121 60 363 60 121 364 121 61 365 61 61 366 61 121 367 121 122 368 122 61 369 61 122 370 122 62 371 62 62 372 62 122 373 122 123 374 123 62 375 62 123 376 123 63 377 63 63 378 63 123 379 123 124 380 124 63 381 63 124 382 124 64 383 64 64 384 64 124 385 124 125 386 125 64 387 64 125 388 125 65 389 65 65 390 65 125 391 125 126 392 126 65 393 65 126 394 126 66 395 66 66 396 66 126 397 126 127 398 127 66 399 66 127 400 127 67 401 67 67 402 67 127 403 127 128 404 128 67 405 67 128 406 128 68 407 68 68 408 68 128 409 128 129 410 129 68 411 68 129 412 129 69 413 69 69 414 69 129 415 129 130 416 130 69 417 69 130 418 130 70 419 70 70 420 70 130 421 130 131 422 131 70 423 70 131 424 131 71 425 71 71 426 71 131 427 131 132 428 132 71 429 71 132 430 132 72 431 72 72 432 72 132 433 132 133 434 133 72 435 72 133 436 133 73 437 73 73 438 73 133 439 133 134 440 134 73 441 73 134 442 134 74 443 74 74 444 74 134 445 134 135 446 135 74 447 74 135 448 135 75 449 75 75 450 75 135 451 135 136 452 136 75 453 75 136 454 136 76 455 76 76 456 76 136 457 136 137 458 137 76 459 76 137 460 137 77 461 77 77 462 77 137 463 137 138 464 138 77 465 77 138 466 138 78 467 78 78 468 78 138 469 138 139 470 139 78 471 78 139 472 139 79 473 79 79 474 79 139 475 139 140 476 140 79 477 79 140 478 140 80 479 80 80 480 80 140 481 140 141 482 141 80 483 80 141 484 141 81 485 81 81 486 81 141 487 141 142 488 142 81 489 81 142 490 142 82 491 82 82 492 82 142 493 142 143 494 143 82 495 82 143 496 143 83 497 83 83 498 83 143 499 143 144 500 144 83 501 83 144 502 144 84 503 84 84 504 84 144 505 144 145 506 145 84 507 84 145 508 145 85 509 85 85 510 85 145 511 145 146 512 146 85 513 85 146 514 146 86 515 86 86 516 86 146 517 146 147 518 147 86 519 86 147 520 147 87 521 87 87 522 87 147 523 147 148 524 148 87 525 87 148 526 148 88 527 88 88 528 88 148 529 148 149 530 149 88 531 88 149 532 149 89 533 89 89 534 89 149 535 149 150 536 150 89 537 89 150 538 150 90 539 90 90 540 90 150 541 150 151 542 151 90 543 90 151 544 151 91 545 91 91 546 91 151 547 151 152 548 152 91 549 91 152 550 152 92 551 92 92 552 92 152 553 152 153 554 153 92 555 92 153 556 153 93 557 93 93 558 93 153 559 153 154 560 154 93 561 93 154 562 154 94 563 94 94 564 94 154 565 154 155 566 155 94 567 94 155 568 155 95 569 95 95 570 95 155 571 155 156 572 156 95 573 95 156 574 156 96 575 96 96 576 96 156 577 156 157 578 157 96 579 96 157 580 157 97 581 97 97 582 97 157 583 157 158 584 158 97 585 97 158 586 158 98 587 98 98 588 98 158 589 158 159 590 159 98 591 98 159 592 159 99 593 99 99 594 99 159 595 159 160 596 160 99 597 99 160 598 160 100 599 100 100 600 100 160 601 160 161 602 161 100 603 100 161 604 161 101 605 101 101 606 101 161 607 161 162 608 162 101 609 101 162 610 162 102 611 102 102 612 102 162 613 162 163 614 163 102 615 102 163 616 163 103 617 103 103 618 103 163 619 163 164 620 164 103 621 103 164 622 164 104 623 104 104 624 104 164 625 164 165 626 165 104 627 104 165 628 165 105 629 105 105 630 105 165 631 165 166 632 166 105 633 105 166 634 166 106 635 106 106 636 106 166 637 166 167 638 167 106 639 106 167 640 167 107 641 107 107 642 107 167 643 167 168 644 168 107 645 107 168 646 168 108 647 108 108 648 108 168 649 168 169 650 169 108 651 108 169 652 169 109 653 109 109 654 109 169 655 169 170 656 170 109 657 109 170 658 170 110 659 110 110 660 110 170 661 170 171 662 171 110 663 110 171 664 171 111 665 111 111 666 111 171 667 171 172 668 172 111 669 111 172 670 172 112 671 112 112 672 112 172 673 172 173 674 173 112 675 112 173 676 173 113 677 113 113 678 113 173 679 173 174 680 174 113 681 113 174 682 174 114 683 114 114 684 114 174 685 174 175 686 175 114 687 114 175 688 175 115 689 115 115 690 115 175 691 175 176 692 176 115 693 115 176 694 176 116 695 116 116 696 116 176 697 176 177 698 177 116 699 116 177 700 177 117 701 117 117 702 117 177 703 177 178 704 178 117 705 117 178 706 178 118 707 118 118 708 118 178 709 178 179 710 179 118 711 118 179 712 179 119 713 119 119 714 119 179 715 179 120 716 120 119 717 119 120 718 120 60 719 60 120 720 120 180 721 180 181 722 181 120 723 120 181 724 181 121 725 121 121 726 121 181 727 181 182 728 182 121 729 121 182 730 182 122 731 122 122 732 122 182 733 182 183 734 183 122 735 122 183 736 183 123 737 123 123 738 123 183 739 183 184 740 184 123 741 123 184 742 184 124 743 124 124 744 124 184 745 184 185 746 185 124 747 124 185 748 185 125 749 125 125 750 125 185 751 185 186 752 186 125 753 125 186 754 186 126 755 126 126 756 126 186 757 186 187 758 187 126 759 126 187 760 187 127 761 127 127 762 127 187 763 187 188 764 188 127 765 127 188 766 188 128 767 128 128 768 128 188 769 188 189 770 189 128 771 128 189 772 189 129 773 129 129 774 129 189 775 189 190 776 190 129 777 129 190 778 190 130 779 130 130 780 130 190 781 190 191 782 191 130 783 130 191 784 191 131 785 131 131 786 131 191 787 191 192 788 192 131 789 131 192 790 192 132 791 132 132 792 132 192 793 192 193 794 193 132 795 132 193 796 193 133 797 133 133 798 133 193 799 193 194 800 194 133 801 133 194 802 194 134 803 134 134 804 134 194 805 194 195 806 195 134 807 134 195 808 195 135 809 135 135 810 135 195 811 195 196 812 196 135 813 135 196 814 196 136 815 136 136 816 136 196 817 196 197 818 197 136 819 136 197 820 197 137 821 137 137 822 137 197 823 197 198 824 198 137 825 137 198 826 198 138 827 138 138 828 138 198 829 198 199 830 199 138 831 138 199 832 199 139 833 139 139 834 139 199 835 199 200 836 200 139 837 139 200 838 200 140 839 140 140 840 140 200 841 200 201 842 201 140 843 140 201 844 201 141 845 141 141 846 141 201 847 201 202 848 202 141 849 141 202 850 202 142 851 142 142 852 142 202 853 202 203 854 203 142 855 142 203 856 203 143 857 143 143 858 143 203 859 203 204 860 204 143 861 143 204 862 204 144 863 144 144 864 144 204 865 204 205 866 205 144 867 144 205 868 205 145 869 145 145 870 145 205 871 205 206 872 206 145 873 145 206 874 206 146 875 146 146 876 146 206 877 206 207 878 207 146 879 146 207 880 207 147 881 147 147 882 147 207 883 207 208 884 208 147 885 147 208 886 208 148 887 148 148 888 148 208 889 208 209 890 209 148 891 148 209 892 209 149 893 149 149 894 149 209 895 209 210 896 210 149 897 149 210 898 210 150 899 150 150 900 150 210 901 210 211 902 211 150 903 150 211 904 211 151 905 151 151 906 151 211 907 211 212 908 212 151 909 151 212 910 212 152 911 152 152 912 152 212 913 212 213 914 213 152 915 152 213 916 213 153 917 153 153 918 153 213 919 213 214 920 214 153 921 153 214 922 214 154 923 154 154 924 154 214 925 214 215 926 215 154 927 154 215 928 215 155 929 155 155 930 155 215 931 215 216 932 216 155 933 155 216 934 216 156 935 156 156 936 156 216 937 216 217 938 217 156 939 156 217 940 217 157 941 157 157 942 157 217 943 217 218 944 218 157 945 157 218 946 218 158 947 158 158 948 158 218 949 218 219 950 219 158 951 158 219 952 219 159 953 159 159 954 159 219 955 219 220 956 220 159 957 159 220 958 220 160 959 160 160 960 160 220 961 220 221 962 221 160 963 160 221 964 221 161 965 161 161 966 161 221 967 221 222 968 222 161 969 161 222 970 222 162 971 162 162 972 162 222 973 222 223 974 223 162 975 162 223 976 223 163 977 163 163 978 163 223 979 223 224 980 224 163 981 163 224 982 224 164 983 164 164 984 164 224 985 224 225 986 225 164 987 164 225 988 225 165 989 165 165 990 165 225 991 225 226 992 226 165 993 165 226 994 226 166 995 166 166 996 166 226 997 226 227 998 227 166 999 166 227 1000 227 167 1001 167 167 1002 167 227 1003 227 228 1004 228 167 1005 167 228 1006 228 168 1007 168 168 1008 168 228 1009 228 229 1010 229 168 1011 168 229 1012 229 169 1013 169 169 1014 169 229 1015 229 230 1016 230 169 1017 169 230 1018 230 170 1019 170 170 1020 170 230 1021 230 231 1022 231 170 1023 170 231 1024 231 171 1025 171 171 1026 171 231 1027 231 232 1028 232 171 1029 171 232 1030 232 172 1031 172 172 1032 172 232 1033 232 233 1034 233 172 1035 172 233 1036 233 173 1037 173 173 1038 173 233 1039 233 234 1040 234 173 1041 173 234 1042 234 174 1043 174 174 1044 174 234 1045 234 235 1046 235 174 1047 174 235 1048 235 175 1049 175 175 1050 175 235 1051 235 236 1052 236 175 1053 175 236 1054 236 176 1055 176 176 1056 176 236 1057 236 237 1058 237 176 1059 176 237 1060 237 177 1061 177 177 1062 177 237 1063 237 238 1064 238 177 1065 177 238 1066 238 178 1067 178 178 1068 178 238 1069 238 239 1070 239 178 1071 178 239 1072 239 179 1073 179 179 1074 179 239 1075 239 180 1076 180 179 1077 179 180 1078 180 120 1079 120 180 1080 180 240 1081 240 241 1082 241 180 1083 180 241 1084 241 181 1085 181 181 1086 181 241 1087 241 242 1088 242 181 1089 181 242 1090 242 182 1091 182 182 1092 182 242 1093 242 243 1094 243 182 1095 182 243 1096 243 183 1097 183 183 1098 183 243 1099 243 244 1100 244 183 1101 183 244 1102 244 184 1103 184 184 1104 184 244 1105 244 245 1106 245 184 1107 184 245 1108 245 185 1109 185 185 1110 185 245 1111 245 246 1112 246 185 1113 185 246 1114 246 186 1115 186 186 1116 186 246 1117 246 247 1118 247 186 1119 186 247 1120 247 187 1121 187 187 1122 187 247 1123 247 248 1124 248 187 1125 187 248 1126 248 188 1127 188 188 1128 188 248 1129 248 249 1130 249 188 1131 188 249 1132 249 189 1133 189 189 1134 189 249 1135 249 250 1136 250 189 1137 189 250 1138 250 190 1139 190 190 1140 190 250 1141 250 251 1142 251 190 1143 190 251 1144 251 191 1145 191 191 1146 191 251 1147 251 252 1148 252 191 1149 191 252 1150 252 192 1151 192 192 1152 192 252 1153 252 253 1154 253 192 1155 192 253 1156 253 193 1157 193 193 1158 193 253 1159 253 254 1160 254 193 1161 193 254 1162 254 194 1163 194 194 1164 194 254 1165 254 255 1166 255 194 1167 194 255 1168 255 195 1169 195 195 1170 195 255 1171 255 256 1172 256 195 1173 195 256 1174 256 196 1175 196 196 1176 196 256 1177 256 257 1178 257 196 1179 196 257 1180 257 197 1181 197 197 1182 197 257 1183 257 258 1184 258 197 1185 197 258 1186 258 198 1187 198 198 1188 198 258 1189 258 259 1190 259 198 1191 198 259 1192 259 199 1193 199 199 1194 199 259 1195 259 260 1196 260 199 1197 199 260 1198 260 200 1199 200 200 1200 200 260 1201 260 261 1202 261 200 1203 200 261 1204 261 201 1205 201 201 1206 201 261 1207 261 262 1208 262 201 1209 201 262 1210 262 202 1211 202 202 1212 202 262 1213 262 263 1214 263 202 1215 202 263 1216 263 203 1217 203 203 1218 203 263 1219 263 264 1220 264 203 1221 203 264 1222 264 204 1223 204 204 1224 204 264 1225 264 265 1226 265 204 1227 204 265 1228 265 205 1229 205 205 1230 205 265 1231 265 266 1232 266 205 1233 205 266 1234 266 206 1235 206 206 1236 206 266 1237 266 267 1238 267 206 1239 206 267 1240 267 207 1241 207 207 1242 207 267 1243 267 268 1244 268 207 1245 207 268 1246 268 208 1247 208 208 1248 208 268 1249 268 269 1250 269 208 1251 208 269 1252 269 209 1253 209 209 1254 209 269 1255 269 270 1256 270 209 1257 209 270 1258 270 210 1259 210 210 1260 210 270 1261 270 271 1262 271 210 1263 210 271 1264 271 211 1265 211 211 1266 211 271 1267 271 272 1268 272 211 1269 211 272 1270 272 212 1271 212 212 1272 212 272 1273 272 273 1274 273 212 1275 212 273 1276 273 213 1277 213 213 1278 213 273 1279 273 274 1280 274 213 1281 213 274 1282 274 214 1283 214 214 1284 214 274 1285 274 275 1286 275 214 1287 214 275 1288 275 215 1289 215 215 1290 215 275 1291 275 276 1292 276 215 1293 215 276 1294 276 216 1295 216 216 1296 216 276 1297 276 277 1298 277 216 1299 216 277 1300 277 217 1301 217 217 1302 217 277 1303 277 278 1304 278 217 1305 217 278 1306 278 218 1307 218 218 1308 218 278 1309 278 279 1310 279 218 1311 218 279 1312 279 219 1313 219 219 1314 219 279 1315 279 280 1316 280 219 1317 219 280 1318 280 220 1319 220 220 1320 220 280 1321 280 281 1322 281 220 1323 220 281 1324 281 221 1325 221 221 1326 221 281 1327 281 282 1328 282 221 1329 221 282 1330 282 222 1331 222 222 1332 222 282 1333 282 283 1334 283 222 1335 222 283 1336 283 223 1337 223 223 1338 223 283 1339 283 284 1340 284 223 1341 223 284 1342 284 224 1343 224 224 1344 224 284 1345 284 285 1346 285 224 1347 224 285 1348 285 225 1349 225 225 1350 225 285 1351 285 286 1352 286 225 1353 225 286 1354 286 226 1355 226 226 1356 226 286 1357 286 287 1358 287 226 1359 226 287 1360 287 227 1361 227 227 1362 227 287 1363 287 288 1364 288 227 1365 227 288 1366 288 228 1367 228 228 1368 228 288 1369 288 289 1370 289 228 1371 228 289 1372 289 229 1373 229 229 1374 229 289 1375 289 290 1376 290 229 1377 229 290 1378 290 230 1379 230 230 1380 230 290 1381 290 291 1382 291 230 1383 230 291 1384 291 231 1385 231 231 1386 231 291 1387 291 292 1388 292 231 1389 231 292 1390 292 232 1391 232 232 1392 232 292 1393 292 293 1394 293 232 1395 232 293 1396 293 233 1397 233 233 1398 233 293 1399 293 294 1400 294 233 1401 233 294 1402 294 234 1403 234 234 1404 234 294 1405 294 295 1406 295 234 1407 234 295 1408 295 235 1409 235 235 1410 235 295 1411 295 296 1412 296 235 1413 235 296 1414 296 236 1415 236 236 1416 236 296 1417 296 297 1418 297 236 1419 236 297 1420 297 237 1421 237 237 1422 237 297 1423 297 298 1424 298 237 1425 237 298 1426 298 238 1427 238 238 1428 238 298 1429 298 299 1430 299 238 1431 238 299 1432 299 239 1433 239 239 1434 239 299 1435 299 240 1436 240 239 1437 239 240 1438 240 180 1439 180 240 1440 240 300 1441 300 301 1442 301 240 1443 240 301 1444 301 241 1445 241 241 1446 241 301 1447 301 302 1448 302 241 1449 241 302 1450 302 242 1451 242 242 1452 242 302 1453 302 303 1454 303 242 1455 242 303 1456 303 243 1457 243 243 1458 243 303 1459 303 304 1460 304 243 1461 243 304 1462 304 244 1463 244 244 1464 244 304 1465 304 305 1466 305 244 1467 244 305 1468 305 245 1469 245 245 1470 245 305 1471 305 306 1472 306 245 1473 245 306 1474 306 246 1475 246 246 1476 246 306 1477 306 307 1478 307 246 1479 246 307 1480 307 247 1481 247 247 1482 247 307 1483 307 308 1484 308 247 1485 247 308 1486 308 248 1487 248 248 1488 248 308 1489 308 309 1490 309 248 1491 248 309 1492 309 249 1493 249 249 1494 249 309 1495 309 310 1496 310 249 1497 249 310 1498 310 250 1499 250 250 1500 250 310 1501 310 311 1502 311 250 1503 250 311 1504 311 251 1505 251 251 1506 251 311 1507 311 312 1508 312 251 1509 251 312 1510 312 252 1511 252 252 1512 252 312 1513 312 313 1514 313 252 1515 252 313 1516 313 253 1517 253 253 1518 253 313 1519 313 314 1520 314 253 1521 253 314 1522 314 254 1523 254 254 1524 254 314 1525 314 315 1526 315 254 1527 254 315 1528 315 255 1529 255 255 1530 255 315 1531 315 316 1532 316 255 1533 255 316 1534 316 256 1535 256 256 1536 256 316 1537 316 317 1538 317 256 1539 256 317 1540 317 257 1541 257 257 1542 257 317 1543 317 318 1544 318 257 1545 257 318 1546 318 258 1547 258 258 1548 258 318 1549 318 319 1550 319 258 1551 258 319 1552 319 259 1553 259 259 1554 259 319 1555 319 320 1556 320 259 1557 259 320 1558 320 260 1559 260 260 1560 260 320 1561 320 321 1562 321 260 1563 260 321 1564 321 261 1565 261 261 1566 261 321 1567 321 322 1568 322 261 1569 261 322 1570 322 262 1571 262 262 1572 262 322 1573 322 323 1574 323 262 1575 262 323 1576 323 263 1577 263 263 1578 263 323 1579 323 324 1580 324 263 1581 263 324 1582 324 264 1583 264 264 1584 264 324 1585 324 325 1586 325 264 1587 264 325 1588 325 265 1589 265 265 1590 265 325 1591 325 326 1592 326 265 1593 265 326 1594 326 266 1595 266 266 1596 266 326 1597 326 327 1598 327 266 1599 266 327 1600 327 267 1601 267 267 1602 267 327 1603 327 328 1604 328 267 1605 267 328 1606 328 268 1607 268 268 1608 268 328 1609 328 329 1610 329 268 1611 268 329 1612 329 269 1613 269 269 1614 269 329 1615 329 330 1616 330 269 1617 269 330 1618 330 270 1619 270 270 1620 270 330 1621 330 331 1622 331 270 1623 270 331 1624 331 271 1625 271 271 1626 271 331 1627 331 332 1628 332 271 1629 271 332 1630 332 272 1631 272 272 1632 272 332 1633 332 333 1634 333 272 1635 272 333 1636 333 273 1637 273 273 1638 273 333 1639 333 334 1640 334 273 1641 273 334 1642 334 274 1643 274 274 1644 274 334 1645 334 335 1646 335 274 1647 274 335 1648 335 275 1649 275 275 1650 275 335 1651 335 336 1652 336 275 1653 275 336 1654 336 276 1655 276 276 1656 276 336 1657 336 337 1658 337 276 1659 276 337 1660 337 277 1661 277 277 1662 277 337 1663 337 338 1664 338 277 1665 277 338 1666 338 278 1667 278 278 1668 278 338 1669 338 339 1670 339 278 1671 278 339 1672 339 279 1673 279 279 1674 279 339 1675 339 340 1676 340 279 1677 279 340 1678 340 280 1679 280 280 1680 280 340 1681 340 341 1682 341 280 1683 280 341 1684 341 281 1685 281 281 1686 281 341 1687 341 342 1688 342 281 1689 281 342 1690 342 282 1691 282 282 1692 282 342 1693 342 343 1694 343 282 1695 282 343 1696 343 283 1697 283 283 1698 283 343 1699 343 344 1700 344 283 1701 283 344 1702 344 284 1703 284 284 1704 284 344 1705 344 345 1706 345 284 1707 284 345 1708 345 285 1709 285 285 1710 285 345 1711 345 346 1712 346 285 1713 285 346 1714 346 286 1715 286 286 1716 286 346 1717 346 347 1718 347 286 1719 286 347 1720 347 287 1721 287 287 1722 287 347 1723 347 348 1724 348 287 1725 287 348 1726 348 288 1727 288 288 1728 288 348 1729 348 349 1730 349 288 1731 288 349 1732 349 289 1733 289 289 1734 289 349 1735 349 350 1736 350 289 1737 289 350 1738 350 290 1739 290 290 1740 290 350 1741 350 351 1742 351 290 1743 290 351 1744 351 291 1745 291 291 1746 291 351 1747 351 352 1748 352 291 1749 291 352 1750 352 292 1751 292 292 1752 292 352 1753 352 353 1754 353 292 1755 292 353 1756 353 293 1757 293 293 1758 293 353 1759 353 354 1760 354 293 1761 293 354 1762 354 294 1763 294 294 1764 294 354 1765 354 355 1766 355 294 1767 294 355 1768 355 295 1769 295 295 1770 295 355 1771 355 356 1772 356 295 1773 295 356 1774 356 296 1775 296 296 1776 296 356 1777 356 357 1778 357 296 1779 296 357 1780 357 297 1781 297 297 1782 297 357 1783 357 358 1784 358 297 1785 297 358 1786 358 298 1787 298 298 1788 298 358 1789 358 359 1790 359 298 1791 298 359 1792 359 299 1793 299 299 1794 299 359 1795 359 300 1796 300 299 1797 299 300 1798 300 240 1799 240 300 1800 300 360 1801 360 361 1802 361 300 1803 300 361 1804 361 301 1805 301 301 1806 301 361 1807 361 362 1808 362 301 1809 301 362 1810 362 302 1811 302 302 1812 302 362 1813 362 363 1814 363 302 1815 302 363 1816 363 303 1817 303 303 1818 303 363 1819 363 364 1820 364 303 1821 303 364 1822 364 304 1823 304 304 1824 304 364 1825 364 365 1826 365 304 1827 304 365 1828 365 305 1829 305 305 1830 305 365 1831 365 366 1832 366 305 1833 305 366 1834 366 306 1835 306 306 1836 306 366 1837 366 367 1838 367 306 1839 306 367 1840 367 307 1841 307 307 1842 307 367 1843 367 368 1844 368 307 1845 307 368 1846 368 308 1847 308 308 1848 308 368 1849 368 369 1850 369 308 1851 308 369 1852 369 309 1853 309 309 1854 309 369 1855 369 370 1856 370 309 1857 309 370 1858 370 310 1859 310 310 1860 310 370 1861 370 371 1862 371 310 1863 310 371 1864 371 311 1865 311 311 1866 311 371 1867 371 372 1868 372 311 1869 311 372 1870 372 312 1871 312 312 1872 312 372 1873 372 373 1874 373 312 1875 312 373 1876 373 313 1877 313 313 1878 313 373 1879 373 374 1880 374 313 1881 313 374 1882 374 314 1883 314 314 1884 314 374 1885 374 375 1886 375 314 1887 314 375 1888 375 315 1889 315 315 1890 315 375 1891 375 376 1892 376 315 1893 315 376 1894 376 316 1895 316 316 1896 316 376 1897 376 377 1898 377 316 1899 316 377 1900 377 317 1901 317 317 1902 317 377 1903 377 378 1904 378 317 1905 317 378 1906 378 318 1907 318 318 1908 318 378 1909 378 379 1910 379 318 1911 318 379 1912 379 319 1913 319 319 1914 319 379 1915 379 380 1916 380 319 1917 319 380 1918 380 320 1919 320 320 1920 320 380 1921 380 381 1922 381 320 1923 320 381 1924 381 321 1925 321 321 1926 321 381 1927 381 382 1928 382 321 1929 321 382 1930 382 322 1931 322 322 1932 322 382 1933 382 383 1934 383 322 1935 322 383 1936 383 323 1937 323 323 1938 323 383 1939 383 384 1940 384 323 1941 323 384 1942 384 324 1943 324 324 1944 324 384 1945 384 385 1946 385 324 1947 324 385 1948 385 325 1949 325 325 1950 325 385 1951 385 386 1952 386 325 1953 325 386 1954 386 326 1955 326 326 1956 326 386 1957 386 387 1958 387 326 1959 326 387 1960 387 327 1961 327 327 1962 327 387 1963 387 388 1964 388 327 1965 327 388 1966 388 328 1967 328 328 1968 328 388 1969 388 389 1970 389 328 1971 328 389 1972 389 329 1973 329 329 1974 329 389 1975 389 390 1976 390 329 1977 329 390 1978 390 330 1979 330 330 1980 330 390 1981 390 391 1982 391 330 1983 330 391 1984 391 331 1985 331 331 1986 331 391 1987 391 392 1988 392 331 1989 331 392 1990 392 332 1991 332 332 1992 332 392 1993 392 393 1994 393 332 1995 332 393 1996 393 333 1997 333 333 1998 333 393 1999 393 394 2000 394 333 2001 333 394 2002 394 334 2003 334 334 2004 334 394 2005 394 395 2006 395 334 2007 334 395 2008 395 335 2009 335 335 2010 335 395 2011 395 396 2012 396 335 2013 335 396 2014 396 336 2015 336 336 2016 336 396 2017 396 397 2018 397 336 2019 336 397 2020 397 337 2021 337 337 2022 337 397 2023 397 398 2024 398 337 2025 337 398 2026 398 338 2027 338 338 2028 338 398 2029 398 399 2030 399 338 2031 338 399 2032 399 339 2033 339 339 2034 339 399 2035 399 400 2036 400 339 2037 339 400 2038 400 340 2039 340 340 2040 340 400 2041 400 401 2042 401 340 2043 340 401 2044 401 341 2045 341 341 2046 341 401 2047 401 402 2048 402 341 2049 341 402 2050 402 342 2051 342 342 2052 342 402 2053 402 403 2054 403 342 2055 342 403 2056 403 343 2057 343 343 2058 343 403 2059 403 404 2060 404 343 2061 343 404 2062 404 344 2063 344 344 2064 344 404 2065 404 405 2066 405 344 2067 344 405 2068 405 345 2069 345 345 2070 345 405 2071 405 406 2072 406 345 2073 345 406 2074 406 346 2075 346 346 2076 346 406 2077 406 407 2078 407 346 2079 346 407 2080 407 347 2081 347 347 2082 347 407 2083 407 408 2084 408 347 2085 347 408 2086 408 348 2087 348 348 2088 348 408 2089 408 409 2090 409 348 2091 348 409 2092 409 349 2093 349 349 2094 349 409 2095 409 410 2096 410 349 2097 349 410 2098 410 350 2099 350 350 2100 350 410 2101 410 411 2102 411 350 2103 350 411 2104 411 351 2105 351 351 2106 351 411 2107 411 412 2108 412 351 2109 351 412 2110 412 352 2111 352 352 2112 352 412 2113 412 413 2114 413 352 2115 352 413 2116 413 353 2117 353 353 2118 353 413 2119 413 414 2120 414 353 2121 353 414 2122 414 354 2123 354 354 2124 354 414 2125 414 415 2126 415 354 2127 354 415 2128 415 355 2129 355 355 2130 355 415 2131 415 416 2132 416 355 2133 355 416 2134 416 356 2135 356 356 2136 356 416 2137 416 417 2138 417 356 2139 356 417 2140 417 357 2141 357 357 2142 357 417 2143 417 418 2144 418 357 2145 357 418 2146 418 358 2147 358 358 2148 358 418 2149 418 419 2150 419 358 2151 358 419 2152 419 359 2153 359 359 2154 359 419 2155 419 360 2156 360 359 2157 359 360 2158 360 300 2159 300 360 2160 360 420 2161 420 421 2162 421 360 2163 360 421 2164 421 361 2165 361 361 2166 361 421 2167 421 422 2168 422 361 2169 361 422 2170 422 362 2171 362 362 2172 362 422 2173 422 423 2174 423 362 2175 362 423 2176 423 363 2177 363 363 2178 363 423 2179 423 424 2180 424 363 2181 363 424 2182 424 364 2183 364 364 2184 364 424 2185 424 425 2186 425 364 2187 364 425 2188 425 365 2189 365 365 2190 365 425 2191 425 426 2192 426 365 2193 365 426 2194 426 366 2195 366 366 2196 366 426 2197 426 427 2198 427 366 2199 366 427 2200 427 367 2201 367 367 2202 367 427 2203 427 428 2204 428 367 2205 367 428 2206 428 368 2207 368 368 2208 368 428 2209 428 429 2210 429 368 2211 368 429 2212 429 369 2213 369 369 2214 369 429 2215 429 430 2216 430 369 2217 369 430 2218 430 370 2219 370 370 2220 370 430 2221 430 431 2222 431 370 2223 370 431 2224 431 371 2225 371 371 2226 371 431 2227 431 432 2228 432 371 2229 371 432 2230 432 372 2231 372 372 2232 372 432 2233 432 433 2234 433 372 2235 372 433 2236 433 373 2237 373 373 2238 373 433 2239 433 434 2240 434 373 2241 373 434 2242 434 374 2243 374 374 2244 374 434 2245 434 435 2246 435 374 2247 374 435 2248 435 375 2249 375 375 2250 375 435 2251 435 436 2252 436 375 2253 375 436 2254 436 376 2255 376 376 2256 376 436 2257 436 437 2258 437 376 2259 376 437 2260 437 377 2261 377 377 2262 377 437 2263 437 438 2264 438 377 2265 377 438 2266 438 378 2267 378 378 2268 378 438 2269 438 439 2270 439 378 2271 378 439 2272 439 379 2273 379 379 2274 379 439 2275 439 440 2276 440 379 2277 379 440 2278 440 380 2279 380 380 2280 380 440 2281 440 441 2282 441 380 2283 380 441 2284 441 381 2285 381 381 2286 381 441 2287 441 442 2288 442 381 2289 381 442 2290 442 382 2291 382 382 2292 382 442 2293 442 443 2294 443 382 2295 382 443 2296 443 383 2297 383 383 2298 383 443 2299 443 444 2300 444 383 2301 383 444 2302 444 384 2303 384 384 2304 384 444 2305 444 445 2306 445 384 2307 384 445 2308 445 385 2309 385 385 2310 385 445 2311 445 446 2312 446 385 2313 385 446 2314 446 386 2315 386 386 2316 386 446 2317 446 447 2318 447 386 2319 386 447 2320 447 387 2321 387 387 2322 387 447 2323 447 448 2324 448 387 2325 387 448 2326 448 388 2327 388 388 2328 388 448 2329 448 449 2330 449 388 2331 388 449 2332 449 389 2333 389 389 2334 389 449 2335 449 450 2336 450 389 2337 389 450 2338 450 390 2339 390 390 2340 390 450 2341 450 451 2342 451 390 2343 390 451 2344 451 391 2345 391 391 2346 391 451 2347 451 452 2348 452 391 2349 391 452 2350 452 392 2351 392 392 2352 392 452 2353 452 453 2354 453 392 2355 392 453 2356 453 393 2357 393 393 2358 393 453 2359 453 454 2360 454 393 2361 393 454 2362 454 394 2363 394 394 2364 394 454 2365 454 455 2366 455 394 2367 394 455 2368 455 395 2369 395 395 2370 395 455 2371 455 456 2372 456 395 2373 395 456 2374 456 396 2375 396 396 2376 396 456 2377 456 457 2378 457 396 2379 396 457 2380 457 397 2381 397 397 2382 397 457 2383 457 458 2384 458 397 2385 397 458 2386 458 398 2387 398 398 2388 398 458 2389 458 459 2390 459 398 2391 398 459 2392 459 399 2393 399 399 2394 399 459 2395 459 460 2396 460 399 2397 399 460 2398 460 400 2399 400 400 2400 400 460 2401 460 461 2402 461 400 2403 400 461 2404 461 401 2405 401 401 2406 401 461 2407 461 462 2408 462 401 2409 401 462 2410 462 402 2411 402 402 2412 402 462 2413 462 463 2414 463 402 2415 402 463 2416 463 403 2417 403 403 2418 403 463 2419 463 464 2420 464 403 2421 403 464 2422 464 404 2423 404 404 2424 404 464 2425 464 465 2426 465 404 2427 404 465 2428 465 405 2429 405 405 2430 405 465 2431 465 466 2432 466 405 2433 405 466 2434 466 406 2435 406 406 2436 406 466 2437 466 467 2438 467 406 2439 406 467 2440 467 407 2441 407 407 2442 407 467 2443 467 468 2444 468 407 2445 407 468 2446 468 408 2447 408 408 2448 408 468 2449 468 469 2450 469 408 2451 408 469 2452 469 409 2453 409 409 2454 409 469 2455 469 470 2456 470 409 2457 409 470 2458 470 410 2459 410 410 2460 410 470 2461 470 471 2462 471 410 2463 410 471 2464 471 411 2465 411 411 2466 411 471 2467 471 472 2468 472 411 2469 411 472 2470 472 412 2471 412 412 2472 412 472 2473 472 473 2474 473 412 2475 412 473 2476 473 413 2477 413 413 2478 413 473 2479 473 474 2480 474 413 2481 413 474 2482 474 414 2483 414 414 2484 414 474 2485 474 475 2486 475 414 2487 414 475 2488 475 415 2489 415 415 2490 415 475 2491 475 476 2492 476 415 2493 415 476 2494 476 416 2495 416 416 2496 416 476 2497 476 477 2498 477 416 2499 416 477 2500 477 417 2501 417 417 2502 417 477 2503 477 478 2504 478 417 2505 417 478 2506 478 418 2507 418 418 2508 418 478 2509 478 479 2510 479 418 2511 418 479 2512 479 419 2513 419 419 2514 419 479 2515 479 420 2516 420 419 2517 419 420 2518 420 360 2519 360 420 2520 420 480 2521 480 481 2522 481 420 2523 420 481 2524 481 421 2525 421 421 2526 421 481 2527 481 482 2528 482 421 2529 421 482 2530 482 422 2531 422 422 2532 422 482 2533 482 483 2534 483 422 2535 422 483 2536 483 423 2537 423 423 2538 423 483 2539 483 484 2540 484 423 2541 423 484 2542 484 424 2543 424 424 2544 424 484 2545 484 485 2546 485 424 2547 424 485 2548 485 425 2549 425 425 2550 425 485 2551 485 486 2552 486 425 2553 425 486 2554 486 426 2555 426 426 2556 426 486 2557 486 487 2558 487 426 2559 426 487 2560 487 427 2561 427 427 2562 427 487 2563 487 488 2564 488 427 2565 427 488 2566 488 428 2567 428 428 2568 428 488 2569 488 489 2570 489 428 2571 428 489 2572 489 429 2573 429 429 2574 429 489 2575 489 490 2576 490 429 2577 429 490 2578 490 430 2579 430 430 2580 430 490 2581 490 491 2582 491 430 2583 430 491 2584 491 431 2585 431 431 2586 431 491 2587 491 492 2588 492 431 2589 431 492 2590 492 432 2591 432 432 2592 432 492 2593 492 493 2594 493 432 2595 432 493 2596 493 433 2597 433 433 2598 433 493 2599 493 494 2600 494 433 2601 433 494 2602 494 434 2603 434 434 2604 434 494 2605 494 495 2606 495 434 2607 434 495 2608 495 435 2609 435 435 2610 435 495 2611 495 496 2612 496 435 2613 435 496 2614 496 436 2615 436 436 2616 436 496 2617 496 497 2618 497 436 2619 436 497 2620 497 437 2621 437 437 2622 437 497 2623 497 498 2624 498 437 2625 437 498 2626 498 438 2627 438 438 2628 438 498 2629 498 499 2630 499 438 2631 438 499 2632 499 439 2633 439 439 2634 439 499 2635 499 500 2636 500 439 2637 439 500 2638 500 440 2639 440 440 2640 440 500 2641 500 501 2642 501 440 2643 440 501 2644 501 441 2645 441 441 2646 441 501 2647 501 502 2648 502 441 2649 441 502 2650 502 442 2651 442 442 2652 442 502 2653 502 503 2654 503 442 2655 442 503 2656 503 443 2657 443 443 2658 443 503 2659 503 504 2660 504 443 2661 443 504 2662 504 444 2663 444 444 2664 444 504 2665 504 505 2666 505 444 2667 444 505 2668 505 445 2669 445 445 2670 445 505 2671 505 506 2672 506 445 2673 445 506 2674 506 446 2675 446 446 2676 446 506 2677 506 507 2678 507 446 2679 446 507 2680 507 447 2681 447 447 2682 447 507 2683 507 508 2684 508 447 2685 447 508 2686 508 448 2687 448 448 2688 448 508 2689 508 509 2690 509 448 2691 448 509 2692 509 449 2693 449 449 2694 449 509 2695 509 510 2696 510 449 2697 449 510 2698 510 450 2699 450 450 2700 450 510 2701 510 511 2702 511 450 2703 450 511 2704 511 451 2705 451 451 2706 451 511 2707 511 512 2708 512 451 2709 451 512 2710 512 452 2711 452 452 2712 452 512 2713 512 513 2714 513 452 2715 452 513 2716 513 453 2717 453 453 2718 453 513 2719 513 514 2720 514 453 2721 453 514 2722 514 454 2723 454 454 2724 454 514 2725 514 515 2726 515 454 2727 454 515 2728 515 455 2729 455 455 2730 455 515 2731 515 516 2732 516 455 2733 455 516 2734 516 456 2735 456 456 2736 456 516 2737 516 517 2738 517 456 2739 456 517 2740 517 457 2741 457 457 2742 457 517 2743 517 518 2744 518 457 2745 457 518 2746 518 458 2747 458 458 2748 458 518 2749 518 519 2750 519 458 2751 458 519 2752 519 459 2753 459 459 2754 459 519 2755 519 520 2756 520 459 2757 459 520 2758 520 460 2759 460 460 2760 460 520 2761 520 521 2762 521 460 2763 460 521 2764 521 461 2765 461 461 2766 461 521 2767 521 522 2768 522 461 2769 461 522 2770 522 462 2771 462 462 2772 462 522 2773 522 523 2774 523 462 2775 462 523 2776 523 463 2777 463 463 2778 463 523 2779 523 524 2780 524 463 2781 463 524 2782 524 464 2783 464 464 2784 464 524 2785 524 525 2786 525 464 2787 464 525 2788 525 465 2789 465 465 2790 465 525 2791 525 526 2792 526 465 2793 465 526 2794 526 466 2795 466 466 2796 466 526 2797 526 527 2798 527 466 2799 466 527 2800 527 467 2801 467 467 2802 467 527 2803 527 528 2804 528 467 2805 467 528 2806 528 468 2807 468 468 2808 468 528 2809 528 529 2810 529 468 2811 468 529 2812 529 469 2813 469 469 2814 469 529 2815 529 530 2816 530 469 2817 469 530 2818 530 470 2819 470 470 2820 470 530 2821 530 531 2822 531 470 2823 470 531 2824 531 471 2825 471 471 2826 471 531 2827 531 532 2828 532 471 2829 471 532 2830 532 472 2831 472 472 2832 472 532 2833 532 533 2834 533 472 2835 472 533 2836 533 473 2837 473 473 2838 473 533 2839 533 534 2840 534 473 2841 473 534 2842 534 474 2843 474 474 2844 474 534 2845 534 535 2846 535 474 2847 474 535 2848 535 475 2849 475 475 2850 475 535 2851 535 536 2852 536 475 2853 475 536 2854 536 476 2855 476 476 2856 476 536 2857 536 537 2858 537 476 2859 476 537 2860 537 477 2861 477 477 2862 477 537 2863 537 538 2864 538 477 2865 477 538 2866 538 478 2867 478 478 2868 478 538 2869 538 539 2870 539 478 2871 478 539 2872 539 479 2873 479 479 2874 479 539 2875 539 480 2876 480 479 2877 479 480 2878 480 420 2879 420 480 2880 480 540 2881 540 541 2882 541 480 2883 480 541 2884 541 481 2885 481 481 2886 481 541 2887 541 542 2888 542 481 2889 481 542 2890 542 482 2891 482 482 2892 482 542 2893 542 543 2894 543 482 2895 482 543 2896 543 483 2897 483 483 2898 483 543 2899 543 544 2900 544 483 2901 483 544 2902 544 484 2903 484 484 2904 484 544 2905 544 545 2906 545 484 2907 484 545 2908 545 485 2909 485 485 2910 485 545 2911 545 546 2912 546 485 2913 485 546 2914 546 486 2915 486 486 2916 486 546 2917 546 547 2918 547 486 2919 486 547 2920 547 487 2921 487 487 2922 487 547 2923 547 548 2924 548 487 2925 487 548 2926 548 488 2927 488 488 2928 488 548 2929 548 549 2930 549 488 2931 488 549 2932 549 489 2933 489 489 2934 489 549 2935 549 550 2936 550 489 2937 489 550 2938 550 490 2939 490 490 2940 490 550 2941 550 551 2942 551 490 2943 490 551 2944 551 491 2945 491 491 2946 491 551 2947 551 552 2948 552 491 2949 491 552 2950 552 492 2951 492 492 2952 492 552 2953 552 553 2954 553 492 2955 492 553 2956 553 493 2957 493 493 2958 493 553 2959 553 554 2960 554 493 2961 493 554 2962 554 494 2963 494 494 2964 494 554 2965 554 555 2966 555 494 2967 494 555 2968 555 495 2969 495 495 2970 495 555 2971 555 556 2972 556 495 2973 495 556 2974 556 496 2975 496 496 2976 496 556 2977 556 557 2978 557 496 2979 496 557 2980 557 497 2981 497 497 2982 497 557 2983 557 558 2984 558 497 2985 497 558 2986 558 498 2987 498 498 2988 498 558 2989 558 559 2990 559 498 2991 498 559 2992 559 499 2993 499 499 2994 499 559 2995 559 560 2996 560 499 2997 499 560 2998 560 500 2999 500 500 3000 500 560 3001 560 561 3002 561 500 3003 500 561 3004 561 501 3005 501 501 3006 501 561 3007 561 562 3008 562 501 3009 501 562 3010 562 502 3011 502 502 3012 502 562 3013 562 563 3014 563 502 3015 502 563 3016 563 503 3017 503 503 3018 503 563 3019 563 564 3020 564 503 3021 503 564 3022 564 504 3023 504 504 3024 504 564 3025 564 565 3026 565 504 3027 504 565 3028 565 505 3029 505 505 3030 505 565 3031 565 566 3032 566 505 3033 505 566 3034 566 506 3035 506 506 3036 506 566 3037 566 567 3038 567 506 3039 506 567 3040 567 507 3041 507 507 3042 507 567 3043 567 568 3044 568 507 3045 507 568 3046 568 508 3047 508 508 3048 508 568 3049 568 569 3050 569 508 3051 508 569 3052 569 509 3053 509 509 3054 509 569 3055 569 570 3056 570 509 3057 509 570 3058 570 510 3059 510 510 3060 510 570 3061 570 571 3062 571 510 3063 510 571 3064 571 511 3065 511 511 3066 511 571 3067 571 572 3068 572 511 3069 511 572 3070 572 512 3071 512 512 3072 512 572 3073 572 573 3074 573 512 3075 512 573 3076 573 513 3077 513 513 3078 513 573 3079 573 574 3080 574 513 3081 513 574 3082 574 514 3083 514 514 3084 514 574 3085 574 575 3086 575 514 3087 514 575 3088 575 515 3089 515 515 3090 515 575 3091 575 576 3092 576 515 3093 515 576 3094 576 516 3095 516 516 3096 516 576 3097 576 577 3098 577 516 3099 516 577 3100 577 517 3101 517 517 3102 517 577 3103 577 578 3104 578 517 3105 517 578 3106 578 518 3107 518 518 3108 518 578 3109 578 579 3110 579 518 3111 518 579 3112 579 519 3113 519 519 3114 519 579 3115 579 580 3116 580 519 3117 519 580 3118 580 520 3119 520 520 3120 520 580 3121 580 581 3122 581 520 3123 520 581 3124 581 521 3125 521 521 3126 521 581 3127 581 582 3128 582 521 3129 521 582 3130 582 522 3131 522 522 3132 522 582 3133 582 583 3134 583 522 3135 522 583 3136 583 523 3137 523 523 3138 523 583 3139 583 584 3140 584 523 3141 523 584 3142 584 524 3143 524 524 3144 524 584 3145 584 585 3146 585 524 3147 524 585 3148 585 525 3149 525 525 3150 525 585 3151 585 586 3152 586 525 3153 525 586 3154 586 526 3155 526 526 3156 526 586 3157 586 587 3158 587 526 3159 526 587 3160 587 527 3161 527 527 3162 527 587 3163 587 588 3164 588 527 3165 527 588 3166 588 528 3167 528 528 3168 528 588 3169 588 589 3170 589 528 3171 528 589 3172 589 529 3173 529 529 3174 529 589 3175 589 590 3176 590 529 3177 529 590 3178 590 530 3179 530 530 3180 530 590 3181 590 591 3182 591 530 3183 530 591 3184 591 531 3185 531 531 3186 531 591 3187 591 592 3188 592 531 3189 531 592 3190 592 532 3191 532 532 3192 532 592 3193 592 593 3194 593 532 3195 532 593 3196 593 533 3197 533 533 3198 533 593 3199 593 594 3200 594 533 3201 533 594 3202 594 534 3203 534 534 3204 534 594 3205 594 595 3206 595 534 3207 534 595 3208 595 535 3209 535 535 3210 535 595 3211 595 596 3212 596 535 3213 535 596 3214 596 536 3215 536 536 3216 536 596 3217 596 597 3218 597 536 3219 536 597 3220 597 537 3221 537 537 3222 537 597 3223 597 598 3224 598 537 3225 537 598 3226 598 538 3227 538 538 3228 538 598 3229 598 599 3230 599 538 3231 538 599 3232 599 539 3233 539 539 3234 539 599 3235 599 540 3236 540 539 3237 539 540 3238 540 480 3239 480 540 3240 540 600 3241 600 601 3242 601 540 3243 540 601 3244 601 541 3245 541 541 3246 541 601 3247 601 602 3248 602 541 3249 541 602 3250 602 542 3251 542 542 3252 542 602 3253 602 603 3254 603 542 3255 542 603 3256 603 543 3257 543 543 3258 543 603 3259 603 604 3260 604 543 3261 543 604 3262 604 544 3263 544 544 3264 544 604 3265 604 605 3266 605 544 3267 544 605 3268 605 545 3269 545 545 3270 545 605 3271 605 606 3272 606 545 3273 545 606 3274 606 546 3275 546 546 3276 546 606 3277 606 607 3278 607 546 3279 546 607 3280 607 547 3281 547 547 3282 547 607 3283 607 608 3284 608 547 3285 547 608 3286 608 548 3287 548 548 3288 548 608 3289 608 609 3290 609 548 3291 548 609 3292 609 549 3293 549 549 3294 549 609 3295 609 610 3296 610 549 3297 549 610 3298 610 550 3299 550 550 3300 550 610 3301 610 611 3302 611 550 3303 550 611 3304 611 551 3305 551 551 3306 551 611 3307 611 612 3308 612 551 3309 551 612 3310 612 552 3311 552 552 3312 552 612 3313 612 613 3314 613 552 3315 552 613 3316 613 553 3317 553 553 3318 553 613 3319 613 614 3320 614 553 3321 553 614 3322 614 554 3323 554 554 3324 554 614 3325 614 615 3326 615 554 3327 554 615 3328 615 555 3329 555 555 3330 555 615 3331 615 616 3332 616 555 3333 555 616 3334 616 556 3335 556 556 3336 556 616 3337 616 617 3338 617 556 3339 556 617 3340 617 557 3341 557 557 3342 557 617 3343 617 618 3344 618 557 3345 557 618 3346 618 558 3347 558 558 3348 558 618 3349 618 619 3350 619 558 3351 558 619 3352 619 559 3353 559 559 3354 559 619 3355 619 620 3356 620 559 3357 559 620 3358 620 560 3359 560 560 3360 560 620 3361 620 621 3362 621 560 3363 560 621 3364 621 561 3365 561 561 3366 561 621 3367 621 622 3368 622 561 3369 561 622 3370 622 562 3371 562 562 3372 562 622 3373 622 623 3374 623 562 3375 562 623 3376 623 563 3377 563 563 3378 563 623 3379 623 624 3380 624 563 3381 563 624 3382 624 564 3383 564 564 3384 564 624 3385 624 625 3386 625 564 3387 564 625 3388 625 565 3389 565 565 3390 565 625 3391 625 626 3392 626 565 3393 565 626 3394 626 566 3395 566 566 3396 566 626 3397 626 627 3398 627 566 3399 566 627 3400 627 567 3401 567 567 3402 567 627 3403 627 628 3404 628 567 3405 567 628 3406 628 568 3407 568 568 3408 568 628 3409 628 629 3410 629 568 3411 568 629 3412 629 569 3413 569 569 3414 569 629 3415 629 630 3416 630 569 3417 569 630 3418 630 570 3419 570 570 3420 570 630 3421 630 631 3422 631 570 3423 570 631 3424 631 571 3425 571 571 3426 571 631 3427 631 632 3428 632 571 3429 571 632 3430 632 572 3431 572 572 3432 572 632 3433 632 633 3434 633 572 3435 572 633 3436 633 573 3437 573 573 3438 573 633 3439 633 634 3440 634 573 3441 573 634 3442 634 574 3443 574 574 3444 574 634 3445 634 635 3446 635 574 3447 574 635 3448 635 575 3449 575 575 3450 575 635 3451 635 636 3452 636 575 3453 575 636 3454 636 576 3455 576 576 3456 576 636 3457 636 637 3458 637 576 3459 576 637 3460 637 577 3461 577 577 3462 577 637 3463 637 638 3464 638 577 3465 577 638 3466 638 578 3467 578 578 3468 578 638 3469 638 639 3470 639 578 3471 578 639 3472 639 579 3473 579 579 3474 579 639 3475 639 640 3476 640 579 3477 579 640 3478 640 580 3479 580 580 3480 580 640 3481 640 641 3482 641 580 3483 580 641 3484 641 581 3485 581 581 3486 581 641 3487 641 642 3488 642 581 3489 581 642 3490 642 582 3491 582 582 3492 582 642 3493 642 643 3494 643 582 3495 582 643 3496 643 583 3497 583 583 3498 583 643 3499 643 644 3500 644 583 3501 583 644 3502 644 584 3503 584 584 3504 584 644 3505 644 645 3506 645 584 3507 584 645 3508 645 585 3509 585 585 3510 585 645 3511 645 646 3512 646 585 3513 585 646 3514 646 586 3515 586 586 3516 586 646 3517 646 647 3518 647 586 3519 586 647 3520 647 587 3521 587 587 3522 587 647 3523 647 648 3524 648 587 3525 587 648 3526 648 588 3527 588 588 3528 588 648 3529 648 649 3530 649 588 3531 588 649 3532 649 589 3533 589 589 3534 589 649 3535 649 650 3536 650 589 3537 589 650 3538 650 590 3539 590 590 3540 590 650 3541 650 651 3542 651 590 3543 590 651 3544 651 591 3545 591 591 3546 591 651 3547 651 652 3548 652 591 3549 591 652 3550 652 592 3551 592 592 3552 592 652 3553 652 653 3554 653 592 3555 592 653 3556 653 593 3557 593 593 3558 593 653 3559 653 654 3560 654 593 3561 593 654 3562 654 594 3563 594 594 3564 594 654 3565 654 655 3566 655 594 3567 594 655 3568 655 595 3569 595 595 3570 595 655 3571 655 656 3572 656 595 3573 595 656 3574 656 596 3575 596 596 3576 596 656 3577 656 657 3578 657 596 3579 596 657 3580 657 597 3581 597 597 3582 597 657 3583 657 658 3584 658 597 3585 597 658 3586 658 598 3587 598 598 3588 598 658 3589 658 659 3590 659 598 3591 598 659 3592 659 599 3593 599 599 3594 599 659 3595 659 600 3596 600 599 3597 599 600 3598 600 540 3599 540 600 3600 600 660 3601 660 661 3602 661 600 3603 600 661 3604 661 601 3605 601 601 3606 601 661 3607 661 662 3608 662 601 3609 601 662 3610 662 602 3611 602 602 3612 602 662 3613 662 663 3614 663 602 3615 602 663 3616 663 603 3617 603 603 3618 603 663 3619 663 664 3620 664 603 3621 603 664 3622 664 604 3623 604 604 3624 604 664 3625 664 665 3626 665 604 3627 604 665 3628 665 605 3629 605 605 3630 605 665 3631 665 666 3632 666 605 3633 605 666 3634 666 606 3635 606 606 3636 606 666 3637 666 667 3638 667 606 3639 606 667 3640 667 607 3641 607 607 3642 607 667 3643 667 668 3644 668 607 3645 607 668 3646 668 608 3647 608 608 3648 608 668 3649 668 669 3650 669 608 3651 608 669 3652 669 609 3653 609 609 3654 609 669 3655 669 670 3656 670 609 3657 609 670 3658 670 610 3659 610 610 3660 610 670 3661 670 671 3662 671 610 3663 610 671 3664 671 611 3665 611 611 3666 611 671 3667 671 672 3668 672 611 3669 611 672 3670 672 612 3671 612 612 3672 612 672 3673 672 673 3674 673 612 3675 612 673 3676 673 613 3677 613 613 3678 613 673 3679 673 674 3680 674 613 3681 613 674 3682 674 614 3683 614 614 3684 614 674 3685 674 675 3686 675 614 3687 614 675 3688 675 615 3689 615 615 3690 615 675 3691 675 676 3692 676 615 3693 615 676 3694 676 616 3695 616 616 3696 616 676 3697 676 677 3698 677 616 3699 616 677 3700 677 617 3701 617 617 3702 617 677 3703 677 678 3704 678 617 3705 617 678 3706 678 618 3707 618 618 3708 618 678 3709 678 679 3710 679 618 3711 618 679 3712 679 619 3713 619 619 3714 619 679 3715 679 680 3716 680 619 3717 619 680 3718 680 620 3719 620 620 3720 620 680 3721 680 681 3722 681 620 3723 620 681 3724 681 621 3725 621 621 3726 621 681 3727 681 682 3728 682 621 3729 621 682 3730 682 622 3731 622 622 3732 622 682 3733 682 683 3734 683 622 3735 622 683 3736 683 623 3737 623 623 3738 623 683 3739 683 684 3740 684 623 3741 623 684 3742 684 624 3743 624 624 3744 624 684 3745 684 685 3746 685 624 3747 624 685 3748 685 625 3749 625 625 3750 625 685 3751 685 686 3752 686 625 3753 625 686 3754 686 626 3755 626 626 3756 626 686 3757 686 687 3758 687 626 3759 626 687 3760 687 627 3761 627 627 3762 627 687 3763 687 688 3764 688 627 3765 627 688 3766 688 628 3767 628 628 3768 628 688 3769 688 689 3770 689 628 3771 628 689 3772 689 629 3773 629 629 3774 629 689 3775 689 690 3776 690 629 3777 629 690 3778 690 630 3779 630 630 3780 630 690 3781 690 691 3782 691 630 3783 630 691 3784 691 631 3785 631 631 3786 631 691 3787 691 692 3788 692 631 3789 631 692 3790 692 632 3791 632 632 3792 632 692 3793 692 693 3794 693 632 3795 632 693 3796 693 633 3797 633 633 3798 633 693 3799 693 694 3800 694 633 3801 633 694 3802 694 634 3803 634 634 3804 634 694 3805 694 695 3806 695 634 3807 634 695 3808 695 635 3809 635 635 3810 635 695 3811 695 696 3812 696 635 3813 635 696 3814 696 636 3815 636 636 3816 636 696 3817 696 697 3818 697 636 3819 636 697 3820 697 637 3821 637 637 3822 637 697 3823 697 698 3824 698 637 3825 637 698 3826 698 638 3827 638 638 3828 638 698 3829 698 699 3830 699 638 3831 638 699 3832 699 639 3833 639 639 3834 639 699 3835 699 700 3836 700 639 3837 639 700 3838 700 640 3839 640 640 3840 640 700 3841 700 701 3842 701 640 3843 640 701 3844 701 641 3845 641 641 3846 641 701 3847 701 702 3848 702 641 3849 641 702 3850 702 642 3851 642 642 3852 642 702 3853 702 703 3854 703 642 3855 642 703 3856 703 643 3857 643 643 3858 643 703 3859 703 704 3860 704 643 3861 643 704 3862 704 644 3863 644 644 3864 644 704 3865 704 705 3866 705 644 3867 644 705 3868 705 645 3869 645 645 3870 645 705 3871 705 706 3872 706 645 3873 645 706 3874 706 646 3875 646 646 3876 646 706 3877 706 707 3878 707 646 3879 646 707 3880 707 647 3881 647 647 3882 647 707 3883 707 708 3884 708 647 3885 647 708 3886 708 648 3887 648 648 3888 648 708 3889 708 709 3890 709 648 3891 648 709 3892 709 649 3893 649 649 3894 649 709 3895 709 710 3896 710 649 3897 649 710 3898 710 650 3899 650 650 3900 650 710 3901 710 711 3902 711 650 3903 650 711 3904 711 651 3905 651 651 3906 651 711 3907 711 712 3908 712 651 3909 651 712 3910 712 652 3911 652 652 3912 652 712 3913 712 713 3914 713 652 3915 652 713 3916 713 653 3917 653 653 3918 653 713 3919 713 714 3920 714 653 3921 653 714 3922 714 654 3923 654 654 3924 654 714 3925 714 715 3926 715 654 3927 654 715 3928 715 655 3929 655 655 3930 655 715 3931 715 716 3932 716 655 3933 655 716 3934 716 656 3935 656 656 3936 656 716 3937 716 717 3938 717 656 3939 656 717 3940 717 657 3941 657 657 3942 657 717 3943 717 718 3944 718 657 3945 657 718 3946 718 658 3947 658 658 3948 658 718 3949 718 719 3950 719 658 3951 658 719 3952 719 659 3953 659 659 3954 659 719 3955 719 660 3956 660 659 3957 659 660 3958 660 600 3959 600 660 3960 660 720 3961 720 721 3962 721 660 3963 660 721 3964 721 661 3965 661 661 3966 661 721 3967 721 722 3968 722 661 3969 661 722 3970 722 662 3971 662 662 3972 662 722 3973 722 723 3974 723 662 3975 662 723 3976 723 663 3977 663 663 3978 663 723 3979 723 724 3980 724 663 3981 663 724 3982 724 664 3983 664 664 3984 664 724 3985 724 725 3986 725 664 3987 664 725 3988 725 665 3989 665 665 3990 665 725 3991 725 726 3992 726 665 3993 665 726 3994 726 666 3995 666 666 3996 666 726 3997 726 727 3998 727 666 3999 666 727 4000 727 667 4001 667 667 4002 667 727 4003 727 728 4004 728 667 4005 667 728 4006 728 668 4007 668 668 4008 668 728 4009 728 729 4010 729 668 4011 668 729 4012 729 669 4013 669 669 4014 669 729 4015 729 730 4016 730 669 4017 669 730 4018 730 670 4019 670 670 4020 670 730 4021 730 731 4022 731 670 4023 670 731 4024 731 671 4025 671 671 4026 671 731 4027 731 732 4028 732 671 4029 671 732 4030 732 672 4031 672 672 4032 672 732 4033 732 733 4034 733 672 4035 672 733 4036 733 673 4037 673 673 4038 673 733 4039 733 734 4040 734 673 4041 673 734 4042 734 674 4043 674 674 4044 674 734 4045 734 735 4046 735 674 4047 674 735 4048 735 675 4049 675 675 4050 675 735 4051 735 736 4052 736 675 4053 675 736 4054 736 676 4055 676 676 4056 676 736 4057 736 737 4058 737 676 4059 676 737 4060 737 677 4061 677 677 4062 677 737 4063 737 738 4064 738 677 4065 677 738 4066 738 678 4067 678 678 4068 678 738 4069 738 739 4070 739 678 4071 678 739 4072 739 679 4073 679 679 4074 679 739 4075 739 740 4076 740 679 4077 679 740 4078 740 680 4079 680 680 4080 680 740 4081 740 741 4082 741 680 4083 680 741 4084 741 681 4085 681 681 4086 681 741 4087 741 742 4088 742 681 4089 681 742 4090 742 682 4091 682 682 4092 682 742 4093 742 743 4094 743 682 4095 682 743 4096 743 683 4097 683 683 4098 683 743 4099 743 744 4100 744 683 4101 683 744 4102 744 684 4103 684 684 4104 684 744 4105 744 745 4106 745 684 4107 684 745 4108 745 685 4109 685 685 4110 685 745 4111 745 746 4112 746 685 4113 685 746 4114 746 686 4115 686 686 4116 686 746 4117 746 747 4118 747 686 4119 686 747 4120 747 687 4121 687 687 4122 687 747 4123 747 748 4124 748 687 4125 687 748 4126 748 688 4127 688 688 4128 688 748 4129 748 749 4130 749 688 4131 688 749 4132 749 689 4133 689 689 4134 689 749 4135 749 750 4136 750 689 4137 689 750 4138 750 690 4139 690 690 4140 690 750 4141 750 751 4142 751 690 4143 690 751 4144 751 691 4145 691 691 4146 691 751 4147 751 752 4148 752 691 4149 691 752 4150 752 692 4151 692 692 4152 692 752 4153 752 753 4154 753 692 4155 692 753 4156 753 693 4157 693 693 4158 693 753 4159 753 754 4160 754 693 4161 693 754 4162 754 694 4163 694 694 4164 694 754 4165 754 755 4166 755 694 4167 694 755 4168 755 695 4169 695 695 4170 695 755 4171 755 756 4172 756 695 4173 695 756 4174 756 696 4175 696 696 4176 696 756 4177 756 757 4178 757 696 4179 696 757 4180 757 697 4181 697 697 4182 697 757 4183 757 758 4184 758 697 4185 697 758 4186 758 698 4187 698 698 4188 698 758 4189 758 759 4190 759 698 4191 698 759 4192 759 699 4193 699 699 4194 699 759 4195 759 760 4196 760 699 4197 699 760 4198 760 700 4199 700 700 4200 700 760 4201 760 761 4202 761 700 4203 700 761 4204 761 701 4205 701 701 4206 701 761 4207 761 762 4208 762 701 4209 701 762 4210 762 702 4211 702 702 4212 702 762 4213 762 763 4214 763 702 4215 702 763 4216 763 703 4217 703 703 4218 703 763 4219 763 764 4220 764 703 4221 703 764 4222 764 704 4223 704 704 4224 704 764 4225 764 765 4226 765 704 4227 704 765 4228 765 705 4229 705 705 4230 705 765 4231 765 766 4232 766 705 4233 705 766 4234 766 706 4235 706 706 4236 706 766 4237 766 767 4238 767 706 4239 706 767 4240 767 707 4241 707 707 4242 707 767 4243 767 768 4244 768 707 4245 707 768 4246 768 708 4247 708 708 4248 708 768 4249 768 769 4250 769 708 4251 708 769 4252 769 709 4253 709 709 4254 709 769 4255 769 770 4256 770 709 4257 709 770 4258 770 710 4259 710 710 4260 710 770 4261 770 771 4262 771 710 4263 710 771 4264 771 711 4265 711 711 4266 711 771 4267 771 772 4268 772 711 4269 711 772 4270 772 712 4271 712 712 4272 712 772 4273 772 773 4274 773 712 4275 712 773 4276 773 713 4277 713 713 4278 713 773 4279 773 774 4280 774 713 4281 713 774 4282 774 714 4283 714 714 4284 714 774 4285 774 775 4286 775 714 4287 714 775 4288 775 715 4289 715 715 4290 715 775 4291 775 776 4292 776 715 4293 715 776 4294 776 716 4295 716 716 4296 716 776 4297 776 777 4298 777 716 4299 716 777 4300 777 717 4301 717 717 4302 717 777 4303 777 778 4304 778 717 4305 717 778 4306 778 718 4307 718 718 4308 718 778 4309 778 779 4310 779 718 4311 718 779 4312 779 719 4313 719 719 4314 719 779 4315 779 720 4316 720 719 4317 719 720 4318 720 660 4319 660 720 4320 720 780 4321 780 781 4322 781 720 4323 720 781 4324 781 721 4325 721 721 4326 721 781 4327 781 782 4328 782 721 4329 721 782 4330 782 722 4331 722 722 4332 722 782 4333 782 783 4334 783 722 4335 722 783 4336 783 723 4337 723 723 4338 723 783 4339 783 784 4340 784 723 4341 723 784 4342 784 724 4343 724 724 4344 724 784 4345 784 785 4346 785 724 4347 724 785 4348 785 725 4349 725 725 4350 725 785 4351 785 786 4352 786 725 4353 725 786 4354 786 726 4355 726 726 4356 726 786 4357 786 787 4358 787 726 4359 726 787 4360 787 727 4361 727 727 4362 727 787 4363 787 788 4364 788 727 4365 727 788 4366 788 728 4367 728 728 4368 728 788 4369 788 789 4370 789 728 4371 728 789 4372 789 729 4373 729 729 4374 729 789 4375 789 790 4376 790 729 4377 729 790 4378 790 730 4379 730 730 4380 730 790 4381 790 791 4382 791 730 4383 730 791 4384 791 731 4385 731 731 4386 731 791 4387 791 792 4388 792 731 4389 731 792 4390 792 732 4391 732 732 4392 732 792 4393 792 793 4394 793 732 4395 732 793 4396 793 733 4397 733 733 4398 733 793 4399 793 794 4400 794 733 4401 733 794 4402 794 734 4403 734 734 4404 734 794 4405 794 795 4406 795 734 4407 734 795 4408 795 735 4409 735 735 4410 735 795 4411 795 796 4412 796 735 4413 735 796 4414 796 736 4415 736 736 4416 736 796 4417 796 797 4418 797 736 4419 736 797 4420 797 737 4421 737 737 4422 737 797 4423 797 798 4424 798 737 4425 737 798 4426 798 738 4427 738 738 4428 738 798 4429 798 799 4430 799 738 4431 738 799 4432 799 739 4433 739 739 4434 739 799 4435 799 800 4436 800 739 4437 739 800 4438 800 740 4439 740 740 4440 740 800 4441 800 801 4442 801 740 4443 740 801 4444 801 741 4445 741 741 4446 741 801 4447 801 802 4448 802 741 4449 741 802 4450 802 742 4451 742 742 4452 742 802 4453 802 803 4454 803 742 4455 742 803 4456 803 743 4457 743 743 4458 743 803 4459 803 804 4460 804 743 4461 743 804 4462 804 744 4463 744 744 4464 744 804 4465 804 805 4466 805 744 4467 744 805 4468 805 745 4469 745 745 4470 745 805 4471 805 806 4472 806 745 4473 745 806 4474 806 746 4475 746 746 4476 746 806 4477 806 807 4478 807 746 4479 746 807 4480 807 747 4481 747 747 4482 747 807 4483 807 808 4484 808 747 4485 747 808 4486 808 748 4487 748 748 4488 748 808 4489 808 809 4490 809 748 4491 748 809 4492 809 749 4493 749 749 4494 749 809 4495 809 810 4496 810 749 4497 749 810 4498 810 750 4499 750 750 4500 750 810 4501 810 811 4502 811 750 4503 750 811 4504 811 751 4505 751 751 4506 751 811 4507 811 812 4508 812 751 4509 751 812 4510 812 752 4511 752 752 4512 752 812 4513 812 813 4514 813 752 4515 752 813 4516 813 753 4517 753 753 4518 753 813 4519 813 814 4520 814 753 4521 753 814 4522 814 754 4523 754 754 4524 754 814 4525 814 815 4526 815 754 4527 754 815 4528 815 755 4529 755 755 4530 755 815 4531 815 816 4532 816 755 4533 755 816 4534 816 756 4535 756 756 4536 756 816 4537 816 817 4538 817 756 4539 756 817 4540 817 757 4541 757 757 4542 757 817 4543 817 818 4544 818 757 4545 757 818 4546 818 758 4547 758 758 4548 758 818 4549 818 819 4550 819 758 4551 758 819 4552 819 759 4553 759 759 4554 759 819 4555 819 820 4556 820 759 4557 759 820 4558 820 760 4559 760 760 4560 760 820 4561 820 821 4562 821 760 4563 760 821 4564 821 761 4565 761 761 4566 761 821 4567 821 822 4568 822 761 4569 761 822 4570 822 762 4571 762 762 4572 762 822 4573 822 823 4574 823 762 4575 762 823 4576 823 763 4577 763 763 4578 763 823 4579 823 824 4580 824 763 4581 763 824 4582 824 764 4583 764 764 4584 764 824 4585 824 825 4586 825 764 4587 764 825 4588 825 765 4589 765 765 4590 765 825 4591 825 826 4592 826 765 4593 765 826 4594 826 766 4595 766 766 4596 766 826 4597 826 827 4598 827 766 4599 766 827 4600 827 767 4601 767 767 4602 767 827 4603 827 828 4604 828 767 4605 767 828 4606 828 768 4607 768 768 4608 768 828 4609 828 829 4610 829 768 4611 768 829 4612 829 769 4613 769 769 4614 769 829 4615 829 830 4616 830 769 4617 769 830 4618 830 770 4619 770 770 4620 770 830 4621 830 831 4622 831 770 4623 770 831 4624 831 771 4625 771 771 4626 771 831 4627 831 832 4628 832 771 4629 771 832 4630 832 772 4631 772 772 4632 772 832 4633 832 833 4634 833 772 4635 772 833 4636 833 773 4637 773 773 4638 773 833 4639 833 834 4640 834 773 4641 773 834 4642 834 774 4643 774 774 4644 774 834 4645 834 835 4646 835 774 4647 774 835 4648 835 775 4649 775 775 4650 775 835 4651 835 836 4652 836 775 4653 775 836 4654 836 776 4655 776 776 4656 776 836 4657 836 837 4658 837 776 4659 776 837 4660 837 777 4661 777 777 4662 777 837 4663 837 838 4664 838 777 4665 777 838 4666 838 778 4667 778 778 4668 778 838 4669 838 839 4670 839 778 4671 778 839 4672 839 779 4673 779 779 4674 779 839 4675 839 780 4676 780 779 4677 779 780 4678 780 720 4679 720 780 4680 780 840 4681 840 841 4682 841 780 4683 780 841 4684 841 781 4685 781 781 4686 781 841 4687 841 842 4688 842 781 4689 781 842 4690 842 782 4691 782 782 4692 782 842 4693 842 843 4694 843 782 4695 782 843 4696 843 783 4697 783 783 4698 783 843 4699 843 844 4700 844 783 4701 783 844 4702 844 784 4703 784 784 4704 784 844 4705 844 845 4706 845 784 4707 784 845 4708 845 785 4709 785 785 4710 785 845 4711 845 846 4712 846 785 4713 785 846 4714 846 786 4715 786 786 4716 786 846 4717 846 847 4718 847 786 4719 786 847 4720 847 787 4721 787 787 4722 787 847 4723 847 848 4724 848 787 4725 787 848 4726 848 788 4727 788 788 4728 788 848 4729 848 849 4730 849 788 4731 788 849 4732 849 789 4733 789 789 4734 789 849 4735 849 850 4736 850 789 4737 789 850 4738 850 790 4739 790 790 4740 790 850 4741 850 851 4742 851 790 4743 790 851 4744 851 791 4745 791 791 4746 791 851 4747 851 852 4748 852 791 4749 791 852 4750 852 792 4751 792 792 4752 792 852 4753 852 853 4754 853 792 4755 792 853 4756 853 793 4757 793 793 4758 793 853 4759 853 854 4760 854 793 4761 793 854 4762 854 794 4763 794 794 4764 794 854 4765 854 855 4766 855 794 4767 794 855 4768 855 795 4769 795 795 4770 795 855 4771 855 856 4772 856 795 4773 795 856 4774 856 796 4775 796 796 4776 796 856 4777 856 857 4778 857 796 4779 796 857 4780 857 797 4781 797 797 4782 797 857 4783 857 858 4784 858 797 4785 797 858 4786 858 798 4787 798 798 4788 798 858 4789 858 859 4790 859 798 4791 798 859 4792 859 799 4793 799 799 4794 799 859 4795 859 860 4796 860 799 4797 799 860 4798 860 800 4799 800 800 4800 800 860 4801 860 861 4802 861 800 4803 800 861 4804 861 801 4805 801 801 4806 801 861 4807 861 862 4808 862 801 4809 801 862 4810 862 802 4811 802 802 4812 802 862 4813 862 863 4814 863 802 4815 802 863 4816 863 803 4817 803 803 4818 803 863 4819 863 864 4820 864 803 4821 803 864 4822 864 804 4823 804 804 4824 804 864 4825 864 865 4826 865 804 4827 804 865 4828 865 805 4829 805 805 4830 805 865 4831 865 866 4832 866 805 4833 805 866 4834 866 806 4835 806 806 4836 806 866 4837 866 867 4838 867 806 4839 806 867 4840 867 807 4841 807 807 4842 807 867 4843 867 868 4844 868 807 4845 807 868 4846 868 808 4847 808 808 4848 808 868 4849 868 869 4850 869 808 4851 808 869 4852 869 809 4853 809 809 4854 809 869 4855 869 870 4856 870 809 4857 809 870 4858 870 810 4859 810 810 4860 810 870 4861 870 871 4862 871 810 4863 810 871 4864 871 811 4865 811 811 4866 811 871 4867 871 872 4868 872 811 4869 811 872 4870 872 812 4871 812 812 4872 812 872 4873 872 873 4874 873 812 4875 812 873 4876 873 813 4877 813 813 4878 813 873 4879 873 874 4880 874 813 4881 813 874 4882 874 814 4883 814 814 4884 814 874 4885 874 875 4886 875 814 4887 814 875 4888 875 815 4889 815 815 4890 815 875 4891 875 876 4892 876 815 4893 815 876 4894 876 816 4895 816 816 4896 816 876 4897 876 877 4898 877 816 4899 816 877 4900 877 817 4901 817 817 4902 817 877 4903 877 878 4904 878 817 4905 817 878 4906 878 818 4907 818 818 4908 818 878 4909 878 879 4910 879 818 4911 818 879 4912 879 819 4913 819 819 4914 819 879 4915 879 880 4916 880 819 4917 819 880 4918 880 820 4919 820 820 4920 820 880 4921 880 881 4922 881 820 4923 820 881 4924 881 821 4925 821 821 4926 821 881 4927 881 882 4928 882 821 4929 821 882 4930 882 822 4931 822 822 4932 822 882 4933 882 883 4934 883 822 4935 822 883 4936 883 823 4937 823 823 4938 823 883 4939 883 884 4940 884 823 4941 823 884 4942 884 824 4943 824 824 4944 824 884 4945 884 885 4946 885 824 4947 824 885 4948 885 825 4949 825 825 4950 825 885 4951 885 886 4952 886 825 4953 825 886 4954 886 826 4955 826 826 4956 826 886 4957 886 887 4958 887 826 4959 826 887 4960 887 827 4961 827 827 4962 827 887 4963 887 888 4964 888 827 4965 827 888 4966 888 828 4967 828 828 4968 828 888 4969 888 889 4970 889 828 4971 828 889 4972 889 829 4973 829 829 4974 829 889 4975 889 890 4976 890 829 4977 829 890 4978 890 830 4979 830 830 4980 830 890 4981 890 891 4982 891 830 4983 830 891 4984 891 831 4985 831 831 4986 831 891 4987 891 892 4988 892 831 4989 831 892 4990 892 832 4991 832 832 4992 832 892 4993 892 893 4994 893 832 4995 832 893 4996 893 833 4997 833 833 4998 833 893 4999 893 894 5000 894 833 5001 833 894 5002 894 834 5003 834 834 5004 834 894 5005 894 895 5006 895 834 5007 834 895 5008 895 835 5009 835 835 5010 835 895 5011 895 896 5012 896 835 5013 835 896 5014 896 836 5015 836 836 5016 836 896 5017 896 897 5018 897 836 5019 836 897 5020 897 837 5021 837 837 5022 837 897 5023 897 898 5024 898 837 5025 837 898 5026 898 838 5027 838 838 5028 838 898 5029 898 899 5030 899 838 5031 838 899 5032 899 839 5033 839 839 5034 839 899 5035 899 840 5036 840 839 5037 839 840 5038 840 780 5039 780 840 5040 840 900 5041 900 901 5042 901 840 5043 840 901 5044 901 841 5045 841 841 5046 841 901 5047 901 902 5048 902 841 5049 841 902 5050 902 842 5051 842 842 5052 842 902 5053 902 903 5054 903 842 5055 842 903 5056 903 843 5057 843 843 5058 843 903 5059 903 904 5060 904 843 5061 843 904 5062 904 844 5063 844 844 5064 844 904 5065 904 905 5066 905 844 5067 844 905 5068 905 845 5069 845 845 5070 845 905 5071 905 906 5072 906 845 5073 845 906 5074 906 846 5075 846 846 5076 846 906 5077 906 907 5078 907 846 5079 846 907 5080 907 847 5081 847 847 5082 847 907 5083 907 908 5084 908 847 5085 847 908 5086 908 848 5087 848 848 5088 848 908 5089 908 909 5090 909 848 5091 848 909 5092 909 849 5093 849 849 5094 849 909 5095 909 910 5096 910 849 5097 849 910 5098 910 850 5099 850 850 5100 850 910 5101 910 911 5102 911 850 5103 850 911 5104 911 851 5105 851 851 5106 851 911 5107 911 912 5108 912 851 5109 851 912 5110 912 852 5111 852 852 5112 852 912 5113 912 913 5114 913 852 5115 852 913 5116 913 853 5117 853 853 5118 853 913 5119 913 914 5120 914 853 5121 853 914 5122 914 854 5123 854 854 5124 854 914 5125 914 915 5126 915 854 5127 854 915 5128 915 855 5129 855 855 5130 855 915 5131 915 916 5132 916 855 5133 855 916 5134 916 856 5135 856 856 5136 856 916 5137 916 917 5138 917 856 5139 856 917 5140 917 857 5141 857 857 5142 857 917 5143 917 918 5144 918 857 5145 857 918 5146 918 858 5147 858 858 5148 858 918 5149 918 919 5150 919 858 5151 858 919 5152 919 859 5153 859 859 5154 859 919 5155 919 920 5156 920 859 5157 859 920 5158 920 860 5159 860 860 5160 860 920 5161 920 921 5162 921 860 5163 860 921 5164 921 861 5165 861 861 5166 861 921 5167 921 922 5168 922 861 5169 861 922 5170 922 862 5171 862 862 5172 862 922 5173 922 923 5174 923 862 5175 862 923 5176 923 863 5177 863 863 5178 863 923 5179 923 924 5180 924 863 5181 863 924 5182 924 864 5183 864 864 5184 864 924 5185 924 925 5186 925 864 5187 864 925 5188 925 865 5189 865 865 5190 865 925 5191 925 926 5192 926 865 5193 865 926 5194 926 866 5195 866 866 5196 866 926 5197 926 927 5198 927 866 5199 866 927 5200 927 867 5201 867 867 5202 867 927 5203 927 928 5204 928 867 5205 867 928 5206 928 868 5207 868 868 5208 868 928 5209 928 929 5210 929 868 5211 868 929 5212 929 869 5213 869 869 5214 869 929 5215 929 930 5216 930 869 5217 869 930 5218 930 870 5219 870 870 5220 870 930 5221 930 931 5222 931 870 5223 870 931 5224 931 871 5225 871 871 5226 871 931 5227 931 932 5228 932 871 5229 871 932 5230 932 872 5231 872 872 5232 872 932 5233 932 933 5234 933 872 5235 872 933 5236 933 873 5237 873 873 5238 873 933 5239 933 934 5240 934 873 5241 873 934 5242 934 874 5243 874 874 5244 874 934 5245 934 935 5246 935 874 5247 874 935 5248 935 875 5249 875 875 5250 875 935 5251 935 936 5252 936 875 5253 875 936 5254 936 876 5255 876 876 5256 876 936 5257 936 937 5258 937 876 5259 876 937 5260 937 877 5261 877 877 5262 877 937 5263 937 938 5264 938 877 5265 877 938 5266 938 878 5267 878 878 5268 878 938 5269 938 939 5270 939 878 5271 878 939 5272 939 879 5273 879 879 5274 879 939 5275 939 940 5276 940 879 5277 879 940 5278 940 880 5279 880 880 5280 880 940 5281 940 941 5282 941 880 5283 880 941 5284 941 881 5285 881 881 5286 881 941 5287 941 942 5288 942 881 5289 881 942 5290 942 882 5291 882 882 5292 882 942 5293 942 943 5294 943 882 5295 882 943 5296 943 883 5297 883 883 5298 883 943 5299 943 944 5300 944 883 5301 883 944 5302 944 884 5303 884 884 5304 884 944 5305 944 945 5306 945 884 5307 884 945 5308 945 885 5309 885 885 5310 885 945 5311 945 946 5312 946 885 5313 885 946 5314 946 886 5315 886 886 5316 886 946 5317 946 947 5318 947 886 5319 886 947 5320 947 887 5321 887 887 5322 887 947 5323 947 948 5324 948 887 5325 887 948 5326 948 888 5327 888 888 5328 888 948 5329 948 949 5330 949 888 5331 888 949 5332 949 889 5333 889 889 5334 889 949 5335 949 950 5336 950 889 5337 889 950 5338 950 890 5339 890 890 5340 890 950 5341 950 951 5342 951 890 5343 890 951 5344 951 891 5345 891 891 5346 891 951 5347 951 952 5348 952 891 5349 891 952 5350 952 892 5351 892 892 5352 892 952 5353 952 953 5354 953 892 5355 892 953 5356 953 893 5357 893 893 5358 893 953 5359 953 954 5360 954 893 5361 893 954 5362 954 894 5363 894 894 5364 894 954 5365 954 955 5366 955 894 5367 894 955 5368 955 895 5369 895 895 5370 895 955 5371 955 956 5372 956 895 5373 895 956 5374 956 896 5375 896 896 5376 896 956 5377 956 957 5378 957 896 5379 896 957 5380 957 897 5381 897 897 5382 897 957 5383 957 958 5384 958 897 5385 897 958 5386 958 898 5387 898 898 5388 898 958 5389 958 959 5390 959 898 5391 898 959 5392 959 899 5393 899 899 5394 899 959 5395 959 900 5396 900 899 5397 899 900 5398 900 840 5399 840 900 5400 900 960 5401 960 961 5402 961 900 5403 900 961 5404 961 901 5405 901 901 5406 901 961 5407 961 962 5408 962 901 5409 901 962 5410 962 902 5411 902 902 5412 902 962 5413 962 963 5414 963 902 5415 902 963 5416 963 903 5417 903 903 5418 903 963 5419 963 964 5420 964 903 5421 903 964 5422 964 904 5423 904 904 5424 904 964 5425 964 965 5426 965 904 5427 904 965 5428 965 905 5429 905 905 5430 905 965 5431 965 966 5432 966 905 5433 905 966 5434 966 906 5435 906 906 5436 906 966 5437 966 967 5438 967 906 5439 906 967 5440 967 907 5441 907 907 5442 907 967 5443 967 968 5444 968 907 5445 907 968 5446 968 908 5447 908 908 5448 908 968 5449 968 969 5450 969 908 5451 908 969 5452 969 909 5453 909 909 5454 909 969 5455 969 970 5456 970 909 5457 909 970 5458 970 910 5459 910 910 5460 910 970 5461 970 971 5462 971 910 5463 910 971 5464 971 911 5465 911 911 5466 911 971 5467 971 972 5468 972 911 5469 911 972 5470 972 912 5471 912 912 5472 912 972 5473 972 973 5474 973 912 5475 912 973 5476 973 913 5477 913 913 5478 913 973 5479 973 974 5480 974 913 5481 913 974 5482 974 914 5483 914 914 5484 914 974 5485 974 975 5486 975 914 5487 914 975 5488 975 915 5489 915 915 5490 915 975 5491 975 976 5492 976 915 5493 915 976 5494 976 916 5495 916 916 5496 916 976 5497 976 977 5498 977 916 5499 916 977 5500 977 917 5501 917 917 5502 917 977 5503 977 978 5504 978 917 5505 917 978 5506 978 918 5507 918 918 5508 918 978 5509 978 979 5510 979 918 5511 918 979 5512 979 919 5513 919 919 5514 919 979 5515 979 980 5516 980 919 5517 919 980 5518 980 920 5519 920 920 5520 920 980 5521 980 981 5522 981 920 5523 920 981 5524 981 921 5525 921 921 5526 921 981 5527 981 982 5528 982 921 5529 921 982 5530 982 922 5531 922 922 5532 922 982 5533 982 983 5534 983 922 5535 922 983 5536 983 923 5537 923 923 5538 923 983 5539 983 984 5540 984 923 5541 923 984 5542 984 924 5543 924 924 5544 924 984 5545 984 985 5546 985 924 5547 924 985 5548 985 925 5549 925 925 5550 925 985 5551 985 986 5552 986 925 5553 925 986 5554 986 926 5555 926 926 5556 926 986 5557 986 987 5558 987 926 5559 926 987 5560 987 927 5561 927 927 5562 927 987 5563 987 988 5564 988 927 5565 927 988 5566 988 928 5567 928 928 5568 928 988 5569 988 989 5570 989 928 5571 928 989 5572 989 929 5573 929 929 5574 929 989 5575 989 990 5576 990 929 5577 929 990 5578 990 930 5579 930 930 5580 930 990 5581 990 991 5582 991 930 5583 930 991 5584 991 931 5585 931 931 5586 931 991 5587 991 992 5588 992 931 5589 931 992 5590 992 932 5591 932 932 5592 932 992 5593 992 993 5594 993 932 5595 932 993 5596 993 933 5597 933 933 5598 933 993 5599 993 994 5600 994 933 5601 933 994 5602 994 934 5603 934 934 5604 934 994 5605 994 995 5606 995 934 5607 934 995 5608 995 935 5609 935 935 5610 935 995 5611 995 996 5612 996 935 5613 935 996 5614 996 936 5615 936 936 5616 936 996 5617 996 997 5618 997 936 5619 936 997 5620 997 937 5621 937 937 5622 937 997 5623 997 998 5624 998 937 5625 937 998 5626 998 938 5627 938 938 5628 938 998 5629 998 999 5630 999 938 5631 938 999 5632 999 939 5633 939 939 5634 939 999 5635 999 1000 5636 1000 939 5637 939 1000 5638 1000 940 5639 940 940 5640 940 1000 5641 1000 1001 5642 1001 940 5643 940 1001 5644 1001 941 5645 941 941 5646 941 1001 5647 1001 1002 5648 1002 941 5649 941 1002 5650 1002 942 5651 942 942 5652 942 1002 5653 1002 1003 5654 1003 942 5655 942 1003 5656 1003 943 5657 943 943 5658 943 1003 5659 1003 1004 5660 1004 943 5661 943 1004 5662 1004 944 5663 944 944 5664 944 1004 5665 1004 1005 5666 1005 944 5667 944 1005 5668 1005 945 5669 945 945 5670 945 1005 5671 1005 1006 5672 1006 945 5673 945 1006 5674 1006 946 5675 946 946 5676 946 1006 5677 1006 1007 5678 1007 946 5679 946 1007 5680 1007 947 5681 947 947 5682 947 1007 5683 1007 1008 5684 1008 947 5685 947 1008 5686 1008 948 5687 948 948 5688 948 1008 5689 1008 1009 5690 1009 948 5691 948 1009 5692 1009 949 5693 949 949 5694 949 1009 5695 1009 1010 5696 1010 949 5697 949 1010 5698 1010 950 5699 950 950 5700 950 1010 5701 1010 1011 5702 1011 950 5703 950 1011 5704 1011 951 5705 951 951 5706 951 1011 5707 1011 1012 5708 1012 951 5709 951 1012 5710 1012 952 5711 952 952 5712 952 1012 5713 1012 1013 5714 1013 952 5715 952 1013 5716 1013 953 5717 953 953 5718 953 1013 5719 1013 1014 5720 1014 953 5721 953 1014 5722 1014 954 5723 954 954 5724 954 1014 5725 1014 1015 5726 1015 954 5727 954 1015 5728 1015 955 5729 955 955 5730 955 1015 5731 1015 1016 5732 1016 955 5733 955 1016 5734 1016 956 5735 956 956 5736 956 1016 5737 1016 1017 5738 1017 956 5739 956 1017 5740 1017 957 5741 957 957 5742 957 1017 5743 1017 1018 5744 1018 957 5745 957 1018 5746 1018 958 5747 958 958 5748 958 1018 5749 1018 1019 5750 1019 958 5751 958 1019 5752 1019 959 5753 959 959 5754 959 1019 5755 1019 960 5756 960 959 5757 959 960 5758 960 900 5759 900 960 5760 960 1020 5761 1020 1021 5762 1021 960 5763 960 1021 5764 1021 961 5765 961 961 5766 961 1021 5767 1021 1022 5768 1022 961 5769 961 1022 5770 1022 962 5771 962 962 5772 962 1022 5773 1022 1023 5774 1023 962 5775 962 1023 5776 1023 963 5777 963 963 5778 963 1023 5779 1023 1024 5780 1024 963 5781 963 1024 5782 1024 964 5783 964 964 5784 964 1024 5785 1024 1025 5786 1025 964 5787 964 1025 5788 1025 965 5789 965 965 5790 965 1025 5791 1025 1026 5792 1026 965 5793 965 1026 5794 1026 966 5795 966 966 5796 966 1026 5797 1026 1027 5798 1027 966 5799 966 1027 5800 1027 967 5801 967 967 5802 967 1027 5803 1027 1028 5804 1028 967 5805 967 1028 5806 1028 968 5807 968 968 5808 968 1028 5809 1028 1029 5810 1029 968 5811 968 1029 5812 1029 969 5813 969 969 5814 969 1029 5815 1029 1030 5816 1030 969 5817 969 1030 5818 1030 970 5819 970 970 5820 970 1030 5821 1030 1031 5822 1031 970 5823 970 1031 5824 1031 971 5825 971 971 5826 971 1031 5827 1031 1032 5828 1032 971 5829 971 1032 5830 1032 972 5831 972 972 5832 972 1032 5833 1032 1033 5834 1033 972 5835 972 1033 5836 1033 973 5837 973 973 5838 973 1033 5839 1033 1034 5840 1034 973 5841 973 1034 5842 1034 974 5843 974 974 5844 974 1034 5845 1034 1035 5846 1035 974 5847 974 1035 5848 1035 975 5849 975 975 5850 975 1035 5851 1035 1036 5852 1036 975 5853 975 1036 5854 1036 976 5855 976 976 5856 976 1036 5857 1036 1037 5858 1037 976 5859 976 1037 5860 1037 977 5861 977 977 5862 977 1037 5863 1037 1038 5864 1038 977 5865 977 1038 5866 1038 978 5867 978 978 5868 978 1038 5869 1038 1039 5870 1039 978 5871 978 1039 5872 1039 979 5873 979 979 5874 979 1039 5875 1039 1040 5876 1040 979 5877 979 1040 5878 1040 980 5879 980 980 5880 980 1040 5881 1040 1041 5882 1041 980 5883 980 1041 5884 1041 981 5885 981 981 5886 981 1041 5887 1041 1042 5888 1042 981 5889 981 1042 5890 1042 982 5891 982 982 5892 982 1042 5893 1042 1043 5894 1043 982 5895 982 1043 5896 1043 983 5897 983 983 5898 983 1043 5899 1043 1044 5900 1044 983 5901 983 1044 5902 1044 984 5903 984 984 5904 984 1044 5905 1044 1045 5906 1045 984 5907 984 1045 5908 1045 985 5909 985 985 5910 985 1045 5911 1045 1046 5912 1046 985 5913 985 1046 5914 1046 986 5915 986 986 5916 986 1046 5917 1046 1047 5918 1047 986 5919 986 1047 5920 1047 987 5921 987 987 5922 987 1047 5923 1047 1048 5924 1048 987 5925 987 1048 5926 1048 988 5927 988 988 5928 988 1048 5929 1048 1049 5930 1049 988 5931 988 1049 5932 1049 989 5933 989 989 5934 989 1049 5935 1049 1050 5936 1050 989 5937 989 1050 5938 1050 990 5939 990 990 5940 990 1050 5941 1050 1051 5942 1051 990 5943 990 1051 5944 1051 991 5945 991 991 5946 991 1051 5947 1051 1052 5948 1052 991 5949 991 1052 5950 1052 992 5951 992 992 5952 992 1052 5953 1052 1053 5954 1053 992 5955 992 1053 5956 1053 993 5957 993 993 5958 993 1053 5959 1053 1054 5960 1054 993 5961 993 1054 5962 1054 994 5963 994 994 5964 994 1054 5965 1054 1055 5966 1055 994 5967 994 1055 5968 1055 995 5969 995 995 5970 995 1055 5971 1055 1056 5972 1056 995 5973 995 1056 5974 1056 996 5975 996 996 5976 996 1056 5977 1056 1057 5978 1057 996 5979 996 1057 5980 1057 997 5981 997 997 5982 997 1057 5983 1057 1058 5984 1058 997 5985 997 1058 5986 1058 998 5987 998 998 5988 998 1058 5989 1058 1059 5990 1059 998 5991 998 1059 5992 1059 999 5993 999 999 5994 999 1059 5995 1059 1060 5996 1060 999 5997 999 1060 5998 1060 1000 5999 1000 1000 6000 1000 1060 6001 1060 1061 6002 1061 1000 6003 1000 1061 6004 1061 1001 6005 1001 1001 6006 1001 1061 6007 1061 1062 6008 1062 1001 6009 1001 1062 6010 1062 1002 6011 1002 1002 6012 1002 1062 6013 1062 1063 6014 1063 1002 6015 1002 1063 6016 1063 1003 6017 1003 1003 6018 1003 1063 6019 1063 1064 6020 1064 1003 6021 1003 1064 6022 1064 1004 6023 1004 1004 6024 1004 1064 6025 1064 1065 6026 1065 1004 6027 1004 1065 6028 1065 1005 6029 1005 1005 6030 1005 1065 6031 1065 1066 6032 1066 1005 6033 1005 1066 6034 1066 1006 6035 1006 1006 6036 1006 1066 6037 1066 1067 6038 1067 1006 6039 1006 1067 6040 1067 1007 6041 1007 1007 6042 1007 1067 6043 1067 1068 6044 1068 1007 6045 1007 1068 6046 1068 1008 6047 1008 1008 6048 1008 1068 6049 1068 1069 6050 1069 1008 6051 1008 1069 6052 1069 1009 6053 1009 1009 6054 1009 1069 6055 1069 1070 6056 1070 1009 6057 1009 1070 6058 1070 1010 6059 1010 1010 6060 1010 1070 6061 1070 1071 6062 1071 1010 6063 1010 1071 6064 1071 1011 6065 1011 1011 6066 1011 1071 6067 1071 1072 6068 1072 1011 6069 1011 1072 6070 1072 1012 6071 1012 1012 6072 1012 1072 6073 1072 1073 6074 1073 1012 6075 1012 1073 6076 1073 1013 6077 1013 1013 6078 1013 1073 6079 1073 1074 6080 1074 1013 6081 1013 1074 6082 1074 1014 6083 1014 1014 6084 1014 1074 6085 1074 1075 6086 1075 1014 6087 1014 1075 6088 1075 1015 6089 1015 1015 6090 1015 1075 6091 1075 1076 6092 1076 1015 6093 1015 1076 6094 1076 1016 6095 1016 1016 6096 1016 1076 6097 1076 1077 6098 1077 1016 6099 1016 1077 6100 1077 1017 6101 1017 1017 6102 1017 1077 6103 1077 1078 6104 1078 1017 6105 1017 1078 6106 1078 1018 6107 1018 1018 6108 1018 1078 6109 1078 1079 6110 1079 1018 6111 1018 1079 6112 1079 1019 6113 1019 1019 6114 1019 1079 6115 1079 1020 6116 1020 1019 6117 1019 1020 6118 1020 960 6119 960 1020 6120 1020 1080 6121 1080 1081 6122 1081 1020 6123 1020 1081 6124 1081 1021 6125 1021 1021 6126 1021 1081 6127 1081 1082 6128 1082 1021 6129 1021 1082 6130 1082 1022 6131 1022 1022 6132 1022 1082 6133 1082 1083 6134 1083 1022 6135 1022 1083 6136 1083 1023 6137 1023 1023 6138 1023 1083 6139 1083 1084 6140 1084 1023 6141 1023 1084 6142 1084 1024 6143 1024 1024 6144 1024 1084 6145 1084 1085 6146 1085 1024 6147 1024 1085 6148 1085 1025 6149 1025 1025 6150 1025 1085 6151 1085 1086 6152 1086 1025 6153 1025 1086 6154 1086 1026 6155 1026 1026 6156 1026 1086 6157 1086 1087 6158 1087 1026 6159 1026 1087 6160 1087 1027 6161 1027 1027 6162 1027 1087 6163 1087 1088 6164 1088 1027 6165 1027 1088 6166 1088 1028 6167 1028 1028 6168 1028 1088 6169 1088 1089 6170 1089 1028 6171 1028 1089 6172 1089 1029 6173 1029 1029 6174 1029 1089 6175 1089 1090 6176 1090 1029 6177 1029 1090 6178 1090 1030 6179 1030 1030 6180 1030 1090 6181 1090 1091 6182 1091 1030 6183 1030 1091 6184 1091 1031 6185 1031 1031 6186 1031 1091 6187 1091 1092 6188 1092 1031 6189 1031 1092 6190 1092 1032 6191 1032 1032 6192 1032 1092 6193 1092 1093 6194 1093 1032 6195 1032 1093 6196 1093 1033 6197 1033 1033 6198 1033 1093 6199 1093 1094 6200 1094 1033 6201 1033 1094 6202 1094 1034 6203 1034 1034 6204 1034 1094 6205 1094 1095 6206 1095 1034 6207 1034 1095 6208 1095 1035 6209 1035 1035 6210 1035 1095 6211 1095 1096 6212 1096 1035 6213 1035 1096 6214 1096 1036 6215 1036 1036 6216 1036 1096 6217 1096 1097 6218 1097 1036 6219 1036 1097 6220 1097 1037 6221 1037 1037 6222 1037 1097 6223 1097 1098 6224 1098 1037 6225 1037 1098 6226 1098 1038 6227 1038 1038 6228 1038 1098 6229 1098 1099 6230 1099 1038 6231 1038 1099 6232 1099 1039 6233 1039 1039 6234 1039 1099 6235 1099 1100 6236 1100 1039 6237 1039 1100 6238 1100 1040 6239 1040 1040 6240 1040 1100 6241 1100 1101 6242 1101 1040 6243 1040 1101 6244 1101 1041 6245 1041 1041 6246 1041 1101 6247 1101 1102 6248 1102 1041 6249 1041 1102 6250 1102 1042 6251 1042 1042 6252 1042 1102 6253 1102 1103 6254 1103 1042 6255 1042 1103 6256 1103 1043 6257 1043 1043 6258 1043 1103 6259 1103 1104 6260 1104 1043 6261 1043 1104 6262 1104 1044 6263 1044 1044 6264 1044 1104 6265 1104 1105 6266 1105 1044 6267 1044 1105 6268 1105 1045 6269 1045 1045 6270 1045 1105 6271 1105 1106 6272 1106 1045 6273 1045 1106 6274 1106 1046 6275 1046 1046 6276 1046 1106 6277 1106 1107 6278 1107 1046 6279 1046 1107 6280 1107 1047 6281 1047 1047 6282 1047 1107 6283 1107 1108 6284 1108 1047 6285 1047 1108 6286 1108 1048 6287 1048 1048 6288 1048 1108 6289 1108 1109 6290 1109 1048 6291 1048 1109 6292 1109 1049 6293 1049 1049 6294 1049 1109 6295 1109 1110 6296 1110 1049 6297 1049 1110 6298 1110 1050 6299 1050 1050 6300 1050 1110 6301 1110 1111 6302 1111 1050 6303 1050 1111 6304 1111 1051 6305 1051 1051 6306 1051 1111 6307 1111 1112 6308 1112 1051 6309 1051 1112 6310 1112 1052 6311 1052 1052 6312 1052 1112 6313 1112 1113 6314 1113 1052 6315 1052 1113 6316 1113 1053 6317 1053 1053 6318 1053 1113 6319 1113 1114 6320 1114 1053 6321 1053 1114 6322 1114 1054 6323 1054 1054 6324 1054 1114 6325 1114 1115 6326 1115 1054 6327 1054 1115 6328 1115 1055 6329 1055 1055 6330 1055 1115 6331 1115 1116 6332 1116 1055 6333 1055 1116 6334 1116 1056 6335 1056 1056 6336 1056 1116 6337 1116 1117 6338 1117 1056 6339 1056 1117 6340 1117 1057 6341 1057 1057 6342 1057 1117 6343 1117 1118 6344 1118 1057 6345 1057 1118 6346 1118 1058 6347 1058 1058 6348 1058 1118 6349 1118 1119 6350 1119 1058 6351 1058 1119 6352 1119 1059 6353 1059 1059 6354 1059 1119 6355 1119 1120 6356 1120 1059 6357 1059 1120 6358 1120 1060 6359 1060 1060 6360 1060 1120 6361 1120 1121 6362 1121 1060 6363 1060 1121 6364 1121 1061 6365 1061 1061 6366 1061 1121 6367 1121 1122 6368 1122 1061 6369 1061 1122 6370 1122 1062 6371 1062 1062 6372 1062 1122 6373 1122 1123 6374 1123 1062 6375 1062 1123 6376 1123 1063 6377 1063 1063 6378 1063 1123 6379 1123 1124 6380 1124 1063 6381 1063 1124 6382 1124 1064 6383 1064 1064 6384 1064 1124 6385 1124 1125 6386 1125 1064 6387 1064 1125 6388 1125 1065 6389 1065 1065 6390 1065 1125 6391 1125 1126 6392 1126 1065 6393 1065 1126 6394 1126 1066 6395 1066 1066 6396 1066 1126 6397 1126 1127 6398 1127 1066 6399 1066 1127 6400 1127 1067 6401 1067 1067 6402 1067 1127 6403 1127 1128 6404 1128 1067 6405 1067 1128 6406 1128 1068 6407 1068 1068 6408 1068 1128 6409 1128 1129 6410 1129 1068 6411 1068 1129 6412 1129 1069 6413 1069 1069 6414 1069 1129 6415 1129 1130 6416 1130 1069 6417 1069 1130 6418 1130 1070 6419 1070 1070 6420 1070 1130 6421 1130 1131 6422 1131 1070 6423 1070 1131 6424 1131 1071 6425 1071 1071 6426 1071 1131 6427 1131 1132 6428 1132 1071 6429 1071 1132 6430 1132 1072 6431 1072 1072 6432 1072 1132 6433 1132 1133 6434 1133 1072 6435 1072 1133 6436 1133 1073 6437 1073 1073 6438 1073 1133 6439 1133 1134 6440 1134 1073 6441 1073 1134 6442 1134 1074 6443 1074 1074 6444 1074 1134 6445 1134 1135 6446 1135 1074 6447 1074 1135 6448 1135 1075 6449 1075 1075 6450 1075 1135 6451 1135 1136 6452 1136 1075 6453 1075 1136 6454 1136 1076 6455 1076 1076 6456 1076 1136 6457 1136 1137 6458 1137 1076 6459 1076 1137 6460 1137 1077 6461 1077 1077 6462 1077 1137 6463 1137 1138 6464 1138 1077 6465 1077 1138 6466 1138 1078 6467 1078 1078 6468 1078 1138 6469 1138 1139 6470 1139 1078 6471 1078 1139 6472 1139 1079 6473 1079 1079 6474 1079 1139 6475 1139 1080 6476 1080 1079 6477 1079 1080 6478 1080 1020 6479 1020 1080 6480 1080 1140 6481 1140 1141 6482 1141 1080 6483 1080 1141 6484 1141 1081 6485 1081 1081 6486 1081 1141 6487 1141 1142 6488 1142 1081 6489 1081 1142 6490 1142 1082 6491 1082 1082 6492 1082 1142 6493 1142 1143 6494 1143 1082 6495 1082 1143 6496 1143 1083 6497 1083 1083 6498 1083 1143 6499 1143 1144 6500 1144 1083 6501 1083 1144 6502 1144 1084 6503 1084 1084 6504 1084 1144 6505 1144 1145 6506 1145 1084 6507 1084 1145 6508 1145 1085 6509 1085 1085 6510 1085 1145 6511 1145 1146 6512 1146 1085 6513 1085 1146 6514 1146 1086 6515 1086 1086 6516 1086 1146 6517 1146 1147 6518 1147 1086 6519 1086 1147 6520 1147 1087 6521 1087 1087 6522 1087 1147 6523 1147 1148 6524 1148 1087 6525 1087 1148 6526 1148 1088 6527 1088 1088 6528 1088 1148 6529 1148 1149 6530 1149 1088 6531 1088 1149 6532 1149 1089 6533 1089 1089 6534 1089 1149 6535 1149 1150 6536 1150 1089 6537 1089 1150 6538 1150 1090 6539 1090 1090 6540 1090 1150 6541 1150 1151 6542 1151 1090 6543 1090 1151 6544 1151 1091 6545 1091 1091 6546 1091 1151 6547 1151 1152 6548 1152 1091 6549 1091 1152 6550 1152 1092 6551 1092 1092 6552 1092 1152 6553 1152 1153 6554 1153 1092 6555 1092 1153 6556 1153 1093 6557 1093 1093 6558 1093 1153 6559 1153 1154 6560 1154 1093 6561 1093 1154 6562 1154 1094 6563 1094 1094 6564 1094 1154 6565 1154 1155 6566 1155 1094 6567 1094 1155 6568 1155 1095 6569 1095 1095 6570 1095 1155 6571 1155 1156 6572 1156 1095 6573 1095 1156 6574 1156 1096 6575 1096 1096 6576 1096 1156 6577 1156 1157 6578 1157 1096 6579 1096 1157 6580 1157 1097 6581 1097 1097 6582 1097 1157 6583 1157 1158 6584 1158 1097 6585 1097 1158 6586 1158 1098 6587 1098 1098 6588 1098 1158 6589 1158 1159 6590 1159 1098 6591 1098 1159 6592 1159 1099 6593 1099 1099 6594 1099 1159 6595 1159 1160 6596 1160 1099 6597 1099 1160 6598 1160 1100 6599 1100 1100 6600 1100 1160 6601 1160 1161 6602 1161 1100 6603 1100 1161 6604 1161 1101 6605 1101 1101 6606 1101 1161 6607 1161 1162 6608 1162 1101 6609 1101 1162 6610 1162 1102 6611 1102 1102 6612 1102 1162 6613 1162 1163 6614 1163 1102 6615 1102 1163 6616 1163 1103 6617 1103 1103 6618 1103 1163 6619 1163 1164 6620 1164 1103 6621 1103 1164 6622 1164 1104 6623 1104 1104 6624 1104 1164 6625 1164 1165 6626 1165 1104 6627 1104 1165 6628 1165 1105 6629 1105 1105 6630 1105 1165 6631 1165 1166 6632 1166 1105 6633 1105 1166 6634 1166 1106 6635 1106 1106 6636 1106 1166 6637 1166 1167 6638 1167 1106 6639 1106 1167 6640 1167 1107 6641 1107 1107 6642 1107 1167 6643 1167 1168 6644 1168 1107 6645 1107 1168 6646 1168 1108 6647 1108 1108 6648 1108 1168 6649 1168 1169 6650 1169 1108 6651 1108 1169 6652 1169 1109 6653 1109 1109 6654 1109 1169 6655 1169 1170 6656 1170 1109 6657 1109 1170 6658 1170 1110 6659 1110 1110 6660 1110 1170 6661 1170 1171 6662 1171 1110 6663 1110 1171 6664 1171 1111 6665 1111 1111 6666 1111 1171 6667 1171 1172 6668 1172 1111 6669 1111 1172 6670 1172 1112 6671 1112 1112 6672 1112 1172 6673 1172 1173 6674 1173 1112 6675 1112 1173 6676 1173 1113 6677 1113 1113 6678 1113 1173 6679 1173 1174 6680 1174 1113 6681 1113 1174 6682 1174 1114 6683 1114 1114 6684 1114 1174 6685 1174 1175 6686 1175 1114 6687 1114 1175 6688 1175 1115 6689 1115 1115 6690 1115 1175 6691 1175 1176 6692 1176 1115 6693 1115 1176 6694 1176 1116 6695 1116 1116 6696 1116 1176 6697 1176 1177 6698 1177 1116 6699 1116 1177 6700 1177 1117 6701 1117 1117 6702 1117 1177 6703 1177 1178 6704 1178 1117 6705 1117 1178 6706 1178 1118 6707 1118 1118 6708 1118 1178 6709 1178 1179 6710 1179 1118 6711 1118 1179 6712 1179 1119 6713 1119 1119 6714 1119 1179 6715 1179 1180 6716 1180 1119 6717 1119 1180 6718 1180 1120 6719 1120 1120 6720 1120 1180 6721 1180 1181 6722 1181 1120 6723 1120 1181 6724 1181 1121 6725 1121 1121 6726 1121 1181 6727 1181 1182 6728 1182 1121 6729 1121 1182 6730 1182 1122 6731 1122 1122 6732 1122 1182 6733 1182 1183 6734 1183 1122 6735 1122 1183 6736 1183 1123 6737 1123 1123 6738 1123 1183 6739 1183 1184 6740 1184 1123 6741 1123 1184 6742 1184 1124 6743 1124 1124 6744 1124 1184 6745 1184 1185 6746 1185 1124 6747 1124 1185 6748 1185 1125 6749 1125 1125 6750 1125 1185 6751 1185 1186 6752 1186 1125 6753 1125 1186 6754 1186 1126 6755 1126 1126 6756 1126 1186 6757 1186 1187 6758 1187 1126 6759 1126 1187 6760 1187 1127 6761 1127 1127 6762 1127 1187 6763 1187 1188 6764 1188 1127 6765 1127 1188 6766 1188 1128 6767 1128 1128 6768 1128 1188 6769 1188 1189 6770 1189 1128 6771 1128 1189 6772 1189 1129 6773 1129 1129 6774 1129 1189 6775 1189 1190 6776 1190 1129 6777 1129 1190 6778 1190 1130 6779 1130 1130 6780 1130 1190 6781 1190 1191 6782 1191 1130 6783 1130 1191 6784 1191 1131 6785 1131 1131 6786 1131 1191 6787 1191 1192 6788 1192 1131 6789 1131 1192 6790 1192 1132 6791 1132 1132 6792 1132 1192 6793 1192 1193 6794 1193 1132 6795 1132 1193 6796 1193 1133 6797 1133 1133 6798 1133 1193 6799 1193 1194 6800 1194 1133 6801 1133 1194 6802 1194 1134 6803 1134 1134 6804 1134 1194 6805 1194 1195 6806 1195 1134 6807 1134 1195 6808 1195 1135 6809 1135 1135 6810 1135 1195 6811 1195 1196 6812 1196 1135 6813 1135 1196 6814 1196 1136 6815 1136 1136 6816 1136 1196 6817 1196 1197 6818 1197 1136 6819 1136 1197 6820 1197 1137 6821 1137 1137 6822 1137 1197 6823 1197 1198 6824 1198 1137 6825 1137 1198 6826 1198 1138 6827 1138 1138 6828 1138 1198 6829 1198 1199 6830 1199 1138 6831 1138 1199 6832 1199 1139 6833 1139 1139 6834 1139 1199 6835 1199 1140 6836 1140 1139 6837 1139 1140 6838 1140 1080 6839 1080 1200 6840 1200 0 6841 0 1 6842 1 1200 6843 1200 1 6844 1 0 6845 0 1200 6846 1200 1 6847 1 2 6848 2 1200 6849 1200 2 6850 2 1 6851 1 1200 6852 1200 2 6853 2 3 6854 3 1200 6855 1200 3 6856 3 2 6857 2 1200 6858 1200 3 6859 3 4 6860 4 1200 6861 1200 4 6862 4 3 6863 3 1200 6864 1200 4 6865 4 5 6866 5 1200 6867 1200 5 6868 5 4 6869 4 1200 6870 1200 5 6871 5 6 6872 6 1200 6873 1200 6 6874 6 5 6875 5 1200 6876 1200 6 6877 6 7 6878 7 1200 6879 1200 7 6880 7 6 6881 6 1200 6882 1200 7 6883 7 8 6884 8 1200 6885 1200 8 6886 8 7 6887 7 1200 6888 1200 8 6889 8 9 6890 9 1200 6891 1200 9 6892 9 8 6893 8 1200 6894 1200 9 6895 9 10 6896 10 1200 6897 1200 10 6898 10 9 6899 9 1200 6900 1200 10 6901 10 11 6902 11 1200 6903 1200 11 6904 11 10 6905 10 1200 6906 1200 11 6907 11 12 6908 12 1200 6909 1200 12 6910 12 11 6911 11 1200 6912 1200 12 6913 12 13 6914 13 1200 6915 1200 13 6916 13 12 6917 12 1200 6918 1200 13 6919 13 14 6920 14 1200 6921 1200 14 6922 14 13 6923 13 1200 6924 1200 14 6925 14 15 6926 15 1200 6927 1200 15 6928 15 14 6929 14 1200 6930 1200 15 6931 15 16 6932 16 1200 6933 1200 16 6934 16 15 6935 15 1200 6936 1200 16 6937 16 17 6938 17 1200 6939 1200 17 6940 17 16 6941 16 1200 6942 1200 17 6943 17 18 6944 18 1200 6945 1200 18 6946 18 17 6947 17 1200 6948 1200 18 6949 18 19 6950 19 1200 6951 1200 19 6952 19 18 6953 18 1200 6954 1200 19 6955 19 20 6956 20 1200 6957 1200 20 6958 20 19 6959 19 1200 6960 1200 20 6961 20 21 6962 21 1200 6963 1200 21 6964 21 20 6965 20 1200 6966 1200 21 6967 21 22 6968 22 1200 6969 1200 22 6970 22 21 6971 21 1200 6972 1200 22 6973 22 23 6974 23 1200 6975 1200 23 6976 23 22 6977 22 1200 6978 1200 23 6979 23 24 6980 24 1200 6981 1200 24 6982 24 23 6983 23 1200 6984 1200 24 6985 24 25 6986 25 1200 6987 1200 25 6988 25 24 6989 24 1200 6990 1200 25 6991 25 26 6992 26 1200 6993 1200 26 6994 26 25 6995 25 1200 6996 1200 26 6997 26 27 6998 27 1200 6999 1200 27 7000 27 26 7001 26 1200 7002 1200 27 7003 27 28 7004 28 1200 7005 1200 28 7006 28 27 7007 27 1200 7008 1200 28 7009 28 29 7010 29 1200 7011 1200 29 7012 29 28 7013 28 1200 7014 1200 29 7015 29 30 7016 30 1200 7017 1200 30 7018 30 29 7019 29 1200 7020 1200 30 7021 30 31 7022 31 1200 7023 1200 31 7024 31 30 7025 30 1200 7026 1200 31 7027 31 32 7028 32 1200 7029 1200 32 7030 32 31 7031 31 1200 7032 1200 32 7033 32 33 7034 33 1200 7035 1200 33 7036 33 32 7037 32 1200 7038 1200 33 7039 33 34 7040 34 1200 7041 1200 34 7042 34 33 7043 33 1200 7044 1200 34 7045 34 35 7046 35 1200 7047 1200 35 7048 35 34 7049 34 1200 7050 1200 35 7051 35 36 7052 36 1200 7053 1200 36 7054 36 35 7055 35 1200 7056 1200 36 7057 36 37 7058 37 1200 7059 1200 37 7060 37 36 7061 36 1200 7062 1200 37 7063 37 38 7064 38 1200 7065 1200 38 7066 38 37 7067 37 1200 7068 1200 38 7069 38 39 7070 39 1200 7071 1200 39 7072 39 38 7073 38 1200 7074 1200 39 7075 39 40 7076 40 1200 7077 1200 40 7078 40 39 7079 39 1200 7080 1200 40 7081 40 41 7082 41 1200 7083 1200 41 7084 41 40 7085 40 1200 7086 1200 41 7087 41 42 7088 42 1200 7089 1200 42 7090 42 41 7091 41 1200 7092 1200 42 7093 42 43 7094 43 1200 7095 1200 43 7096 43 42 7097 42 1200 7098 1200 43 7099 43 44 7100 44 1200 7101 1200 44 7102 44 43 7103 43 1200 7104 1200 44 7105 44 45 7106 45 1200 7107 1200 45 7108 45 44 7109 44 1200 7110 1200 45 7111 45 46 7112 46 1200 7113 1200 46 7114 46 45 7115 45 1200 7116 1200 46 7117 46 47 7118 47 1200 7119 1200 47 7120 47 46 7121 46 1200 7122 1200 47 7123 47 48 7124 48 1200 7125 1200 48 7126 48 47 7127 47 1200 7128 1200 48 7129 48 49 7130 49 1200 7131 1200 49 7132 49 48 7133 48 1200 7134 1200 49 7135 49 50 7136 50 1200 7137 1200 50 7138 50 49 7139 49 1200 7140 1200 50 7141 50 51 7142 51 1200 7143 1200 51 7144 51 50 7145 50 1200 7146 1200 51 7147 51 52 7148 52 1200 7149 1200 52 7150 52 51 7151 51 1200 7152 1200 52 7153 52 53 7154 53 1200 7155 1200 53 7156 53 52 7157 52 1200 7158 1200 53 7159 53 54 7160 54 1200 7161 1200 54 7162 54 53 7163 53 1200 7164 1200 54 7165 54 55 7166 55 1200 7167 1200 55 7168 55 54 7169 54 1200 7170 1200 55 7171 55 56 7172 56 1200 7173 1200 56 7174 56 55 7175 55 1200 7176 1200 56 7177 56 57 7178 57 1200 7179 1200 57 7180 57 56 7181 56 1200 7182 1200 57 7183 57 58 7184 58 1200 7185 1200 58 7186 58 57 7187 57 1200 7188 1200 58 7189 58 59 7190 59 1200 7191 1200 59 7192 59 58 7193 58 1200 7194 1200 59 7195 59 0 7196 0 1200 7197 1200 0 7198 0 59 7199 59 1201 7200 1201 1140 7201 1140 1141 7202 1141 1201 7203 1201 1141 7204 1141 1140 7205 1140 1201 7206 1201 1141 7207 1141 1142 7208 1142 1201 7209 1201 1142 7210 1142 1141 7211 1141 1201 7212 1201 1142 7213 1142 1143 7214 1143 1201 7215 1201 1143 7216 1143 1142 7217 1142 1201 7218 1201 1143 7219 1143 1144 7220 1144 1201 7221 1201 1144 7222 1144 1143 7223 1143 1201 7224 1201 1144 7225 1144 1145 7226 1145 1201 7227 1201 1145 7228 1145 1144 7229 1144 1201 7230 1201 1145 7231 1145 1146 7232 1146 1201 7233 1201 1146 7234 1146 1145 7235 1145 1201 7236 1201 1146 7237 1146 1147 7238 1147 1201 7239 1201 1147 7240 1147 1146 7241 1146 1201 7242 1201 1147 7243 1147 1148 7244 1148 1201 7245 1201 1148 7246 1148 1147 7247 1147 1201 7248 1201 1148 7249 1148 1149 7250 1149 1201 7251 1201 1149 7252 1149 1148 7253 1148 1201 7254 1201 1149 7255 1149 1150 7256 1150 1201 7257 1201 1150 7258 1150 1149 7259 1149 1201 7260 1201 1150 7261 1150 1151 7262 1151 1201 7263 1201 1151 7264 1151 1150 7265 1150 1201 7266 1201 1151 7267 1151 1152 7268 1152 1201 7269 1201 1152 7270 1152 1151 7271 1151 1201 7272 1201 1152 7273 1152 1153 7274 1153 1201 7275 1201 1153 7276 1153 1152 7277 1152 1201 7278 1201 1153 7279 1153 1154 7280 1154 1201 7281 1201 1154 7282 1154 1153 7283 1153 1201 7284 1201 1154 7285 1154 1155 7286 1155 1201 7287 1201 1155 7288 1155 1154 7289 1154 1201 7290 1201 1155 7291 1155 1156 7292 1156 1201 7293 1201 1156 7294 1156 1155 7295 1155 1201 7296 1201 1156 7297 1156 1157 7298 1157 1201 7299 1201 1157 7300 1157 1156 7301 1156 1201 7302 1201 1157 7303 1157 1158 7304 1158 1201 7305 1201 1158 7306 1158 1157 7307 1157 1201 7308 1201 1158 7309 1158 1159 7310 1159 1201 7311 1201 1159 7312 1159 1158 7313 1158 1201 7314 1201 1159 7315 1159 1160 7316 1160 1201 7317 1201 1160 7318 1160 1159 7319 1159 1201 7320 1201 1160 7321 1160 1161 7322 1161 1201 7323 1201 1161 7324 1161 1160 7325 1160 1201 7326 1201 1161 7327 1161 1162 7328 1162 1201 7329 1201 1162 7330 1162 1161 7331 1161 1201 7332 1201 1162 7333 1162 1163 7334 1163 1201 7335 1201 1163 7336 1163 1162 7337 1162 1201 7338 1201 1163 7339 1163 1164 7340 1164 1201 7341 1201 1164 7342 1164 1163 7343 1163 1201 7344 1201 1164 7345 1164 1165 7346 1165 1201 7347 1201 1165 7348 1165 1164 7349 1164 1201 7350 1201 1165 7351 1165 1166 7352 1166 1201 7353 1201 1166 7354 1166 1165 7355 1165 1201 7356 1201 1166 7357 1166 1167 7358 1167 1201 7359 1201 1167 7360 1167 1166 7361 1166 1201 7362 1201 1167 7363 1167 1168 7364 1168 1201 7365 1201 1168 7366 1168 1167 7367 1167 1201 7368 1201 1168 7369 1168 1169 7370 1169 1201 7371 1201 1169 7372 1169 1168 7373 1168 1201 7374 1201 1169 7375 1169 1170 7376 1170 1201 7377 1201 1170 7378 1170 1169 7379 1169 1201 7380 1201 1170 7381 1170 1171 7382 1171 1201 7383 1201 1171 7384 1171 1170 7385 1170 1201 7386 1201 1171 7387 1171 1172 7388 1172 1201 7389 1201 1172 7390 1172 1171 7391 1171 1201 7392 1201 1172 7393 1172 1173 7394 1173 1201 7395 1201 1173 7396 1173 1172 7397 1172 1201 7398 1201 1173 7399 1173 1174 7400 1174 1201 7401 1201 1174 7402 1174 1173 7403 1173 1201 7404 1201 1174 7405 1174 1175 7406 1175 1201 7407 1201 1175 7408 1175 1174 7409 1174 1201 7410 1201 1175 7411 1175 1176 7412 1176 1201 7413 1201 1176 7414 1176 1175 7415 1175 1201 7416 1201 1176 7417 1176 1177 7418 1177 1201 7419 1201 1177 7420 1177 1176 7421 1176 1201 7422 1201 1177 7423 1177 1178 7424 1178 1201 7425 1201 1178 7426 1178 1177 7427 1177 1201 7428 1201 1178 7429 1178 1179 7430 1179 1201 7431 1201 1179 7432 1179 1178 7433 1178 1201 7434 1201 1179 7435 1179 1180 7436 1180 1201 7437 1201 1180 7438 1180 1179 7439 1179 1201 7440 1201 1180 7441 1180 1181 7442 1181 1201 7443 1201 1181 7444 1181 1180 7445 1180 1201 7446 1201 1181 7447 1181 1182 7448 1182 1201 7449 1201 1182 7450 1182 1181 7451 1181 1201 7452 1201 1182 7453 1182 1183 7454 1183 1201 7455 1201 1183 7456 1183 1182 7457 1182 1201 7458 1201 1183 7459 1183 1184 7460 1184 1201 7461 1201 1184 7462 1184 1183 7463 1183 1201 7464 1201 1184 7465 1184 1185 7466 1185 1201 7467 1201 1185 7468 1185 1184 7469 1184 1201 7470 1201 1185 7471 1185 1186 7472 1186 1201 7473 1201 1186 7474 1186 1185 7475 1185 1201 7476 1201 1186 7477 1186 1187 7478 1187 1201 7479 1201 1187 7480 1187 1186 7481 1186 1201 7482 1201 1187 7483 1187 1188 7484 1188 1201 7485 1201 1188 7486 1188 1187 7487 1187 1201 7488 1201 1188 7489 1188 1189 7490 1189 1201 7491 1201 1189 7492 1189 1188 7493 1188 1201 7494 1201 1189 7495 1189 1190 7496 1190 1201 7497 1201 1190 7498 1190 1189 7499 1189 1201 7500 1201 1190 7501 1190 1191 7502 1191 1201 7503 1201 1191 7504 1191 1190 7505 1190 1201 7506 1201 1191 7507 1191 1192 7508 1192 1201 7509 1201 1192 7510 1192 1191 7511 1191 1201 7512 1201 1192 7513 1192 1193 7514 1193 1201 7515 1201 1193 7516 1193 1192 7517 1192 1201 7518 1201 1193 7519 1193 1194 7520 1194 1201 7521 1201 1194 7522 1194 1193 7523 1193 1201 7524 1201 1194 7525 1194 1195 7526 1195 1201 7527 1201 1195 7528 1195 1194 7529 1194 1201 7530 1201 1195 7531 1195 1196 7532 1196 1201 7533 1201 1196 7534 1196 1195 7535 1195 1201 7536 1201 1196 7537 1196 1197 7538 1197 1201 7539 1201 1197 7540 1197 1196 7541 1196 1201 7542 1201 1197 7543 1197 1198 7544 1198 1201 7545 1201 1198 7546 1198 1197 7547 1197 1201 7548 1201 1198 7549 1198 1199 7550 1199 1201 7551 1201 1199 7552 1199 1198 7553 1198 1201 7554 1201 1199 7555 1199 1140 7556 1140 1201 7557 1201 1140 7558 1140 1199 7559 1199</p>
        </triangles>
      </mesh>
    </geometry>
  </library_geometries>

  <library_visual_scenes>
    <visual_scene id="Scene" name="Scene">
      <node id="sail_node" name="sail" type="NODE">
        <instance_geometry url="#sail">
          <bind_material>
            <technique_common>
              <instance_material symbol="sail_mat"
                                 target="#sail_mat">
                <bind_vertex_input semantic="UVMap" input_semantic="TEXCOORD" input_set="0"/>
              </instance_material>
            </technique_common>
          </bind_material>
        </instance_geometry>
      </node>
    </visual_scene>
  </library_visual_scenes>

  <scene>
    <instance_visual_scene url="#Scene"/>
  </scene>
</COLLADA>
